{"type":"FeatureCollection","features":[{"type":"Feature","properties":{"zone":"AL","eic":"10YAL-KESH-----5","name":"Albania, OST BZ / CA / MBA","country":"AL"},"geometry":{"type":"Polygon","coordinates":[[[20.5417,41.8615],[20.5509,41.7935],[20.5003,41.7340],[20.5346,41.5852],[20.5074,41.5622],[20.4441,41.5496],[20.4520,41.4935],[20.4835,41.4654],[20.4908,41.4360],[20.5401,41.4006],[20.5234,41.3568],[20.4816,41.3411],[20.5000,41.2355],[20.5654,41.1474],[20.5769,41.0935],[20.6538,41.0752],[20.7172,40.9132],[20.7661,40.8937],[20.8374,40.9240],[20.9566,40.8947],[20.9670,40.8020],[20.9436,40.7652],[21.0185,40.6909],[21.0366,40.6397],[21.0135,40.5488],[20.9579,40.5149],[20.9368,40.4725],[20.9119,40.4595],[20.8399,40.4716],[20.8092,40.4366],[20.7706,40.4219],[20.7704,40.3625],[20.7366,40.3036],[20.6991,40.2783],[20.6964,40.2150],[20.6603,40.1788],[20.6682,40.1380],[20.6475,40.0940],[20.5777,40.0672],[20.4327,40.0638],[20.4004,40.0452],[20.3764,39.9937],[20.2979,39.9869],[20.3179,39.9183],[20.3970,39.8180],[20.3716,39.7842],[20.2800,39.8039],[20.2756,39.7600],[20.2964,39.7173],[20.2490,39.6848],[20.2460,39.6629],[20.2120,39.6670],[20.1841,39.6370],[20.0893,39.6827],[20.0160,39.7014],[19.9890,39.6867],[20.0026,39.7482],[19.9806,39.7573],[20.0141,39.8329],[20.0097,39.8656],[19.9064,39.9064],[19.9411,39.9400],[19.8634,40.0453],[19.8073,40.0528],[19.7773,40.0777],[19.7705,40.0634],[19.7326,40.1102],[19.4762,40.2136],[19.3811,40.2952],[19.3442,40.3743],[19.2895,40.4203],[19.3161,40.4378],[19.3481,40.4306],[19.4235,40.3300],[19.4749,40.3483],[19.4787,40.4539],[19.4187,40.4918],[19.3913,40.5217],[19.3864,40.5432],[19.4336,40.5059],[19.4546,40.5538],[19.4157,40.5834],[19.3916,40.5783],[19.3864,40.5507],[19.3043,40.6531],[19.3605,40.7097],[19.3688,40.8021],[19.4067,40.8207],[19.3932,40.8449],[19.4142,40.8688],[19.3811,40.9082],[19.4409,40.9486],[19.4270,40.9368],[19.4272,40.8722],[19.4378,40.8865],[19.4409,40.8722],[19.5234,40.9206],[19.4954,41.0026],[19.4796,40.9539],[19.4538,40.9239],[19.4477,40.9343],[19.4772,40.9750],[19.4749,40.9957],[19.4406,41.0206],[19.4563,41.1066],[19.4419,41.1438],[19.4637,41.1513],[19.4687,41.1875],[19.5166,41.2564],[19.4880,41.3064],[19.4189,41.3225],[19.4142,41.3827],[19.3932,41.4135],[19.4287,41.4013],[19.4451,41.4151],[19.4409,41.4408],[19.4892,41.4661],[19.5166,41.5134],[19.5141,41.5299],[19.4409,41.5853],[19.5280,41.5765],[19.5651,41.5851],[19.5848,41.6195],[19.6129,41.6052],[19.6001,41.6391],[19.5576,41.6605],[19.5781,41.6876],[19.5713,41.7704],[19.5989,41.7787],[19.5916,41.8187],[19.4329,41.8685],[19.3650,41.8523],[19.3464,41.9615],[19.3710,41.9865],[19.3505,42.0278],[19.3724,42.1042],[19.2720,42.1806],[19.4003,42.3258],[19.4120,42.3683],[19.5880,42.5328],[19.6217,42.6049],[19.6992,42.6548],[19.7221,42.6460],[19.7460,42.5989],[19.7343,42.5243],[19.7844,42.4745],[19.8195,42.4664],[19.9075,42.5063],[19.9817,42.5107],[20.0392,42.5577],[20.1525,42.4937],[20.2046,42.4200],[20.1928,42.3936],[20.2188,42.3714],[20.2377,42.3199],[20.3333,42.3178],[20.4816,42.2307],[20.5386,42.1501],[20.5521,42.0737],[20.5992,41.9605],[20.5624,41.9001],[20.5671,41.8731],[20.5417,41.8615]]]}},{"type":"Feature","properties":{"zone":"AT","eic":"10YAT-APG------L","name":"Austria, APG BZ / CA / MBA","country":"AT"},"geometry":{"type":"Polygon","coordinates":[[[16.9543,48.5573],[16.8649,48.4580],[16.8444,48.3656],[16.9019,48.3394],[16.8984,48.3161],[16.9166,48.2908],[16.9543,48.2731],[16.9819,48.1612],[17.0474,48.1309],[17.0802,48.0976],[17.0591,48.0604],[17.0750,48.0520],[17.0696,48.0356],[17.1483,48.0054],[17.0856,47.9701],[17.0957,47.9557],[17.0741,47.9321],[17.0874,47.9226],[17.0676,47.8816],[17.0040,47.8632],[17.0556,47.8123],[17.0406,47.8011],[17.0505,47.7309],[17.0753,47.7084],[16.9026,47.6820],[16.8647,47.6867],[16.8501,47.7129],[16.7974,47.6754],[16.7303,47.6859],[16.6898,47.7295],[16.5678,47.7541],[16.5311,47.7429],[16.5129,47.7060],[16.4545,47.6817],[16.4391,47.6904],[16.4078,47.6613],[16.6302,47.6220],[16.6561,47.5859],[16.6505,47.5665],[16.6891,47.5380],[16.6773,47.5098],[16.6368,47.4932],[16.6408,47.4529],[16.4819,47.3923],[16.4565,47.4118],[16.4339,47.3968],[16.4243,47.3451],[16.4732,47.2768],[16.4213,47.2431],[16.4127,47.1871],[16.4418,47.1771],[16.4336,47.1457],[16.4973,47.1496],[16.5095,47.1375],[16.4543,47.0817],[16.4931,47.0491],[16.4246,47.0240],[16.4675,47.0184],[16.4863,46.9985],[16.4155,46.9894],[16.2749,47.0043],[16.2239,46.9410],[16.1100,46.8679],[15.9816,46.8276],[15.9705,46.7430],[16.0145,46.6937],[16.0167,46.6706],[15.9869,46.6921],[15.8507,46.7244],[15.7286,46.7029],[15.6359,46.7175],[15.6269,46.6808],[15.5459,46.6718],[15.5112,46.6283],[15.4626,46.6146],[15.3881,46.6455],[15.0619,46.6495],[15.0043,46.6368],[14.9671,46.6002],[14.9335,46.6211],[14.8503,46.6011],[14.7885,46.5066],[14.7097,46.4925],[14.6799,46.4588],[14.5901,46.4344],[14.5403,46.3786],[14.5021,46.4183],[14.4509,46.4144],[14.3958,46.4409],[14.1498,46.4400],[14.0500,46.4843],[13.9823,46.4819],[13.8606,46.5152],[13.6702,46.5187],[13.4780,46.5635],[13.2311,46.5521],[13.1464,46.5849],[12.8304,46.6096],[12.7398,46.6429],[12.5473,46.6521],[12.4050,46.6901],[12.3703,46.7111],[12.3426,46.7651],[12.2691,46.7885],[12.2666,46.8681],[12.1268,46.9088],[12.1416,46.9279],[12.1111,46.9929],[12.2035,47.0533],[12.2041,47.0796],[12.1806,47.0852],[12.0149,47.0404],[11.8995,47.0277],[11.7348,46.9706],[11.6838,46.9919],[11.5964,47.0004],[11.5244,46.9883],[11.4718,47.0070],[11.4111,46.9704],[11.3138,46.9872],[11.1744,46.9638],[11.0919,46.9124],[11.0528,46.8149],[10.9969,46.7691],[10.8704,46.7640],[10.8341,46.7802],[10.7229,46.7864],[10.7169,46.7952],[10.7486,46.8194],[10.7389,46.8295],[10.6470,46.8637],[10.4862,46.8463],[10.4538,46.8644],[10.4584,46.9366],[10.3734,46.9962],[10.3136,46.9643],[10.2956,46.9226],[10.2351,46.9233],[10.2014,46.8668],[10.1113,46.8471],[9.8751,46.9274],[9.8624,46.9397],[9.8705,46.9988],[9.8579,47.0154],[9.6690,47.0561],[9.5812,47.0568],[9.6157,47.1067],[9.5818,47.1549],[9.5520,47.1668],[9.5629,47.1977],[9.5403,47.2291],[9.5470,47.2430],[9.5211,47.2628],[9.6495,47.4097],[9.6503,47.4520],[9.5845,47.4807],[9.5474,47.5345],[9.6767,47.5226],[9.7526,47.5820],[9.7821,47.5884],[9.8079,47.5763],[9.8131,47.5417],[9.9459,47.5407],[9.9826,47.4810],[10.0226,47.4879],[10.0806,47.4273],[10.0532,47.4048],[10.0828,47.3590],[10.2092,47.3724],[10.1907,47.2982],[10.1598,47.2711],[10.2393,47.2777],[10.3059,47.3021],[10.3716,47.3673],[10.4282,47.3960],[10.4519,47.4387],[10.4476,47.4725],[10.4196,47.4930],[10.4309,47.5421],[10.4142,47.5730],[10.4292,47.5770],[10.4571,47.5792],[10.4535,47.5462],[10.4825,47.5328],[10.5369,47.5298],[10.5837,47.5624],[10.7607,47.5136],[10.8586,47.5306],[10.8922,47.5148],[10.8516,47.4930],[10.8584,47.4851],[10.9598,47.4325],[10.9552,47.4096],[10.9794,47.3905],[11.0837,47.3895],[11.1938,47.4289],[11.2152,47.4229],[11.2130,47.3958],[11.2370,47.3939],[11.3056,47.4354],[11.3838,47.4448],[11.3886,47.4622],[11.3654,47.4693],[11.4126,47.5060],[11.5512,47.5136],[11.5891,47.5703],[11.6204,47.5896],[11.8203,47.5752],[11.8519,47.5991],[11.9358,47.6107],[12.1736,47.6050],[12.2067,47.6455],[12.2051,47.6722],[12.1766,47.7058],[12.2422,47.7320],[12.2233,47.6959],[12.2387,47.6789],[12.4241,47.6915],[12.4446,47.6562],[12.4965,47.6289],[12.6530,47.6751],[12.7619,47.6668],[12.7516,47.6493],[12.8131,47.6118],[12.7858,47.6026],[12.7789,47.5548],[12.9315,47.4735],[13.0018,47.4660],[13.0373,47.4930],[13.0281,47.5416],[13.0382,47.5840],[13.0720,47.6224],[13.0720,47.6594],[13.0198,47.7129],[12.9640,47.7053],[12.8920,47.7235],[12.9912,47.8471],[12.9310,47.9248],[12.8620,47.9625],[12.8306,48.0154],[12.7509,48.0747],[12.7369,48.0999],[12.7450,48.1206],[12.8625,48.1966],[12.9330,48.2092],[13.0327,48.2635],[13.2742,48.3071],[13.4055,48.3765],[13.4592,48.5163],[13.4400,48.5609],[13.4545,48.5734],[13.5207,48.5845],[13.6243,48.5653],[13.7165,48.5216],[13.7338,48.5597],[13.7742,48.5692],[13.8023,48.6117],[13.8009,48.6752],[13.8168,48.6955],[13.7835,48.7152],[13.8157,48.7664],[13.9823,48.7064],[14.0347,48.6611],[14.0062,48.6395],[14.0151,48.6203],[14.0748,48.5917],[14.3253,48.5586],[14.4053,48.5862],[14.4581,48.6431],[14.5338,48.6087],[14.5941,48.6213],[14.6051,48.6003],[14.6346,48.6023],[14.6756,48.5762],[14.6956,48.5895],[14.7038,48.6731],[14.7753,48.7240],[14.8003,48.7765],[14.9395,48.7628],[14.9510,48.7803],[14.9381,48.8028],[14.9682,48.8850],[14.9645,48.9717],[14.9820,49.0079],[15.1374,48.9930],[15.1419,48.9374],[15.2380,48.9507],[15.2745,48.9867],[15.4503,48.9448],[15.6813,48.8584],[15.8184,48.8723],[15.8332,48.8520],[15.8859,48.8420],[15.8757,48.8330],[15.8996,48.8347],[15.9317,48.8064],[16.0853,48.7428],[16.3583,48.7272],[16.4530,48.8021],[16.5195,48.8056],[16.6240,48.7833],[16.6750,48.7339],[16.7989,48.7092],[16.8730,48.7189],[16.8966,48.6969],[16.9105,48.6307],[16.9450,48.6041],[16.9543,48.5573]]]}},{"type":"Feature","properties":{"zone":"BY","eic":"10Y1001A1001A51S","name":"Belarus BZ / CA / MBA","country":"BY"},"geometry":{"type":"Polygon","coordinates":[[[23.6241,51.5159],[23.5603,51.5553],[23.5739,51.5553],[23.5434,51.5927],[23.5324,51.6589],[23.5603,51.6719],[23.5460,51.6896],[23.5592,51.6951],[23.5466,51.7135],[23.5603,51.7545],[23.6175,51.7865],[23.6286,51.8097],[23.5945,51.8432],[23.6218,51.8774],[23.6286,51.9463],[23.6764,51.9940],[23.6374,52.0844],[23.5793,52.1215],[23.5124,52.1244],[23.4846,52.1586],[23.4876,52.1816],[23.4709,52.1716],[23.4504,52.1859],[23.3913,52.1825],[23.3958,52.1995],[23.1897,52.2405],[23.1944,52.2714],[23.1656,52.2893],[23.3922,52.5096],[23.5690,52.5858],[23.7361,52.6149],[23.8689,52.6700],[23.9087,52.6998],[23.9224,52.7425],[23.9011,52.9232],[23.9179,52.9508],[23.9113,53.0050],[23.8593,53.0679],[23.8936,53.1519],[23.8006,53.2424],[23.7429,53.3654],[23.5909,53.6112],[23.5647,53.7424],[23.5298,53.7841],[23.4856,53.9392],[23.6271,53.8982],[23.7872,53.9279],[23.8283,53.9200],[23.9198,53.9477],[24.0453,53.9308],[24.1696,53.9589],[24.2291,53.9323],[24.2570,53.8940],[24.3778,53.8868],[24.5286,53.9583],[24.6668,53.9938],[24.7056,53.9642],[24.8063,53.9753],[24.8213,54.0199],[24.7824,54.0928],[24.8181,54.1101],[24.8215,54.1345],[24.9022,54.1497],[25.0719,54.1322],[25.1565,54.1757],[25.2062,54.2567],[25.3697,54.2479],[25.4593,54.2989],[25.5539,54.2312],[25.5016,54.2217],[25.5289,54.1956],[25.4857,54.1754],[25.5160,54.1447],[25.6535,54.1287],[25.7630,54.1564],[25.7719,54.2178],[25.7892,54.2362],[25.7392,54.2825],[25.7192,54.2815],[25.6959,54.3209],[25.564,54.3031],[25.5286,54.3209],[25.5299,54.3461],[25.6125,54.4217],[25.6308,54.5083],[25.7404,54.5685],[25.7399,54.6077],[25.7083,54.6630],[25.7212,54.7667],[25.7349,54.7890],[25.7784,54.8052],[25.7826,54.8696],[25.8466,54.9062],[25.8702,54.9388],[26.1386,54.9689],[26.2246,55.0548],[26.2330,55.1116],[26.2644,55.1400],[26.4287,55.1282],[26.4734,55.1456],[26.6009,55.1208],[26.6569,55.2153],[26.7655,55.2467],[26.8007,55.2733],[26.7686,55.3002],[26.6026,55.3168],[26.5253,55.3080],[26.4500,55.3270],[26.4992,55.4280],[26.5432,55.4596],[26.5321,55.5162],[26.5955,55.5680],[26.6076,55.6164],[26.5945,55.6669],[26.6156,55.6879],[26.7430,55.6828],[26.8228,55.7061],[26.9001,55.7787],[26.9810,55.8268],[27.1514,55.8324],[27.2630,55.7872],[27.3496,55.8312],[27.4388,55.7987],[27.5927,55.7942],[27.6450,55.9228],[27.7444,55.9597],[27.7812,56.0163],[27.8806,56.0638],[27.9270,56.1093],[28.1109,56.1568],[28.3109,56.0426],[28.3897,56.0885],[28.6114,56.0884],[28.6806,56.0273],[28.7063,55.9598],[28.7319,55.9467],[28.8308,55.9376],[28.8330,55.9609],[28.8597,55.9764],[29.0307,56.0241],[29.1454,56.0120],[29.2240,55.9781],[29.3956,55.9477],[29.4444,55.9069],[29.3841,55.8799],[29.3436,55.7869],[29.3634,55.7514],[29.4808,55.6810],[29.6841,55.7706],[29.8057,55.7714],[29.8694,55.8305],[29.9078,55.8432],[29.9882,55.8467],[30.1062,55.8219],[30.2002,55.8579],[30.2707,55.8306],[30.4688,55.7935],[30.4807,55.7539],[30.5874,55.7183],[30.5837,55.6791],[30.5963,55.6652],[30.6937,55.6521],[30.7421,55.5943],[30.8476,55.6110],[30.8861,55.6004],[30.9128,55.5715],[30.9197,55.5344],[30.8993,55.4991],[30.9194,55.4923],[30.8812,55.4514],[30.9186,55.4076],[30.9182,55.3877],[30.8112,55.3230],[30.7942,55.2855],[30.8568,55.2534],[30.8865,55.2045],[30.9597,55.1625],[30.9588,55.1444],[30.9840,55.1309],[30.9702,55.1014],[31.0056,55.0229],[30.9132,55.0246],[30.9066,55.0125],[30.9360,54.9732],[30.9173,54.9539],[30.8148,54.9280],[30.8261,54.8774],[30.7681,54.8299],[30.7706,54.7860],[30.9806,54.7056],[30.9990,54.6713],[31.1051,54.6682],[31.1679,54.6215],[31.0646,54.4922],[31.2090,54.4480],[31.2487,54.3767],[31.2847,54.3473],[31.2991,54.2726],[31.3246,54.2292],[31.5063,54.1439],[31.7367,54.0941],[31.7712,54.0485],[31.8226,54.0534],[31.8465,53.9923],[31.8379,53.9621],[31.8101,53.8826],[31.7446,53.7948],[31.8731,53.7771],[32.0836,53.8096],[32.2904,53.7608],[32.3718,53.7143],[32.4421,53.7139],[32.4901,53.6771],[32.3990,53.6353],[32.4294,53.5615],[32.5542,53.5107],[32.5768,53.4860],[32.6502,53.4876],[32.6467,53.4579],[32.7012,53.4621],[32.7195,53.4394],[32.7044,53.3664],[32.7174,53.3349],[32.5799,53.3243],[32.5959,53.3082],[32.5691,53.2988],[32.4548,53.3004],[32.4559,53.2777],[32.4791,53.2749],[32.4236,53.2044],[32.3528,53.1804],[32.2679,53.1247],[32.2156,53.1255],[32.2011,53.0975],[32.1172,53.0811],[32.0099,53.0999],[31.9307,53.0883],[31.7962,53.1123],[31.7562,53.1865],[31.6140,53.2097],[31.5359,53.1948],[31.4163,53.1999],[31.3785,53.1820],[31.3599,53.1338],[31.3636,53.0887],[31.3192,53.0763],[31.2470,53.0143],[31.3226,52.9771],[31.3879,52.8879],[31.5051,52.8488],[31.5239,52.8116],[31.5608,52.7870],[31.5702,52.7252],[31.4806,52.6824],[31.5790,52.5778],[31.6286,52.5480],[31.6107,52.5359],[31.5592,52.5405],[31.5759,52.5247],[31.5505,52.5118],[31.5879,52.4826],[31.5828,52.4027],[31.6080,52.3724],[31.6027,52.3409],[31.5673,52.3113],[31.6314,52.2647],[31.6994,52.2514],[31.6823,52.2019],[31.7625,52.1498],[31.7643,52.1005],[31.3830,52.1174],[31.3044,52.0974],[31.2289,52.0382],[31.0963,52.0796],[30.9593,52.0746],[30.9188,52.0591],[30.9112,52.0225],[30.9405,52.0200],[30.9412,51.9938],[30.8969,51.9983],[30.8580,51.9576],[30.8030,51.9391],[30.8106,51.9183],[30.7881,51.9006],[30.7416,51.8979],[30.7345,51.8737],[30.6619,51.8194],[30.6705,51.7905],[30.6181,51.7613],[30.6461,51.7545],[30.6249,51.7060],[30.5703,51.6999],[30.5566,51.6236],[30.5151,51.6036],[30.5431,51.5825],[30.5225,51.5627],[30.5840,51.5422],[30.5628,51.5217],[30.5853,51.5093],[30.5889,51.4818],[30.6181,51.4671],[30.5860,51.4518],[30.5878,51.4273],[30.6181,51.4187],[30.6455,51.3674],[30.6324,51.3641],[30.6383,51.3358],[30.5799,51.3036],[30.5506,51.2367],[30.4650,51.2619],[30.4280,51.2917],[30.3551,51.3052],[30.3170,51.3405],[30.3300,51.3703],[30.3201,51.4020],[30.1486,51.4844],[29.8862,51.4647],[29.8286,51.4299],[29.7379,51.4394],[29.6999,51.4837],[29.6377,51.4908],[29.5682,51.4496],[29.5054,51.4374],[29.4662,51.3850],[29.4027,51.3961],[29.3199,51.3655],[29.2970,51.3737],[29.2648,51.4329],[29.2277,51.4556],[29.2265,51.5190],[29.1604,51.6033],[29.1238,51.6250],[29.0632,51.6305],[29.0236,51.6140],[28.9808,51.5694],[28.8636,51.5589],[28.7998,51.5326],[28.7522,51.4837],[28.7516,51.4287],[28.7287,51.4012],[28.7039,51.4426],[28.6635,51.4339],[28.6373,51.4496],[28.6039,51.5535],[28.4612,51.5716],[28.3338,51.5283],[28.3109,51.5744],[28.2577,51.6017],[28.2451,51.6406],[28.2100,51.6519],[28.0708,51.5576],[27.9547,51.5607],[27.8755,51.6080],[27.8312,51.6129],[27.7995,51.5851],[27.7925,51.5172],[27.7142,51.4637],[27.6641,51.4928],[27.7051,51.5683],[27.6926,51.5892],[27.4772,51.6236],[27.4090,51.5917],[27.2674,51.5874],[27.2540,51.5953],[27.2774,51.6511],[27.1890,51.6637],[27.1778,51.7470],[27.1510,51.7567],[27.0215,51.7645],[26.9208,51.7425],[26.8547,51.7493],[26.6657,51.8013],[26.4456,51.8055],[26.4192,51.8209],[26.4077,51.8506],[26.1753,51.8567],[26.0807,51.9006],[25.7679,51.9285],[25.3519,51.9214],[25.1380,51.9489],[25.0027,51.9104],[24.7218,51.8823],[24.6397,51.8921],[24.3907,51.8800],[24.3115,51.8275],[24.2723,51.7428],[24.2441,51.7182],[23.9813,51.586],[23.9413,51.5819],[23.8848,51.6198],[23.7262,51.6448],[23.6064,51.6181],[23.5933,51.5969],[23.6262,51.5408],[23.6241,51.5159]]]}},{"type":"Feature","properties":{"zone":"BE","eic":"10YBE----------2","name":"Belgium, Elia BZ / CA / MBA","country":"BE"},"geometry":{"type":"Polygon","coordinates":[[[2.5218,51.0875],[3.1248,51.3296],[3.3494,51.3752],[3.3532,51.2886],[3.3916,51.2467],[3.5012,51.2402],[3.5143,51.2810],[3.6095,51.2904],[3.7762,51.2545],[3.7814,51.2198],[3.8086,51.2053],[3.9270,51.2062],[4.1685,51.2968],[4.2079,51.3305],[4.2214,51.3680],[4.3029,51.2960],[4.2967,51.2675],[4.3083,51.2712],[4.3308,51.2960],[4.2893,51.3091],[4.2830,51.3500],[4.2610,51.3693],[4.4112,51.3567],[4.4161,51.3739],[4.3799,51.4095],[4.3892,51.4345],[4.3771,51.4428],[4.4294,51.4619],[4.5252,51.4759],[4.5215,51.4286],[4.6301,51.4182],[4.7312,51.4856],[4.7786,51.4953],[4.8239,51.4756],[4.8226,51.4136],[4.7790,51.4264],[4.7621,51.4133],[4.9103,51.3919],[4.9571,51.4109],[5.0275,51.4768],[5.0799,51.4385],[5.0681,51.3745],[5.1229,51.3133],[5.1973,51.3083],[5.2149,51.2943],[5.2154,51.2587],[5.3890,51.2587],[5.4932,51.2865],[5.5351,51.2620],[5.5455,51.2199],[5.5683,51.2076],[5.6590,51.1790],[5.7308,51.1837],[5.7813,51.1524],[5.8291,51.1564],[5.8405,51.1389],[5.8232,51.1187],[5.8459,51.1033],[5.8049,51.0966],[5.7988,51.0614],[5.7714,51.0581],[5.7640,51.0351],[5.7775,51.0235],[5.7223,50.9594],[5.7640,50.9594],[5.7223,50.9116],[5.6223,50.8526],[5.6244,50.8302],[5.7004,50.7955],[5.6883,50.7608],[5.7065,50.7542],[5.7524,50.7734],[5.7931,50.7521],[5.9949,50.7499],[6.0115,50.7085],[6.0810,50.7134],[6.1002,50.7012],[6.1611,50.6421],[6.1477,50.6367],[6.1594,50.6223],[6.2490,50.6144],[6.2329,50.5871],[6.1606,50.5435],[6.1773,50.5301],[6.1708,50.5179],[6.1905,50.5152],[6.1825,50.5065],[6.2071,50.4863],[6.2555,50.4945],[6.3369,50.4810],[6.3232,50.4660],[6.3511,50.4335],[6.3377,50.3680],[6.3745,50.3154],[6.2859,50.3038],[6.2717,50.2674],[6.1571,50.2227],[6.1468,50.2140],[6.1651,50.1818],[6.1231,50.1648],[6.1158,50.1454],[6.1294,50.1340],[6.1174,50.1204],[6.0842,50.1593],[6.0386,50.1484],[5.9983,50.1749],[5.9616,50.1656],[5.9410,50.1283],[5.8724,50.0968],[5.8643,50.0674],[5.8377,50.0474],[5.8363,50.0185],[5.8026,50.0024],[5.8125,49.9775],[5.7637,49.9468],[5.7189,49.8913],[5.7581,49.8581],[5.7318,49.8599],[5.7277,49.8002],[5.7784,49.7730],[5.8053,49.7218],[5.8502,49.7140],[5.8457,49.6665],[5.8854,49.6435],[5.8299,49.5827],[5.8469,49.5767],[5.8374,49.5611],[5.7906,49.5377],[5.6446,49.5437],[5.6022,49.5137],[5.5475,49.5234],[5.4561,49.4989],[5.4502,49.5457],[5.4020,49.6024],[5.3348,49.6258],[5.2978,49.6132],[5.2994,49.6624],[5.2592,49.6913],[5.1694,49.6872],[5.0818,49.7527],[4.9709,49.7970],[4.8841,49.7841],[4.8490,49.7941],[4.8348,49.8530],[4.8601,49.9133],[4.7839,49.9582],[4.8267,50.0360],[4.8272,50.0640],[4.8460,50.0906],[4.8628,50.0840],[4.8626,50.1475],[4.8200,50.1464],[4.8155,50.1613],[4.7885,50.1533],[4.6819,50.0839],[4.6566,49.9890],[4.4647,49.9356],[4.2775,49.9601],[4.2011,49.9530],[4.1316,49.9749],[4.1373,50.0250],[4.2100,50.0601],[4.1805,50.1272],[4.1257,50.1281],[4.1527,50.2045],[4.2013,50.2415],[4.1976,50.2584],[4.1627,50.2729],[4.1436,50.2516],[4.1252,50.2571],[4.0978,50.2948],[4.0033,50.3440],[3.8959,50.3253],[3.8402,50.3451],[3.7550,50.3463],[3.6968,50.2982],[3.6617,50.3193],[3.6443,50.4455],[3.6082,50.4765],[3.4991,50.4867],[3.4867,50.4926],[3.4980,50.5118],[3.4771,50.5198],[3.3610,50.4897],[3.2710,50.5269],[3.2298,50.6554],[3.2437,50.6721],[3.2323,50.6959],[3.1889,50.7150],[3.1292,50.7790],[2.9714,50.7578],[2.8868,50.6966],[2.7867,50.7233],[2.6918,50.8088],[2.6204,50.8164],[2.5867,50.8454],[2.5966,50.8676],[2.5769,50.9115],[2.6116,50.9412],[2.6084,50.9611],[2.5470,51.0204],[2.5218,51.0875]]]}},{"type":"Feature","properties":{"zone":"BA","eic":"10YBA-JPCC-----D","name":"Bosnia Herzegovina, NOS BiH BZ / CA / MBA","country":"BA"},"geometry":{"type":"Polygon","coordinates":[[[17.6528,42.8911],[17.5564,42.9347],[17.6179,42.9217],[17.5806,42.9420],[17.6627,42.9656],[17.6284,43.0465],[17.5873,43.0821],[17.4420,43.1524],[17.4002,43.2160],[17.2899,43.3034],[17.2676,43.3533],[17.2864,43.4373],[17.2705,43.4632],[17.1427,43.4893],[17.0305,43.5484],[16.8238,43.7073],[16.7126,43.7715],[16.6785,43.8406],[16.5010,43.9927],[16.4396,44.0140],[16.4140,44.0558],[16.3671,44.0581],[16.3268,44.0823],[16.2755,44.1573],[16.2157,44.2081],[16.1875,44.2824],[16.2028,44.3597],[16.1382,44.3776],[16.1596,44.4161],[16.1164,44.5214],[16.0837,44.5349],[16.0266,44.5251],[16.0060,44.5410],[16.0447,44.5893],[16.0283,44.6247],[15.9689,44.6392],[15.9481,44.6781],[15.9054,44.6901],[15.8887,44.7242],[15.8056,44.6966],[15.7284,44.7691],[15.7160,44.8032],[15.7686,44.8273],[15.7734,44.8450],[15.7308,44.9272],[15.7636,44.9755],[15.7559,45.0422],[15.7837,45.1009],[15.7923,45.1898],[15.8248,45.2109],[15.8788,45.2172],[16.0204,45.2139],[16.0243,45.1843],[16.0674,45.1695],[16.1215,45.0961],[16.2129,45.0314],[16.3162,45.0012],[16.3406,45.0059],[16.3892,45.1168],[16.4355,45.1328],[16.4819,45.1995],[16.5289,45.2222],[16.8117,45.1812],[16.8307,45.2169],[16.9243,45.2845],[16.9473,45.2356],[16.9679,45.2372],[16.9611,45.2509],[16.9986,45.2314],[17.0082,45.2441],[17.0082,45.2161],[17.0363,45.2304],[17.0557,45.2004],[17.1870,45.1485],[17.2454,45.1553],[17.2689,45.1895],[17.3824,45.1396],[17.4433,45.1620],[17.4580,45.1461],[17.4477,45.1343],[17.4962,45.1416],[17.4818,45.1144],[17.5723,45.1203],[17.6299,45.1573],[17.6847,45.1639],[17.8357,45.0644],[17.9111,45.0810],[18.0034,45.1493],[18.0902,45.1079],[18.1536,45.0975],[18.1925,45.1085],[18.2023,45.1440],[18.2378,45.1574],[18.3223,45.1228],[18.4120,45.1124],[18.5170,45.0558],[18.5411,45.0552],[18.5349,45.0904],[18.5495,45.0947],[18.6166,45.0976],[18.6487,45.0626],[18.6781,45.0873],[18.7383,45.0159],[18.7917,45.0015],[18.8045,44.9738],[18.7726,44.9424],[18.7833,44.9137],[18.8896,44.8611],[19.0684,44.8748],[19.1868,44.9275],[19.2018,44.9083],[19.3101,44.9123],[19.3686,44.8871],[19.3766,44.8629],[19.3180,44.7154],[19.1883,44.5760],[19.1796,44.5382],[19.1299,44.5183],[19.1413,44.4308],[19.1071,44.3827],[19.1166,44.3437],[19.1570,44.2935],[19.2495,44.2707],[19.3073,44.2741],[19.3415,44.2458],[19.3811,44.1770],[19.4425,44.1431],[19.4657,44.1528],[19.5220,44.0850],[19.5802,44.0515],[19.6114,44.0545],[19.6104,44.0192],[19.5285,43.9772],[19.3646,43.9732],[19.2727,44.0124],[19.2435,44.0020],[19.2293,43.9576],[19.2754,43.9332],[19.3594,43.8422],[19.4616,43.7621],[19.5057,43.6736],[19.5073,43.6471],[19.4774,43.6169],[19.4895,43.5644],[19.4318,43.5711],[19.4107,43.5407],[19.3465,43.6088],[19.3008,43.5882],[19.2527,43.5886],[19.2174,43.5327],[19.1227,43.5359],[19.0960,43.5129],[19.0549,43.5067],[19.0002,43.5478],[18.9774,43.5462],[18.9110,43.5072],[18.9056,43.4906],[18.9512,43.4638],[18.9462,43.4439],[18.9682,43.4480],[19.0099,43.4109],[19.0696,43.3088],[19.0247,43.2987],[18.9924,43.2671],[18.9573,43.3258],[18.9234,43.3468],[18.8212,43.3413],[18.8335,43.3241],[18.6643,43.2331],[18.6883,43.2244],[18.6453,43.1801],[18.6205,43.1225],[18.6389,43.0202],[18.5389,43.0238],[18.4527,42.9933],[18.4340,42.9368],[18.4733,42.8625],[18.4436,42.8344],[18.4445,42.8170],[18.5500,42.6680],[18.5384,42.6183],[18.4866,42.5898],[18.4921,42.5647],[18.3852,42.5665],[18.3386,42.6025],[18.2241,42.6280],[17.9953,42.7404],[17.9044,42.8045],[17.8584,42.8169],[17.8271,42.8531],[17.8117,42.9098],[17.7867,42.9013],[17.7015,42.9195],[17.6528,42.8911]]]}},{"type":"Feature","properties":{"zone":"BG","eic":"10YCA-BULGARIA-R","name":"Bulgaria, ESO BZ / CA / MBA","country":"BG"},"geometry":{"type":"Polygon","coordinates":[[[26.2949,41.7103],[26.2118,41.7504],[26.0536,41.7015],[26.0550,41.6487],[26.1152,41.6166],[26.1312,41.5526],[26.1580,41.5423],[26.1629,41.5064],[26.1458,41.4780],[26.1756,41.4318],[26.1208,41.3577],[25.8820,41.3040],[25.8110,41.3410],[25.6799,41.2971],[25.5514,41.3156],[25.5050,41.2805],[25.2391,41.2408],[25.1018,41.3366],[24.8863,41.4006],[24.8032,41.3926],[24.7942,41.3474],[24.7744,41.3480],[24.6991,41.4089],[24.5804,41.4405],[24.5309,41.5475],[24.5101,41.5616],[24.4592,41.5495],[24.4388,41.5276],[24.2961,41.5152],[24.2864,41.5403],[24.2507,41.5634],[24.1962,41.5470],[24.1702,41.5115],[24.0765,41.5360],[24.0473,41.5257],[24.0519,41.463],[24.0347,41.4513],[24.0007,41.4641],[23.9498,41.4375],[23.8947,41.4643],[23.8515,41.4395],[23.7770,41.4290],[23.7544,41.4006],[23.6721,41.4029],[23.6124,41.3710],[23.5130,41.3977],[23.4145,41.3999],[23.3260,41.3693],[23.2877,41.3981],[23.2242,41.3790],[23.1995,41.3329],[23.1571,41.3163],[22.9169,41.3357],[22.9408,41.3498],[22.9373,41.4107],[22.9545,41.4324],[22.9360,41.6261],[22.9986,41.6931],[23.0088,41.7399],[22.9911,41.7609],[22.9459,41.7693],[22.9013,41.8604],[22.8808,41.8726],[22.8382,42.0194],[22.7989,42.0212],[22.7808,42.0431],[22.7184,42.0444],[22.5310,42.1291],[22.4814,42.1933],[22.3450,42.3134],[22.4239,42.3258],[22.4697,42.3917],[22.5088,42.4049],[22.5331,42.4575],[22.5248,42.5076],[22.4253,42.5728],[22.4420,42.6816],[22.4828,42.7337],[22.4273,42.8136],[22.5060,42.8701],[22.5636,42.8842],[22.6662,42.8719],[22.7270,42.8868],[22.7764,42.9797],[22.8290,42.9935],[22.9556,43.1082],[22.9813,43.1989],[22.8977,43.2203],[22.8269,43.2813],[22.8045,43.3289],[22.7330,43.3815],[22.6646,43.3967],[22.6378,43.4263],[22.5962,43.4291],[22.5188,43.4742],[22.4784,43.5592],[22.4662,43.6491],[22.4048,43.6871],[22.3885,43.7582],[22.3494,43.8079],[22.3995,43.9933],[22.4343,44.0139],[22.5036,44.0198],[22.5341,44.0571],[22.5929,44.0639],[22.6061,44.1745],[22.6487,44.2139],[22.6916,44.2284],[22.9064,44.1228],[23.0309,44.0930],[23.0400,44.0623],[23.0230,44.0316],[22.8858,43.9945],[22.8505,43.8969],[22.8634,43.8554],[22.8887,43.8395],[23.1318,43.8479],[23.3251,43.8865],[23.4846,43.8806],[23.5926,43.8374],[23.7428,43.8427],[23.7999,43.8184],[24.1593,43.7529],[24.3582,43.7600],[24.4663,43.8024],[24.7056,43.7437],[24.9636,43.7496],[25.0816,43.7189],[25.2523,43.7046],[25.3596,43.6542],[25.4031,43.6500],[25.5565,43.6703],[25.6713,43.7173],[25.7811,43.7320],[25.9340,43.8703],[26.0543,43.9343],[26.0793,43.9690],[26.1507,44.0124],[26.3105,44.0526],[26.7536,44.1081],[26.8841,44.1565],[27.0274,44.1770],[27.1002,44.1444],[27.2511,44.1223],[27.2853,44.0724],[27.3416,44.0530],[27.3838,44.0150],[27.5745,44.0162],[27.6334,44.0297],[27.6562,44.0238],[27.7216,43.9487],[27.9120,43.9933],[27.9810,43.8493],[28.2212,43.7619],[28.4345,43.7352],[28.5783,43.7412],[28.5730,43.6061],[28.6035,43.5381],[28.5603,43.4538],[28.4886,43.4064],[28.4731,43.3668],[28.3938,43.4142],[28.3216,43.4282],[28.1188,43.3915],[28.0175,43.2327],[27.9039,43.2023],[27.9455,43.1688],[27.9113,43.0651],[27.8835,43.0309],[27.9039,42.9422],[27.9039,42.8596],[27.8839,42.8483],[27.8922,42.7105],[27.7326,42.7145],[27.7169,42.6745],[27.7395,42.6610],[27.6284,42.6289],[27.6501,42.5580],[27.5408,42.5654],[27.5114,42.5530],[27.4801,42.4828],[27.4528,42.4801],[27.4656,42.4282],[27.4726,42.4618],[27.5141,42.4351],[27.5444,42.4600],[27.5620,42.4481],[27.6294,42.4586],[27.6433,42.4556],[27.6521,42.4185],[27.6916,42.4282],[27.7190,42.4147],[27.6980,42.4003],[27.7190,42.3867],[27.7143,42.3491],[27.7404,42.3342],[27.7804,42.3389],[27.7744,42.3217],[27.7878,42.3109],[27.7511,42.2770],[27.7558,42.2584],[27.8562,42.1813],[27.8493,42.1670],[27.9039,42.1198],[27.9865,42.0720],[28.0190,42.0084],[28.0167,41.9725],[27.8119,41.9946],[27.8027,41.9600],[27.8153,41.9467],[27.6870,41.9686],[27.6093,41.9534],[27.6033,41.9386],[27.5507,41.9242],[27.5627,41.9064],[27.5464,41.9011],[27.3968,41.9893],[27.3324,42.0574],[27.2733,42.0917],[27.2164,42.0956],[27.1738,42.0570],[27.0465,42.0829],[26.9389,41.9962],[26.8607,41.9879],[26.8194,41.9656],[26.7805,41.9834],[26.7367,41.9589],[26.6056,41.9674],[26.5429,41.9203],[26.5589,41.9017],[26.5261,41.8242],[26.3755,41.8166],[26.3200,41.7654],[26.3333,41.7130],[26.2949,41.7103]]]}},{"type":"Feature","properties":{"zone":"HR","eic":"10YHR-HEP------M","name":"Croatia, HOPS BZ / CA / MBA","country":"HR"},"geometry":{"type":"MultiPolygon","coordinates":[[[[15.3956,43.7724],[15.3089,43.8056],[15.2277,43.8744],[15.2407,43.8807],[15.3956,43.7724]]],[[[15.1377,43.9178],[15.1990,43.8776],[15.1213,43.9125],[15.0031,44.0523],[14.8701,44.1408],[14.8496,44.1756],[14.9391,44.1271],[14.9544,44.1032],[15.0073,44.0930],[15.0004,44.0794],[15.0227,44.0722],[15.0413,44.0264],[15.2202,43.9011],[15.1954,43.8952],[15.1377,43.9178]]],[[[15.2233,44.0502],[15.1218,44.0922],[15.0686,44.1339],[15.0625,44.1619],[15.2257,44.0662],[15.2544,44.0178],[15.2233,44.0502]]],[[[14.8691,44.1405],[14.8198,44.1530],[14.8224,44.1686],[14.8691,44.1405]]],[[[14.7599,44.2598],[14.7381,44.2721],[14.7531,44.2910],[14.7916,44.2725],[14.7599,44.2598]]],[[[14.5950,44.3471],[14.6435,44.3257],[14.6613,44.3086],[14.6407,44.3118],[14.5950,44.3471]]],[[[14.8112,44.3500],[14.7561,44.364],[14.7634,44.4153],[14.7828,44.4189],[14.8032,44.4055],[14.8112,44.3500]]],[[[14.7412,44.7016],[14.8452,44.6005],[14.8838,44.5796],[14.8801,44.6091],[14.9040,44.6100],[15.0039,44.5360],[15.0411,44.5274],[15.0755,44.4840],[14.9111,44.5523],[14.9659,44.5238],[15.0480,44.4394],[15.0966,44.4151],[15.0415,44.4766],[15.0832,44.4618],[15.2544,44.3400],[15.1650,44.3673],[15.2158,44.3381],[15.2270,44.3263],[15.2065,44.3263],[15.2202,44.3127],[15.1308,44.3325],[15.1723,44.2991],[15.1287,44.3119],[15.0966,44.3400],[15.1103,44.3537],[15.0892,44.3742],[15.1171,44.3871],[15.0830,44.4015],[15.0490,44.3946],[15.0207,44.4299],[14.8974,44.4909],[14.9186,44.5045],[14.8769,44.5597],[14.7614,44.6586],[14.7412,44.7016]]],[[[14.4381,44.5386],[14.4660,44.5386],[14.4226,44.5738],[14.3630,44.5734],[14.3825,44.6032],[14.3493,44.6553],[14.3357,44.7167],[14.3974,44.6856],[14.3903,44.6621],[14.4100,44.6009],[14.5343,44.4840],[14.5119,44.4822],[14.4381,44.5386]]],[[[14.2804,44.6775],[14.2566,44.6370],[14.2711,44.6125],[14.2325,44.6260],[14.2441,44.6614],[14.2804,44.6775]]],[[[14.7540,44.7577],[14.6578,44.7987],[14.7057,44.7925],[14.6994,44.8130],[14.7268,44.7987],[14.6858,44.8471],[14.7268,44.8402],[14.7199,44.8546],[14.7390,44.8534],[14.7561,44.8356],[14.7404,44.8205],[14.8224,44.7714],[14.8590,44.7173],[14.8496,44.7031],[14.7404,44.7782],[14.7540,44.7577]]],[[[14.5273,44.6271],[14.4729,44.6202],[14.4279,44.6565],[14.3945,44.7075],[14.3972,44.7516],[14.3681,44.7610],[14.3615,44.8159],[14.3298,44.8339],[14.3141,44.8937],[14.2942,44.9086],[14.3015,44.9434],[14.3596,44.9086],[14.3873,44.9090],[14.3903,44.9603],[14.4113,44.9563],[14.3767,44.9868],[14.3408,45.0556],[14.2784,45.1133],[14.3136,45.1724],[14.3562,45.1692],[14.3630,45.0935],[14.3877,45.0390],[14.4176,44.9979],[14.4734,44.9714],[14.4519,44.9223],[14.4665,44.8048],[14.4519,44.7987],[14.4729,44.7652],[14.4721,44.7079],[14.5139,44.6621],[14.5085,44.6453],[14.5275,44.6478],[14.5273,44.6271]]],[[[14.6289,44.9781],[14.6208,45.0456],[14.6032,45.0389],[14.6169,45.0246],[14.5105,45.0321],[14.4601,45.0523],[14.4250,45.0873],[14.4626,45.1010],[14.4763,45.1283],[14.5301,45.1348],[14.5212,45.1488],[14.5498,45.2214],[14.5343,45.2375],[14.5488,45.2487],[14.5958,45.2375],[14.5839,45.2301],[14.6237,45.1754],[14.5974,45.1664],[14.6652,45.1618],[14.6652,45.0873],[14.7404,45.0730],[14.7400,45.0443],[14.7998,45.0051],[14.8149,44.9774],[14.7609,44.9774],[14.7472,44.9700],[14.7568,44.9487],[14.7233,44.9433],[14.6289,44.9781]]],[[[18.4371,42.4934],[18.4928,42.4423],[18.4964,42.4163],[18.4744,42.4413],[18.2389,42.5590],[18.2205,42.5791],[18.2175,42.6201],[18.0760,42.6513],[18.0573,42.6679],[18.0773,42.6679],[18.0432,42.7020],[18.0283,42.6913],[17.9016,42.7518],[17.8807,42.7687],[17.8928,42.7908],[17.8066,42.8119],[17.7801,42.7969],[17.7209,42.8262],[17.7618,42.7787],[17.7487,42.7720],[17.7488,42.7908],[17.7287,42.8007],[17.4404,42.8733],[17.4427,42.8986],[17.4172,42.9112],[17.3509,42.9217],[17.2138,42.9826],[17.0461,42.9950],[17.0179,43.0138],[17.0281,43.0309],[17.0016,43.0515],[17.0732,43.0241],[17.2402,43.0227],[17.3904,42.9777],[17.4541,42.9422],[17.4602,42.9217],[17.5589,42.9128],[17.7414,42.8392],[17.7019,42.8684],[17.7073,42.8870],[17.6533,42.8909],[17.7015,42.9195],[17.7867,42.9013],[17.8117,42.9098],[17.8271,42.8531],[17.8584,42.8169],[17.9044,42.8045],[17.9953,42.7404],[18.2241,42.6280],[18.3386,42.6025],[18.3852,42.5665],[18.4373,42.5592],[18.4371,42.4934]]],[[[17.3537,42.7666],[17.3237,42.7908],[17.3923,42.8017],[17.3715,42.7908],[17.4860,42.7821],[17.5906,42.7429],[17.6589,42.7429],[17.7488,42.6945],[17.3537,42.7666]]],[[[16.9054,42.7317],[16.8581,42.7429],[16.8343,42.7309],[16.8098,42.7498],[16.8240,42.7640],[16.8029,42.7634],[16.8581,42.7840],[16.9339,42.7709],[16.9363,42.7555],[16.9054,42.7317]]],[[[17.2002,42.9217],[16.9729,42.9267],[16.8514,42.9007],[16.6726,42.9217],[16.6384,42.9347],[16.7067,42.9695],[16.6316,42.9826],[16.7204,42.9900],[16.8240,42.9621],[17.0320,42.9826],[17.1318,42.9695],[17.2002,42.9217]]],[[[16.2454,43.0577],[16.2102,43.0332],[16.0871,43.0114],[16.0631,43.0174],[16.0844,43.0259],[16.0791,43.0532],[16.0488,43.0651],[16.1701,43.0877],[16.1997,43.0794],[16.1928,43.0719],[16.2498,43.0794],[16.2454,43.0577]]],[[[16.6701,43.1254],[16.3715,43.1955],[16.4964,43.2180],[16.5832,43.1886],[16.5205,43.2289],[16.5627,43.2289],[16.5832,43.2159],[16.6595,43.2159],[16.6862,43.1818],[16.7277,43.1646],[16.8644,43.1688],[17.1933,43.1272],[16.6701,43.1254]]],[[[16.4057,43.3327],[16.4534,43.3531],[16.4262,43.3941],[16.4470,43.3948],[16.6876,43.3770],[16.8098,43.3531],[16.7961,43.3463],[16.8303,43.3463],[16.8923,43.3122],[16.8462,43.2733],[16.6282,43.2637],[16.5007,43.2842],[16.4218,43.3175],[16.4057,43.3327]]],[[[16.2063,43.3917],[16.2055,43.4129],[16.2770,43.4119],[16.3914,43.3463],[16.3759,43.3334],[16.3486,43.3386],[16.2063,43.3917]]],[[[16.3752,43.4901],[16.2117,43.4955],[16.2435,43.4949],[16.2644,43.5128],[16.3752,43.4901]]],[[[15.6037,43.6747],[15.6501,43.6730],[15.7404,43.6275],[15.6720,43.6374],[15.6037,43.6747]]],[[[15.2612,44.0110],[15.3840,43.9701],[15.3916,43.9422],[15.4267,43.9220],[15.4460,43.8875],[15.3586,43.9193],[15.3567,43.9353],[15.3095,43.9584],[15.2612,44.0110]]],[[[16.5942,46.4829],[16.6592,46.4641],[16.7550,46.3818],[16.7693,46.3961],[16.8504,46.3730],[16.8892,46.2921],[17.0529,46.1534],[17.1161,46.1231],[17.2085,46.1165],[17.2485,46.0802],[17.2758,46.0120],[17.3168,45.9976],[17.2901,45.9846],[17.3271,45.9720],[17.3378,45.9846],[17.3453,45.9556],[17.3891,45.9630],[17.4062,45.9436],[17.4266,45.9567],[17.5119,45.9539],[17.5911,45.9362],[17.6457,45.8918],[17.6565,45.8454],[17.8091,45.8144],[17.8580,45.7717],[17.8897,45.7921],[18.0804,45.7717],[18.2112,45.7853],[18.3176,45.7472],[18.3671,45.7581],[18.4043,45.7418],[18.4817,45.7914],[18.5302,45.7908],[18.5734,45.8166],[18.6556,45.9075],[18.7755,45.8828],[18.8048,45.9136],[18.8283,45.9057],[18.9013,45.9312],[18.9069,45.9157],[18.8728,45.8952],[18.9069,45.8679],[18.8553,45.8573],[18.8449,45.8157],[18.9001,45.7649],[18.9173,45.7065],[18.9684,45.6687],[18.9123,45.6192],[18.9035,45.5730],[18.9417,45.5389],[19.0180,45.5674],[19.1062,45.5116],[19.0772,45.4916],[19.0096,45.4986],[18.9971,45.4555],[19.0313,45.4162],[18.9755,45.3911],[18.9774,45.3712],[19.0829,45.3392],[19.1041,45.2987],[19.1584,45.2761],[19.2897,45.2363],[19.3780,45.2295],[19.4078,45.2031],[19.3906,45.1693],[19.3042,45.1665],[19.2867,45.1795],[19.2259,45.1619],[19.1853,45.1680],[19.1438,45.1995],[19.1218,45.1957],[19.1376,45.1460],[19.0448,45.1372],[19.0822,45.0849],[19.0954,45.0209],[19.0872,44.9771],[19.1185,44.9755],[19.1316,44.9531],[19.0666,44.9056],[19.0184,44.9256],[18.9914,44.9149],[19.0158,44.8656],[18.8896,44.8611],[18.7833,44.9137],[18.7726,44.9424],[18.8045,44.9738],[18.7917,45.0015],[18.7383,45.0159],[18.6840,45.0847],[18.6487,45.0626],[18.6166,45.0976],[18.5495,45.0947],[18.5349,45.0904],[18.5411,45.0552],[18.5170,45.0558],[18.4120,45.1124],[18.3223,45.1228],[18.2378,45.1574],[18.2023,45.1440],[18.1925,45.1085],[18.1536,45.0975],[18.0902,45.1079],[18.0034,45.1493],[17.9111,45.0810],[17.8357,45.0644],[17.6847,45.1639],[17.6299,45.1573],[17.5723,45.1203],[17.4818,45.1144],[17.4962,45.1416],[17.4477,45.1343],[17.4580,45.1461],[17.4433,45.1620],[17.3824,45.1396],[17.2689,45.1895],[17.2454,45.1553],[17.1870,45.1485],[17.0557,45.2004],[17.0363,45.2304],[17.0082,45.2161],[17.0082,45.2441],[16.9986,45.2314],[16.9611,45.2509],[16.9679,45.2372],[16.9473,45.2356],[16.9243,45.2845],[16.8307,45.2169],[16.8117,45.1812],[16.5289,45.2222],[16.4819,45.1995],[16.4355,45.1328],[16.3892,45.1168],[16.3406,45.0059],[16.3162,45.0012],[16.2129,45.0314],[16.1215,45.0961],[16.0674,45.1695],[16.0243,45.1843],[16.0204,45.2139],[15.8788,45.2172],[15.8248,45.2109],[15.7923,45.1898],[15.7837,45.1009],[15.7559,45.0422],[15.7636,44.9755],[15.7308,44.9272],[15.7734,44.8450],[15.7686,44.8273],[15.7160,44.8032],[15.7284,44.7691],[15.8056,44.6966],[15.8887,44.7242],[15.9054,44.6901],[15.9481,44.6781],[15.9689,44.6392],[16.0283,44.6247],[16.0447,44.5893],[16.0060,44.5410],[16.0266,44.5251],[16.0837,44.5349],[16.1164,44.5214],[16.1596,44.4161],[16.1382,44.3776],[16.2028,44.3597],[16.1875,44.2824],[16.2157,44.2081],[16.2755,44.1573],[16.3268,44.0823],[16.3671,44.0581],[16.4140,44.0558],[16.4396,44.0140],[16.5010,43.9927],[16.6785,43.8406],[16.7126,43.7715],[16.8238,43.7073],[17.0305,43.5484],[17.1427,43.4893],[17.2705,43.4632],[17.2864,43.4373],[17.2676,43.3533],[17.2899,43.3034],[17.4002,43.2160],[17.4420,43.1524],[17.5873,43.0821],[17.6284,43.0465],[17.6627,42.9656],[17.6345,42.9504],[17.5806,42.9420],[17.5156,42.9588],[17.4708,43.0134],[17.5019,43.0309],[17.4336,43.0174],[17.4602,43.0309],[17.4323,43.0362],[17.4261,43.0651],[17.4045,43.0515],[17.3162,43.1272],[17.1139,43.2132],[16.8806,43.4059],[16.6258,43.4490],[16.5246,43.5108],[16.3914,43.5108],[16.4733,43.5381],[16.4338,43.5497],[16.1176,43.5244],[16.1723,43.4896],[16.1108,43.4896],[16.1131,43.4789],[15.9594,43.5039],[15.9836,43.5210],[15.9873,43.5449],[15.9594,43.5381],[15.9253,43.5585],[15.9441,43.5667],[15.9179,43.5729],[15.9321,43.5865],[15.9179,43.5933],[15.9189,43.6287],[15.9663,43.6411],[15.9047,43.6480],[15.9529,43.6508],[15.9321,43.6684],[15.9504,43.6885],[15.9389,43.6964],[15.9311,43.6765],[15.7921,43.7544],[15.7063,43.7634],[15.6821,43.7971],[15.6174,43.8255],[15.6630,43.8129],[15.6788,43.8192],[15.4550,43.9280],[15.3580,44.0257],[15.1445,44.1954],[15.1604,44.2132],[15.1521,44.2352],[15.1103,44.2643],[15.1406,44.2824],[15.1766,44.2499],[15.2077,44.2727],[15.1853,44.2853],[15.2065,44.2853],[15.1980,44.3016],[15.2952,44.2506],[15.2817,44.2853],[15.3027,44.2991],[15.2612,44.3325],[15.4244,44.2679],[15.5035,44.2592],[15.5286,44.2717],[15.4492,44.2853],[15.4060,44.3206],[15.3079,44.3543],[15.0800,44.5360],[15.0073,44.5697],[14.8838,44.7236],[14.8951,44.7361],[14.8838,44.8614],[14.9216,44.9588],[14.8527,45.0936],[14.6578,45.1966],[14.5760,45.2622],[14.5708,45.2936],[14.5343,45.3126],[14.5554,45.2958],[14.5330,45.2838],[14.4023,45.3386],[14.3297,45.3539],[14.3115,45.3439],[14.2719,45.2901],[14.2325,45.1493],[14.2092,45.1263],[14.1793,45.1345],[14.1931,45.1056],[14.1582,45.0873],[14.1582,45.0532],[14.1438,45.0593],[14.1661,45.0189],[14.1513,44.9774],[14.1013,44.9742],[14.0688,44.9495],[14.0838,44.9863],[14.0402,45.0389],[14.0442,45.0014],[14.0756,44.9837],[14.0346,44.9563],[14.0390,44.9318],[14.0205,44.9011],[13.9726,44.9011],[13.9930,44.8812],[13.9726,44.8266],[14.0000,44.8130],[13.9248,44.8130],[13.9187,44.8290],[13.8901,44.8334],[13.9179,44.7782],[13.9031,44.7724],[13.8969,44.8130],[13.8491,44.8266],[13.8422,44.8546],[13.7871,44.8750],[13.8195,44.8676],[13.8422,44.8881],[13.7946,44.8949],[13.8081,44.9154],[13.7740,44.9638],[13.6608,45.0612],[13.6232,45.0730],[13.6368,45.0935],[13.6125,45.1178],[13.7262,45.1345],[13.5959,45.1454],[13.5822,45.1966],[13.5952,45.2508],[13.5754,45.2648],[13.6027,45.2853],[13.5754,45.3064],[13.6095,45.3201],[13.5617,45.3263],[13.5412,45.3461],[13.5549,45.3673],[13.5133,45.4362],[13.5070,45.5119],[13.5895,45.4888],[13.6241,45.4627],[13.7592,45.4631],[13.8198,45.4326],[13.8890,45.4236],[13.9826,45.4753],[13.9614,45.4931],[13.9718,45.5142],[14.0929,45.4739],[14.2186,45.4971],[14.3727,45.4778],[14.4689,45.5255],[14.4985,45.5961],[14.5809,45.6678],[14.6030,45.6035],[14.6698,45.5645],[14.6684,45.5339],[14.7812,45.4933],[14.7971,45.4651],[14.8816,45.4697],[14.9044,45.5144],[14.9226,45.5149],[15.0073,45.4808],[15.0561,45.4799],[15.1392,45.4300],[15.3251,45.4528],[15.3613,45.4820],[15.2966,45.5229],[15.2685,45.6016],[15.2973,45.6256],[15.3737,45.6402],[15.3307,45.6845],[15.2830,45.6801],[15.2508,45.7076],[15.2550,45.7234],[15.4290,45.7752],[15.4512,45.8151],[15.6260,45.8202],[15.6760,45.8416],[15.6594,45.8888],[15.6755,45.9251],[15.6742,45.9931],[15.6979,46.0362],[15.6315,46.0705],[15.5898,46.1135],[15.6043,46.1670],[15.6397,46.2076],[15.7497,46.2107],[15.8182,46.2555],[16.0192,46.2988],[16.0596,46.3323],[16.0579,46.3775],[16.1060,46.3737],[16.1438,46.3947],[16.1918,46.3697],[16.2756,46.3731],[16.2787,46.3873],[16.2509,46.4049],[16.2349,46.4933],[16.3441,46.5469],[16.4812,46.5190],[16.5776,46.4706],[16.5942,46.4829]]]]}},{"type":"Feature","properties":{"zone":"CY","eic":"10YCY-1001A0003J","name":"Cyprus, Cyprus TSO BZ / CA / MBA","country":"CY"},"geometry":{"type":"MultiPolygon","coordinates":[[[[33.6540,34.9447],[33.6325,34.8524],[33.6056,34.8217],[33.5442,34.8150],[33.5131,34.7854],[33.4386,34.7627],[33.4152,34.7584],[33.4001,34.7733],[33.3991,34.7453],[33.3708,34.7308],[33.2456,34.6982],[33.0864,34.6948],[33.0156,34.6344],[32.9625,34.6250],[32.9540,34.6429],[32.9898,34.6461],[32.9875,34.6733],[32.9136,34.6602],[32.8656,34.6787],[32.8596,34.7005],[32.8322,34.7009],[32.7986,34.6709],[32.7667,34.6761],[32.7606,34.6532],[32.7073,34.6454],[32.4758,34.7132],[32.4133,34.7534],[32.3791,34.8490],[32.3234,34.8984],[32.3313,34.9242],[32.2717,35.0728],[32.2866,35.0971],[32.3533,35.0479],[32.4138,35.0430],[32.4796,35.0829],[32.5481,35.1759],[32.6222,35.1518],[32.6598,35.1870],[32.6915,35.1837],[32.7127,35.1337],[32.7956,35.1026],[32.8259,35.0589],[32.8610,35.0650],[32.8907,35.0916],[32.9352,35.0722],[33.0373,35.1360],[33.1230,35.1306],[33.1738,35.1626],[33.2285,35.1533],[33.3012,35.1135],[33.3480,35.1549],[33.4159,35.1603],[33.4588,35.0948],[33.4463,35.0011],[33.4588,34.9777],[33.4862,34.9816],[33.4970,35.0260],[33.5195,35.0441],[33.5460,34.9949],[33.5805,35.0199],[33.7029,34.9879],[33.7015,34.9728],[33.6540,34.9447]]],[[[33.7818,34.9762],[33.7592,34.9886],[33.7943,34.9777],[33.7818,34.9762]]],[[[33.7397,35.0025],[33.7520,35.0144],[33.7520,35.0043],[33.7397,35.0025]]],[[[33.9307,35.0510],[34.0219,35.0570],[34.0991,34.9651],[34.0115,34.9876],[33.8458,34.9597],[33.8590,34.9918],[33.8293,35.0011],[33.8302,35.0230],[33.7990,35.0385],[33.8137,35.0557],[33.8551,35.0534],[33.8801,35.0730],[33.9307,35.0510]]]]}},{"type":"Feature","properties":{"zone":"CZ","eic":"10YCZ-CEPS-----N","name":"Czech Republic, CEPS BZ / CA/ MBA","country":"CZ"},"geometry":{"type":"Polygon","coordinates":[[[14.8103,50.8584],[14.9820,50.8590],[14.9966,50.9592],[14.9609,50.9926],[15.0039,51.0206],[15.1079,50.9810],[15.1444,51.0115],[15.1701,50.9779],[15.2271,50.9774],[15.2697,50.9526],[15.2560,50.8998],[15.2877,50.8548],[15.3410,50.8317],[15.3560,50.7754],[15.4417,50.8002],[15.6418,50.7557],[15.6843,50.7314],[15.7922,50.7426],[15.8481,50.6751],[15.9414,50.6883],[15.9714,50.6786],[15.9986,50.6355],[15.9820,50.6036],[16.0244,50.6085],[16.0864,50.6467],[16.1754,50.6240],[16.2320,50.6608],[16.3316,50.6440],[16.4259,50.5675],[16.3944,50.5593],[16.3911,50.5218],[16.3526,50.4927],[16.2877,50.4927],[16.2112,50.4512],[16.2179,50.4371],[16.1980,50.4400],[16.1901,50.4241],[16.1995,50.4062],[16.2320,50.4026],[16.2625,50.3644],[16.3437,50.3699],[16.3710,50.3183],[16.4377,50.2979],[16.5350,50.2077],[16.5666,50.1422],[16.6606,50.0930],[16.7012,50.0949],[16.8177,50.1867],[16.8809,50.1915],[16.9189,50.2170],[16.9552,50.2134],[16.9603,50.2319],[17.0148,50.2184],[16.9878,50.2849],[16.9265,50.3192],[16.8658,50.4084],[16.8657,50.4224],[16.8929,50.4329],[17.1316,50.3768],[17.1876,50.3784],[17.2108,50.3364],[17.3374,50.3130],[17.3190,50.3082],[17.3417,50.2597],[17.3880,50.2726],[17.4241,50.2405],[17.4693,50.2655],[17.6295,50.2621],[17.6845,50.3123],[17.7079,50.3110],[17.7344,50.2894],[17.7191,50.2527],[17.7475,50.2175],[17.6753,50.1747],[17.5894,50.1632],[17.5841,50.1458],[17.6327,50.1063],[17.7319,50.0948],[17.7194,50.0808],[17.7632,50.0252],[17.8393,49.9736],[17.8757,49.9686],[18.0324,50.0028],[18.0357,50.0172],[18.0068,50.0241],[18.0024,50.0467],[18.0916,50.0172],[18.0851,49.9987],[18.0981,49.9890],[18.2558,49.9460],[18.2924,49.9078],[18.3688,49.9320],[18.4817,49.8966],[18.5592,49.9071],[18.5672,49.8614],[18.5938,49.8522],[18.5663,49.8315],[18.5667,49.8047],[18.6177,49.7138],[18.7276,49.6689],[18.7884,49.6685],[18.8345,49.5476],[18.8331,49.5102],[18.7735,49.5048],[18.7325,49.4802],[18.6358,49.4967],[18.5356,49.4816],[18.5146,49.4406],[18.4167,49.3854],[18.3876,49.3897],[18.3851,49.3422],[18.1605,49.2587],[18.1177,49.2025],[18.1029,49.0922],[18.0755,49.0471],[18.0128,49.0191],[17.9140,49.0104],[17.8787,48.9335],[17.7955,48.9205],[17.7272,48.8629],[17.5350,48.8129],[17.4533,48.8427],[17.3743,48.8196],[17.2602,48.8577],[17.1674,48.8597],[17.1137,48.8339],[17.0253,48.7463],[16.9450,48.6041],[16.9105,48.6307],[16.8966,48.6969],[16.8730,48.7189],[16.7989,48.7092],[16.6750,48.7339],[16.6431,48.7782],[16.5195,48.8056],[16.4357,48.7945],[16.3849,48.7370],[16.3583,48.7272],[16.0853,48.7428],[15.9317,48.8064],[15.8996,48.8347],[15.8757,48.8330],[15.8859,48.8420],[15.8332,48.8520],[15.8184,48.8723],[15.6813,48.8584],[15.4503,48.9448],[15.2745,48.9867],[15.2380,48.9507],[15.1419,48.9374],[15.1374,48.9930],[15.0039,49.0097],[14.9788,49.0062],[14.9645,48.9717],[14.9682,48.8850],[14.9381,48.8028],[14.9510,48.7803],[14.9395,48.7628],[14.8003,48.7765],[14.7753,48.7240],[14.7038,48.6731],[14.6956,48.5895],[14.6756,48.5762],[14.6346,48.6023],[14.6051,48.6003],[14.5941,48.6213],[14.5338,48.6087],[14.4581,48.6431],[14.4053,48.5862],[14.3157,48.5579],[14.0408,48.6011],[14.0062,48.6395],[14.0321,48.6672],[13.9911,48.7001],[13.8157,48.7664],[13.7246,48.8673],[13.6373,48.8934],[13.6086,48.9461],[13.5159,48.9702],[13.4822,48.9376],[13.4272,48.9599],[13.3841,48.9930],[13.3723,49.0385],[13.2995,49.0936],[13.1785,49.1183],[13.0112,49.2677],[12.9998,49.2949],[12.8846,49.3395],[12.8566,49.3222],[12.7779,49.3325],[12.7293,49.3911],[12.6435,49.4294],[12.6229,49.5098],[12.5828,49.5224],[12.5466,49.5955],[12.5019,49.6197],[12.4963,49.6699],[12.4195,49.7002],[12.3836,49.7428],[12.4526,49.7797],[12.4624,49.8312],[12.4825,49.8272],[12.5240,49.9049],[12.4626,49.9312],[12.4681,49.9702],[12.4513,49.9805],[12.2468,50.0449],[12.2325,50.0805],[12.1791,50.1179],[12.1750,50.1826],[12.0795,50.2427],[12.1109,50.2766],[12.0761,50.3151],[12.1493,50.3117],[12.1685,50.3029],[12.1780,50.2687],[12.2396,50.2565],[12.2299,50.2348],[12.2543,50.2174],[12.2732,50.1723],[12.3004,50.1608],[12.3143,50.1673],[12.3086,50.2170],[12.3364,50.2585],[12.3981,50.3151],[12.4668,50.3418],[12.4750,50.3694],[12.5102,50.3887],[12.6918,50.3946],[12.7379,50.4315],[12.8173,50.4430],[12.9525,50.4041],[12.9966,50.4336],[13.0096,50.4926],[13.1601,50.4970],[13.1990,50.5253],[13.2323,50.5820],[13.3056,50.5757],[13.3218,50.6023],[13.3687,50.6283],[13.4070,50.6013],[13.4479,50.5972],[13.5232,50.6621],[13.5156,50.6910],[13.5565,50.7067],[13.8345,50.7236],[13.8821,50.7427],[13.8925,50.7804],[13.9595,50.8020],[14.0349,50.8025],[14.1907,50.8479],[14.2321,50.8793],[14.3465,50.8802],[14.3758,50.8959],[14.3818,50.9208],[14.2928,50.9534],[14.3037,50.9697],[14.2383,50.9824],[14.2875,51.0368],[14.3565,51.0323],[14.3978,51.0131],[14.4620,51.0196],[14.4821,51.0371],[14.5029,51.0085],[14.5743,50.9754],[14.5503,50.9120],[14.6292,50.9207],[14.6131,50.8455],[14.7004,50.8159],[14.7753,50.8129],[14.8103,50.8584]]]}},{"type":"Feature","properties":{"zone":"EE","eic":"10Y1001A1001A39I","name":"Estonia, Elering BZ / CA / MBA","country":"EE"},"geometry":{"type":"MultiPolygon","coordinates":[[[[23.2701,57.7856],[23.2177,57.8009],[23.2242,57.8237],[23.2706,57.8078],[23.2701,57.7856]]],[[[24.0133,58.1535],[24.0221,58.1298],[24.0024,58.1085],[23.9707,58.0995],[23.9433,58.1131],[23.9379,58.1372],[23.9553,58.1518],[24.0133,58.1535]]],[[[23.3332,58.4563],[23.3249,58.4422],[23.2614,58.4658],[23.2376,58.4563],[23.2780,58.4365],[23.2348,58.4398],[23.1565,58.4775],[23.1303,58.4395],[23.0842,58.4296],[23.0867,58.3949],[23.0424,58.3714],[23.0219,58.3632],[22.9548,58.3810],[22.9475,58.3726],[22.9694,58.3601],[22.9026,58.3118],[22.8112,58.2734],[22.7212,58.2703],[22.7101,58.2577],[22.7566,58.2422],[22.7231,58.2254],[22.6692,58.2215],[22.6549,58.2446],[22.6213,58.2527],[22.5649,58.2351],[22.5350,58.2540],[22.5041,58.2235],[22.4768,58.2451],[22.3234,58.2066],[22.2717,58.1742],[22.2653,58.1150],[22.1998,58.0260],[22.2029,57.9939],[22.0483,57.9151],[22.0168,57.9144],[21.9633,57.9840],[21.9975,57.9840],[22.0857,58.0825],[22.1477,58.0795],[22.2029,58.1478],[22.0722,58.1758],[21.9938,58.2446],[21.8678,58.2645],[21.8432,58.3021],[21.9082,58.2987],[21.8733,58.3416],[21.8945,58.3465],[21.9445,58.3187],[21.9633,58.3266],[21.9549,58.3440],[21.9680,58.3545],[22.0112,58.3539],[21.9459,58.4322],[21.8323,58.5109],[21.9013,58.4979],[21.9284,58.5183],[21.9956,58.5125],[22.0893,58.4221],[22.1036,58.4872],[22.1945,58.5458],[22.2155,58.5441],[22.2288,58.5105],[22.2732,58.5020],[22.2883,58.5693],[22.3219,58.5847],[22.4630,58.5929],[22.5831,58.6345],[22.6481,58.5867],[22.6821,58.6003],[22.7363,58.5880],[22.8113,58.6229],[22.9897,58.6017],[23.0910,58.5709],[23.1482,58.5215],[23.2551,58.5000],[23.3332,58.4563]]],[[[24.3061,57.8681],[24.3982,58.0232],[24.4641,58.0721],[24.4729,58.1547],[24.4548,58.1964],[24.4709,58.2509],[24.5485,58.2892],[24.5603,58.3123],[24.5510,58.3337],[24.4441,58.3861],[24.3618,58.3972],[24.3159,58.3799],[24.2868,58.3185],[24.2433,58.2802],[24.1560,58.2768],[24.1116,58.2410],[23.9802,58.3184],[23.8335,58.3539],[23.7409,58.3430],[23.7189,58.3995],[23.6774,58.4352],[23.6789,58.5241],[23.5843,58.5448],[23.5612,58.5831],[23.5163,58.5546],[23.5014,58.5624],[23.5182,58.6037],[23.4977,58.6966],[23.5466,58.7096],[23.5300,58.7228],[23.5330,58.7474],[23.5844,58.7379],[23.6970,58.7511],[23.8025,58.7306],[23.7854,58.7779],[23.8743,58.7716],[23.7841,58.8009],[23.7576,58.7853],[23.7395,58.798],[23.6033,58.7948],[23.4294,58.7648],[23.4665,58.8007],[23.5261,58.8197],[23.4636,58.8641],[23.4223,58.9086],[23.4220,58.9286],[23.4436,58.9440],[23.5844,58.9535],[23.6276,58.9791],[23.6215,59.0153],[23.5598,59.0528],[23.6144,59.0112],[23.5803,59.0050],[23.5529,58.9708],[23.4612,58.9923],[23.4083,59.0255],[23.4362,59.0255],[23.4349,59.0560],[23.4907,59.0882],[23.5182,59.0733],[23.5193,59.1249],[23.4708,59.2121],[23.5256,59.2304],[23.5784,59.2263],[23.6418,59.2573],[23.7304,59.2304],[23.7429,59.2501],[23.7236,59.2650],[23.7568,59.2836],[24.0385,59.2932],[24.0805,59.2713],[24.1001,59.2945],[24.0193,59.3672],[24.0348,59.3886],[24.0805,59.3954],[24.1648,59.3540],[24.2219,59.3551],[24.1630,59.4022],[24.3061,59.4190],[24.3338,59.4706],[24.4225,59.4774],[24.4983,59.4438],[24.5481,59.4629],[24.6425,59.4364],[24.6565,59.4498],[24.6218,59.4706],[24.6585,59.4720],[24.6749,59.4960],[24.7443,59.4472],[24.7726,59.4501],[24.8157,59.4893],[24.7835,59.5198],[24.7726,59.5599],[24.8034,59.5705],[24.9344,59.5080],[25.0122,59.5183],[25.0978,59.4978],[25.1164,59.5031],[25.1079,59.5289],[25.1455,59.5391],[25.4094,59.4910],[25.4023,59.5143],[25.4157,59.5270],[25.5437,59.5351],[25.4970,59.5708],[25.4819,59.6111],[25.4848,59.6698],[25.6223,59.5804],[25.6767,59.5660],[25.7059,59.5692],[25.7185,59.5875],[25.6848,59.6286],[25.6906,59.6493],[25.6706,59.6555],[25.6946,59.6708],[25.7805,59.6356],[25.7937,59.5912],[25.8261,59.5752],[25.8613,59.5861],[25.8830,59.6313],[25.9445,59.5946],[25.9650,59.5973],[25.9643,59.6214],[25.9885,59.6343],[26.0363,59.6232],[26.0909,59.5856],[26.2800,59.5873],[26.4978,59.5399],[26.5847,59.5599],[26.6650,59.5519],[26.8269,59.4769],[26.9376,59.4501],[27.4090,59.4518],[27.8733,59.4076],[27.9534,59.4281],[28.0190,59.4817],[28.1048,59.4392],[28.1377,59.4003],[28.1864,59.3749],[28.1818,59.3560],[28.1575,59.3640],[28.0006,59.3337],[28.0968,59.3194],[28.0766,59.3052],[27.9597,59.3064],[27.8823,59.2756],[27.8907,59.2580],[27.8424,59.1611],[27.7133,58.9919],[27.4777,58.8754],[27.4106,58.7548],[27.5548,58.3952],[27.4941,58.3195],[27.4828,58.2686],[27.4953,58.2214],[27.6304,58.0882],[27.6315,58.0041],[27.6690,57.9919],[27.6751,57.9678],[27.6649,57.9184],[27.7744,57.8907],[27.7993,57.8610],[27.7007,57.8248],[27.5246,57.8073],[27.5538,57.7947],[27.5024,57.7725],[27.5077,57.7147],[27.3914,57.6802],[27.3770,57.6567],[27.3820,57.6026],[27.3280,57.5831],[27.3529,57.5276],[27.3199,57.5161],[27.0853,57.5494],[26.9810,57.6089],[26.8726,57.6271],[26.7957,57.5713],[26.6669,57.5648],[26.5900,57.5203],[26.5422,57.5281],[26.4995,57.5158],[26.4309,57.5617],[26.2971,57.5991],[26.1685,57.7040],[26.0247,57.7743],[26.0145,57.8428],[25.7926,57.8559],[25.7302,57.9231],[25.6015,57.9122],[25.5583,57.9342],[25.5416,57.9628],[25.4571,57.9840],[25.3966,58.0231],[25.3245,58.0347],[25.2816,58.0734],[25.2506,58.0684],[25.2495,58.0511],[25.2843,58.0081],[25.2324,57.9853],[25.2021,57.9919],[25.1669,58.0587],[25.0942,58.0673],[24.9493,58.0064],[24.8725,58.0004],[24.8168,57.9766],[24.7335,57.9921],[24.6848,57.9475],[24.5338,57.9450],[24.4416,57.9080],[24.3781,57.8594],[24.3061,57.8681]]],[[[23.3715,58.5387],[23.2238,58.5354],[23.0593,58.6034],[23.0628,58.6245],[23.1209,58.6283],[23.1346,58.6618],[23.1757,58.6810],[23.2883,58.6664],[23.3437,58.6447],[23.3475,58.6071],[23.3971,58.5636],[23.3715,58.5387]]],[[[22.0446,58.9361],[22.0555,58.9527],[22.0942,58.9560],[22.4630,58.9708],[22.4420,58.9846],[22.4884,58.9811],[22.4875,59.0164],[22.5592,59.0383],[22.5871,59.0869],[22.6666,59.0849],[22.7141,59.0695],[22.6915,59.0411],[22.7366,59.0050],[22.8371,59.0086],[22.9340,58.9840],[22.9495,58.9708],[22.9495,58.9361],[23.0151,58.8917],[23.0405,58.8407],[23.0190,58.8290],[22.9567,58.8473],[22.9422,58.8342],[22.8795,58.8327],[22.8671,58.8200],[22.8869,58.8118],[22.8867,58.7904],[22.8453,58.7765],[22.7783,58.7921],[22.8269,58.8191],[22.8193,58.8296],[22.7775,58.8243],[22.7366,58.8064],[22.6549,58.7027],[22.5556,58.6869],[22.4630,58.7164],[22.4972,58.7375],[22.4494,58.7868],[22.4397,58.8413],[22.3820,58.8822],[22.3249,58.8966],[22.1949,58.8880],[22.0446,58.9361]]],[[[23.3742,58.9755],[23.3400,58.9839],[23.2785,58.9706],[23.2233,58.9839],[23.1632,58.9689],[23.1141,59.0217],[23.1482,59.0444],[23.3442,59.0392],[23.3896,59.0075],[23.3742,58.9755]]],[[[24.5162,59.5442],[24.4891,59.5596],[24.5004,59.5962],[24.5158,59.5980],[24.5500,59.5577],[24.5162,59.5442]]]]}},{"type":"Feature","properties":{"zone":"FI","eic":"10YFI-1--------U","name":"Finland, Fingrid BZ / CA / MBA","country":"FI"},"geometry":{"type":"MultiPolygon","coordinates":[[[[21.6543,60.1558],[21.6132,60.1290],[21.6369,60.1236],[21.6131,60.1021],[21.5144,60.0973],[21.4822,60.1148],[21.5581,60.1216],[21.4965,60.1353],[21.5710,60.1703],[21.6543,60.1558]]],[[[21.4489,60.1906],[21.3805,60.1626],[21.2706,60.1906],[21.3532,60.2110],[21.3943,60.1908],[21.4489,60.1906]]],[[[21.6017,60.2225],[21.5634,60.2262],[21.5869,60.2693],[21.6267,60.2525],[21.6017,60.2225]]],[[[21.3571,60.3581],[21.3038,60.3642],[21.2961,60.3775],[21.3198,60.3915],[21.3380,60.3833],[21.3571,60.3581]]],[[[21.4631,60.5257],[21.4631,60.4922],[21.4336,60.4890],[21.4426,60.4711],[21.3922,60.4899],[21.3601,60.5331],[21.3361,60.5194],[21.3259,60.5431],[21.3338,60.5573],[21.3942,60.5598],[21.4822,60.5257],[21.4631,60.5257]]],[[[21.2605,60.5197],[21.2291,60.5598],[21.2784,60.5423],[21.3248,60.4820],[21.2502,60.4984],[21.2605,60.5197]]],[[[21.2331,60.5938],[21.2138,60.6163],[21.2706,60.6430],[21.2911,60.6151],[21.2815,60.5756],[21.2986,60.5673],[21.2331,60.5938]]],[[[21.2631,60.8302],[21.1894,60.8605],[21.2673,60.8510],[21.2631,60.8302]]],[[[21.2952,60.8996],[21.3122,60.923],[21.2434,60.9508],[21.3049,60.9713],[21.3742,60.9304],[21.3278,60.9101],[21.3181,60.8801],[21.2024,60.8894],[21.2952,60.8996]]],[[[21.3466,61.1775],[21.3464,61.1962],[21.3800,61.2140],[21.3891,61.1922],[21.4316,61.1714],[21.3466,61.1775]]],[[[21.5078,61.6180],[21.4783,61.6208],[21.4599,61.6293],[21.5239,61.6331],[21.5078,61.6180]]],[[[21.1364,62.9672],[21.1593,62.9754],[21.1318,62.9928],[21.1516,63.0103],[21.2073,62.9861],[21.2219,62.9513],[21.1681,62.9459],[21.1364,62.9672]]],[[[21.4283,63.1984],[21.3639,63.1936],[21.3805,63.2058],[21.3628,63.2062],[21.2911,63.1779],[21.3185,63.1649],[21.3015,63.1561],[21.2434,63.1507],[21.1888,63.1915],[21.1472,63.1821],[21.1335,63.1984],[21.1545,63.2058],[21.1027,63.2359],[21.0789,63.2877],[21.1202,63.2719],[21.2434,63.2809],[21.1950,63.2257],[21.2867,63.2113],[21.2911,63.2394],[21.3157,63.2519],[21.3963,63.2606],[21.4221,63.2468],[21.4148,63.2204],[21.4283,63.1984]]],[[[21.2291,63.3288],[21.3459,63.3637],[21.3742,63.3492],[21.3582,63.3156],[21.3185,63.2877],[21.3152,63.3040],[21.2775,63.3014],[21.2291,63.3288]]],[[[21.9393,60.1162],[21.9357,60.1312],[21.9620,60.1378],[22.0123,60.1227],[21.9393,60.1162]]],[[[21.8877,60.1837],[21.8460,60.1701],[21.8678,60.1558],[21.7915,60.1558],[21.8261,60.1496],[21.7832,60.1232],[21.6958,60.1216],[21.7225,60.1496],[21.7081,60.1717],[21.7436,60.1906],[21.8535,60.1967],[21.8877,60.1837]]],[[[21.9777,60.1354],[21.9353,60.1763],[22.0417,60.2114],[22.0720,60.1967],[22.0112,60.1701],[22.0378,60.1558],[21.9777,60.1354]]],[[[22.2322,60.1849],[22.2092,60.2042],[22.2224,60.2238],[22.2716,60.2529],[22.2917,60.2451],[22.2968,60.2212],[22.2322,60.1849]]],[[[22.3317,60.2694],[22.2155,60.2531],[22.2008,60.2543],[22.2166,60.2656],[22.2039,60.2763],[22.1811,60.2813],[22.1408,60.2787],[22.1818,60.2787],[22.1633,60.2592],[22.0800,60.2694],[22.0766,60.2835],[22.1067,60.3134],[22.2497,60.3114],[22.3213,60.2970],[22.3396,60.2862],[22.3317,60.2694]]],[[[22.0083,60.2973],[21.9831,60.2849],[21.9729,60.2853],[22.0083,60.2973]]],[[[21.8797,60.3105],[21.9598,60.3121],[21.9753,60.3025],[21.9568,60.2813],[21.9259,60.2772],[21.8849,60.2894],[21.8797,60.3105]]],[[[22.1570,60.3583],[22.2557,60.3741],[22.2996,60.3675],[22.1910,60.3417],[22.1570,60.3583]]],[[[22.1468,60.3804],[22.2062,60.3825],[22.2075,60.3755],[22.1042,60.3541],[22.1468,60.3804]]],[[[21.9138,60.3294],[21.7941,60.3739],[21.7922,60.3969],[21.8460,60.4096],[21.7983,60.4437],[21.8081,60.4667],[21.8923,60.4492],[21.9503,60.4021],[21.8945,60.3959],[21.9975,60.3550],[21.9633,60.3476],[21.9975,60.3339],[21.9138,60.3294]]],[[[21.7418,60.5264],[21.7641,60.5257],[21.7605,60.5120],[21.6879,60.4553],[21.6909,60.4840],[21.7418,60.5264]]],[[[22.0686,63.2838],[22.0888,63.2946],[22.0691,63.3185],[22.1101,63.3289],[22.1956,63.3097],[22.2263,63.3406],[22.2462,63.3070],[22.2086,63.2732],[22.1144,63.2841],[22.1585,63.2740],[22.1442,63.2514],[22.0854,63.2617],[22.0686,63.2838]]],[[[22.0138,63.2777],[22.0045,63.2911],[21.9899,63.2775],[21.9743,63.2868],[21.9890,63.3103],[22.0299,63.3084],[22.0075,63.3248],[22.0608,63.3021],[22.0466,63.2821],[22.0138,63.2777]]],[[[21.9489,63.3338],[21.9964,63.3847],[22.0960,63.3834],[22.0761,63.3600],[22.0127,63.3637],[21.9489,63.3338]]],[[[22.4160,59.8529],[22.4218,59.8656],[22.5128,59.8737],[22.4436,59.8514],[22.4160,59.8529]]],[[[23.9235,59.9693],[23.8707,59.9467],[23.8474,59.9546],[23.8702,59.9728],[23.9235,59.9693]]],[[[22.9266,60.0653],[22.8722,60.0060],[22.8510,60.0278],[22.8557,60.0413],[22.8833,60.0431],[22.8551,60.0555],[22.8632,60.0625],[22.9266,60.0653]]],[[[22.4494,60.0664],[22.4426,59.9975],[22.4095,60.0093],[22.3828,59.9925],[22.3532,60.0322],[22.3548,60.0756],[22.3706,60.0807],[22.3872,60.0516],[22.4083,60.0528],[22.4018,60.0757],[22.4304,60.0818],[22.4494,60.0664]]],[[[22.9572,60.0888],[22.8989,60.081],[22.8450,60.0857],[22.9170,60.1250],[22.9616,60.1043],[22.9572,60.0888]]],[[[22.9304,60.2572],[22.8398,60.2011],[22.8403,60.1701],[22.8193,60.1626],[22.8403,60.1558],[22.8468,60.1110],[22.7304,60.0465],[22.7579,60.0322],[22.7298,60.0049],[22.6821,59.9975],[22.6549,60.0322],[22.6002,59.9845],[22.5989,60.0080],[22.5748,60.0170],[22.5934,60.0465],[22.5299,60.0082],[22.4699,59.9975],[22.4736,60.0909],[22.4221,60.1148],[22.6002,60.1421],[22.4152,60.1496],[22.4480,60.2213],[22.4773,60.2246],[22.4510,60.1885],[22.4664,60.1837],[22.8149,60.2269],[22.8909,60.2855],[22.9563,60.2929],[22.9304,60.2572]]],[[[22.3332,60.1540],[22.2883,60.1498],[22.3045,60.1887],[22.3855,60.1952],[22.3199,60.1640],[22.3332,60.1540]]],[[[25.8206,60.1972],[25.8220,60.2162],[25.8762,60.2172],[25.8520,60.1997],[25.8206,60.1972]]],[[[25.6844,60.2451],[25.6437,60.2280],[25.6359,60.2042],[25.6033,60.2153],[25.6223,60.2383],[25.5920,60.2425],[25.5644,60.2782],[25.5817,60.2963],[25.6844,60.2451]]],[[[22.3982,60.3550],[22.4016,60.3413],[22.4773,60.3209],[22.3674,60.2929],[22.3879,60.3209],[22.3128,60.3209],[22.3502,60.3478],[22.3982,60.3550]]],[[[26.5485,60.3783],[26.5071,60.4034],[26.5747,60.4217],[26.5934,60.4459],[26.6525,60.4269],[26.5730,60.4053],[26.5485,60.3783]]],[[[22.8288,63.7763],[22.8020,63.7381],[22.7820,63.7448],[22.7760,63.7281],[22.7395,63.7205],[22.6814,63.7634],[22.7638,63.7914],[22.8288,63.7763]]],[[[28.4442,68.8658],[28.7282,68.8650],[28.8014,68.8354],[28.7163,68.7279],[28.4479,68.5297],[28.4609,68.4910],[28.6903,68.1831],[29.3308,68.0726],[29.6511,67.8235],[30.0094,67.6858],[29.9776,67.6622],[29.9599,67.5715],[29.9162,67.5081],[29.5198,67.2981],[29.4906,67.2629],[29.4293,67.2327],[29.0999,66.9911],[29.0515,66.9078],[29.0891,66.8375],[29.3222,66.6800],[29.4094,66.5684],[29.5244,66.4912],[29.5696,66.3781],[29.6508,66.2878],[29.9001,66.1080],[29.9584,65.9738],[30.0751,65.8228],[30.1117,65.7120],[30.1139,65.6655],[30.0985,65.6563],[30.0030,65.6781],[29.7028,65.6293],[29.8385,65.5648],[29.7263,65.4915],[29.7201,65.3290],[29.5800,65.2353],[29.6266,65.2152],[29.8331,65.2050],[29.8392,65.1669],[29.8081,65.1353],[29.8501,65.1215],[29.8204,65.0936],[29.6678,65.0779],[29.5983,65.0343],[29.5881,64.9914],[29.6336,64.9071],[29.6983,64.8391],[29.7802,64.7955],[30.0625,64.7841],[30.1188,64.7679],[30.1091,64.7200],[30.1705,64.6816],[30.1878,64.6623],[30.1808,64.6427],[30.1364,64.6153],[29.9548,64.5689],[29.9905,64.5041],[30.0703,64.4718],[30.0324,64.3969],[30.0931,64.3612],[30.3211,64.3176],[30.4459,64.2507],[30.5584,64.2196],[30.5327,64.1625],[30.5864,64.0846],[30.5804,64.0510],[30.5523,64.0217],[30.3285,63.8959],[30.2655,63.8306],[30.2015,63.7926],[29.9807,63.7415],[30.0011,63.7153],[30.2424,63.5818],[30.3804,63.5324],[30.4610,63.4728],[30.8209,63.3756],[30.9749,63.2891],[31.2039,63.2126],[31.2256,63.1960],[31.2627,63.1005],[31.4806,62.9863],[31.5358,62.9195],[31.5695,62.9059],[31.4412,62.7887],[31.3633,62.6515],[31.2840,62.5729],[31.2437,62.5033],[31.1686,62.4760],[31.1233,62.4348],[30.9806,62.3588],[30.9256,62.3021],[30.6477,62.1927],[30.6072,62.1512],[30.3395,61.9916],[29.9776,61.7281],[29.8422,61.6601],[29.7791,61.5931],[29.6351,61.5111],[29.5170,61.4750],[29.4634,61.4138],[29.3183,61.3384],[29.2031,61.2459],[28.7976,61.0968],[28.6145,60.9619],[28.4809,60.9334],[28.3359,60.8593],[28.2439,60.7915],[28.1481,60.7577],[27.8078,60.5530],[27.7620,60.5801],[27.7395,60.5741],[27.7531,60.5598],[27.7334,60.5442],[27.7531,60.5189],[27.7326,60.5121],[27.7531,60.5058],[27.7054,60.4854],[27.6364,60.4922],[27.6916,60.5189],[27.6159,60.5121],[27.6108,60.4921],[27.6296,60.4711],[27.5084,60.5138],[27.4726,60.5058],[27.4931,60.4922],[27.4726,60.4779],[27.5066,60.4574],[27.4567,60.4636],[27.3693,60.4978],[27.2324,60.5121],[27.2308,60.5263],[27.3081,60.5257],[27.2119,60.5598],[27.2277,60.5795],[27.2146,60.5849],[27.1777,60.5673],[27.2006,60.5232],[27.1777,60.5121],[27.1696,60.5286],[27.1125,60.5468],[27.0883,60.5257],[27.0543,60.5468],[27.0244,60.5360],[27.0271,60.5199],[26.9982,60.4880],[26.9314,60.4854],[26.9624,60.4472],[26.9147,60.4745],[26.7936,60.4574],[26.8147,60.4854],[26.7970,60.4859],[26.7424,60.4680],[26.7390,60.4369],[26.6873,60.4181],[26.6359,60.4506],[26.5944,60.4522],[26.5533,60.4330],[26.4826,60.4680],[26.4748,60.4872],[26.5636,60.5433],[26.5673,60.5809],[26.6250,60.6096],[26.7531,60.5741],[26.6992,60.6402],[26.6591,60.6518],[26.5918,60.6285],[26.4658,60.5081],[26.4562,60.4745],[26.4856,60.4437],[26.4694,60.4274],[26.4163,60.4119],[26.4241,60.3959],[26.3833,60.4164],[26.3811,60.3987],[26.3514,60.3928],[26.3420,60.3755],[26.2456,60.4508],[26.2293,60.4384],[26.2734,60.4021],[26.1789,60.4106],[26.1424,60.3959],[25.9809,60.4757],[25.9172,60.4854],[26.0289,60.4333],[26.0400,60.4059],[26.0068,60.4005],[26.0122,60.3885],[26.1081,60.3359],[26.0913,60.3066],[26.0400,60.2997],[26.0388,60.3226],[25.9970,60.3549],[26.0058,60.3681],[25.9565,60.3560],[25.8420,60.4021],[25.9172,60.3612],[25.8830,60.3066],[25.9301,60.2451],[25.7537,60.3207],[25.7390,60.3134],[25.7453,60.2958],[25.8488,60.2656],[25.7619,60.2403],[25.7355,60.2472],[25.6496,60.2997],[25.6705,60.3274],[25.6496,60.3413],[25.7043,60.3413],[25.6901,60.3628],[25.6686,60.3646],[25.5261,60.3270],[25.5450,60.2923],[25.5027,60.2461],[25.3616,60.2451],[25.3509,60.2672],[25.3138,60.2725],[25.3213,60.2514],[25.1975,60.2451],[25.1858,60.2231],[25.1562,60.2321],[25.2039,60.2042],[25.1814,60.2005],[25.1971,60.1906],[25.0947,60.1763],[25.1015,60.1906],[25.0586,60.1773],[25.0478,60.1688],[25.0673,60.1626],[25.0293,60.1478],[24.9978,60.1626],[25.0258,60.1994],[24.9987,60.2128],[24.9509,60.1434],[24.8452,60.1437],[24.8341,60.1558],[24.8709,60.1616],[24.8688,60.1797],[24.8424,60.1946],[24.8068,60.1906],[24.8273,60.1626],[24.6796,60.1301],[24.6702,60.1012],[24.6306,60.1362],[24.5540,60.1559],[24.5968,60.1272],[24.5403,60.0875],[24.6081,60.1012],[24.5739,60.0739],[24.5944,60.0602],[24.4456,59.9922],[24.4162,59.9913],[24.4641,60.0465],[24.3747,60.0049],[24.3676,60.0220],[24.3126,59.9975],[24.3576,60.0360],[24.3679,60.0739],[24.3196,60.0758],[24.2524,60.0397],[24.1584,60.0430],[24.1829,60.0254],[24.1642,60.0194],[24.1059,60.0319],[24.0096,60.0105],[24.0192,60.0397],[24.0008,60.0382],[23.9553,60.0035],[23.8730,59.9930],[23.7994,59.9566],[23.7712,59.9679],[23.6075,59.9566],[23.5734,59.9776],[23.4294,59.9566],[23.4835,60.0112],[23.5408,60.0291],[23.5461,60.0739],[23.4983,60.0633],[23.4537,60.0279],[23.4397,59.9944],[23.3264,59.9230],[23.2371,59.8980],[23.2221,59.8678],[23.2513,59.8411],[22.9051,59.8112],[22.8881,59.8131],[22.9461,59.8479],[23.1681,59.8889],[23.1658,59.9176],[23.2470,59.9224],[23.3264,60.0093],[23.3328,60.0298],[23.2233,59.9298],[23.2036,59.9298],[23.2097,59.9435],[23.1888,59.9501],[23.1712,59.9364],[23.1318,59.9429],[23.1106,59.9232],[23.1005,59.9404],[23.1113,59.9742],[23.2036,59.9975],[23.2575,60.0397],[23.0354,60.0445],[22.9907,60.0773],[23.0459,60.1216],[23.0254,60.1353],[23.0048,60.1073],[22.9694,60.0943],[22.9586,60.1215],[22.8746,60.1496],[22.8855,60.1693],[22.8671,60.1837],[23.0075,60.2770],[23.0805,60.3550],[23.0341,60.3439],[22.9980,60.3066],[22.9411,60.3164],[22.7361,60.2381],[22.5250,60.2042],[22.5934,60.2321],[22.5720,60.2426],[22.5903,60.2622],[22.6481,60.2787],[22.4494,60.2451],[22.4591,60.2649],[22.5456,60.3339],[22.6276,60.3753],[22.6242,60.3990],[22.5434,60.3725],[22.4630,60.3755],[22.4835,60.4021],[22.2915,60.3826],[22.1814,60.4304],[22.1167,60.4369],[22.1010,60.4621],[22.0470,60.4387],[22.0180,60.4711],[21.9819,60.4767],[21.9838,60.4922],[21.9353,60.4922],[21.9503,60.5189],[21.9031,60.5288],[21.8439,60.5155],[21.8740,60.4779],[21.7853,60.4779],[21.8078,60.5755],[21.8460,60.5878],[21.8284,60.6063],[21.8405,60.6287],[21.6617,60.5673],[21.6543,60.5089],[21.6120,60.4888],[21.5581,60.4922],[21.5837,60.5050],[21.5177,60.5673],[21.5786,60.5673],[21.4860,60.5741],[21.4426,60.5673],[21.4085,60.5803],[21.4283,60.5940],[21.4148,60.6083],[21.4699,60.6083],[21.3796,60.6470],[21.3532,60.6901],[21.4389,60.6803],[21.4456,60.6928],[21.4221,60.7250],[21.4699,60.7311],[21.3873,60.7523],[21.4221,60.7591],[21.3742,60.7796],[21.3742,60.8076],[21.3288,60.8275],[21.3364,60.8447],[21.3185,60.8646],[21.4283,60.8758],[21.3808,60.8820],[21.3532,60.9025],[21.3907,60.9168],[21.4283,60.9025],[21.4127,60.9334],[21.3185,61.0123],[21.3390,61.0265],[21.2986,61.0601],[21.3873,61.0402],[21.4077,61.0507],[21.3669,61.0601],[21.4822,61.0601],[21.4548,61.0781],[21.4631,61.1011],[21.4352,61.1427],[21.4699,61.1495],[21.4426,61.1557],[21.4563,61.1699],[21.4426,61.1699],[21.5034,61.1774],[21.4965,61.1911],[21.5581,61.2041],[21.5434,61.2250],[21.4760,61.2457],[21.5083,61.2668],[21.5034,61.2798],[21.5444,61.2798],[21.5242,61.3753],[21.4489,61.4027],[21.5724,61.4164],[21.5102,61.4579],[21.4221,61.4853],[21.5556,61.4751],[21.5921,61.4853],[21.5656,61.5194],[21.5102,61.5194],[21.4699,61.5468],[21.4601,61.5624],[21.4822,61.5678],[21.7163,61.5269],[21.6142,61.5854],[21.5918,61.6281],[21.5376,61.6498],[21.5441,61.6728],[21.5177,61.7112],[21.5859,61.6976],[21.4892,61.7369],[21.4699,61.7597],[21.4860,61.8111],[21.4445,61.8263],[21.4489,61.8416],[21.4031,61.8764],[21.3942,61.8893],[21.4140,61.9068],[21.3805,61.9378],[21.3125,61.9398],[21.2775,61.9514],[21.2949,61.9713],[21.2365,61.9850],[21.2762,62.0501],[21.2890,62.1215],[21.2963,62.1304],[21.3122,62.1091],[21.3259,62.1637],[21.3839,62.1944],[21.3899,62.2081],[21.3532,62.2320],[21.3742,62.2667],[21.3523,62.2660],[21.3122,62.2320],[21.3390,62.3555],[21.2706,62.3493],[21.2604,62.3719],[21.2775,62.3964],[21.2706,62.4107],[21.2050,62.3596],[21.2160,62.3350],[21.1943,62.3370],[21.2024,62.3903],[21.1813,62.3964],[21.2024,62.4176],[21.1667,62.4213],[21.1335,62.4039],[21.1545,62.4647],[21.1163,62.4601],[21.1155,62.4957],[21.1545,62.5274],[21.1267,62.5541],[21.2092,62.5820],[21.1935,62.6008],[21.1062,62.6230],[21.0651,62.5957],[21.0789,62.6782],[21.1257,62.6901],[21.1608,62.7193],[21.1164,62.7496],[21.1135,62.7811],[21.1508,62.7943],[21.1833,62.7823],[21.2434,62.8694],[21.3357,62.8554],[21.3907,62.8803],[21.4221,62.9417],[21.4631,62.9514],[21.4441,63.0409],[21.4804,63.0430],[21.4951,63.0717],[21.6257,63.0238],[21.6884,63.0270],[21.5595,63.0951],[21.5532,63.1085],[21.5724,63.1233],[21.5208,63.1267],[21.5161,63.1554],[21.5034,63.1574],[21.5519,63.1779],[21.5128,63.1850],[21.4965,63.2089],[21.5581,63.2326],[21.6472,63.1976],[21.6679,63.2195],[21.7423,63.1996],[21.7641,63.2058],[21.7026,63.2257],[21.8945,63.2604],[21.8808,63.1779],[21.9838,63.1432],[21.9559,63.1847],[21.9943,63.1964],[22.0247,63.2394],[22.0431,63.2455],[22.0720,63.2257],[22.1750,63.2326],[22.2446,63.2670],[22.2780,63.3014],[22.3076,63.2758],[22.3300,63.2838],[22.3737,63.3213],[22.2504,63.4113],[22.1955,63.4312],[22.1909,63.4584],[22.2467,63.4696],[22.3049,63.4358],[22.4016,63.4181],[22.2799,63.4876],[22.2814,63.5261],[22.3374,63.5233],[22.3333,63.4932],[22.3802,63.4854],[22.3968,63.4769],[22.3947,63.4523],[22.4074,63.4569],[22.4358,63.4728],[22.4314,63.4973],[22.4972,63.5857],[22.5456,63.5751],[22.4972,63.6229],[22.5319,63.6441],[22.5250,63.6577],[22.5857,63.6570],[22.5890,63.7033],[22.6370,63.6830],[22.6540,63.7037],[22.6753,63.7023],[22.7340,63.6275],[22.7734,63.6275],[22.8292,63.6462],[22.8403,63.6776],[22.9018,63.7055],[22.8330,63.7260],[22.9018,63.7260],[22.8746,63.7465],[22.9257,63.7433],[22.9292,63.7643],[22.9077,63.7724],[22.9025,63.7948],[22.9428,63.8004],[23.0006,63.7636],[22.9907,63.8153],[23.0628,63.8529],[23.1213,63.8495],[23.1673,63.8869],[23.2752,63.8889],[23.3264,63.9109],[23.3728,63.9006],[23.4157,63.9246],[23.3708,63.9465],[23.3674,63.9972],[23.3964,64.0561],[23.6045,64.0276],[23.6198,64.0380],[23.5660,64.0965],[23.5735,64.1072],[23.6220,64.1071],[23.7236,64.1785],[23.7243,64.2089],[23.8191,64.2206],[23.8610,64.2678],[23.9433,64.2467],[23.9290,64.3014],[23.9842,64.3497],[24.0044,64.3891],[24.0686,64.4055],[24.0847,64.4147],[24.0805,64.4317],[24.2057,64.4522],[24.2177,64.4870],[24.2575,64.4859],[24.2859,64.5149],[24.3440,64.5307],[24.3610,64.5484],[24.3549,64.5724],[24.3738,64.5795],[24.3754,64.6172],[24.4228,64.6756],[24.5302,64.7178],[24.5460,64.7333],[24.5324,64.7538],[24.5876,64.7811],[24.5384,64.8053],[24.6683,64.7891],[24.6706,64.8297],[24.7317,64.8358],[24.7363,64.8553],[24.8969,64.8731],[25.0947,64.9183],[25.1432,64.8842],[25.1772,64.8842],[25.2176,64.8414],[25.2592,64.8358],[25.2251,64.8227],[25.3548,64.8295],[25.3595,64.9111],[25.3213,64.9047],[25.2412,64.9290],[25.1909,64.9667],[25.2209,64.9905],[25.3216,64.9835],[25.4215,64.9488],[25.4435,64.9667],[25.4167,64.9986],[25.4162,65.0350],[25.3808,65.0559],[25.3554,65.0965],[25.2114,65.1237],[25.2258,65.1566],[25.2824,65.1913],[25.2797,65.2199],[25.3274,65.2268],[25.3001,65.2336],[25.3138,65.2541],[25.2797,65.2609],[25.3213,65.3162],[25.3069,65.3298],[25.3349,65.3434],[25.2661,65.3776],[25.3213,65.3850],[25.3554,65.4118],[25.3444,65.4285],[25.3586,65.4655],[25.3235,65.5067],[25.2190,65.5572],[25.1248,65.5611],[25.0742,65.6141],[24.9371,65.6240],[24.8591,65.6591],[24.7802,65.6597],[24.6757,65.6354],[24.6677,65.6908],[24.5839,65.7168],[24.5504,65.7634],[24.6457,65.8794],[24.7075,65.8992],[24.7106,65.9120],[24.6179,65.8892],[24.6145,65.8661],[24.5188,65.7960],[24.4529,65.7969],[24.4047,65.7692],[24.2382,65.8226],[24.2443,65.7815],[24.2062,65.7787],[24.0547,65.9479],[24.0553,65.9851],[24.0196,66.0489],[23.9745,66.0728],[23.9114,66.1486],[23.7500,66.1896],[23.6894,66.2569],[23.6627,66.3165],[23.6770,66.3636],[23.6423,66.4362],[23.6524,66.4588],[23.8818,66.5635],[23.8932,66.5960],[23.8818,66.6318],[23.9031,66.6863],[23.8924,66.7509],[23.9392,66.7911],[24.0040,66.8052],[23.9333,66.8887],[23.8166,66.9755],[23.7203,67.0168],[23.6767,67.0584],[23.6665,67.0979],[23.5813,67.1531],[23.5739,67.1730],[23.6149,67.2139],[23.5914,67.2250],[23.6027,67.2602],[23.7354,67.2896],[23.7856,67.3375],[23.7514,67.3462],[23.7651,67.4200],[23.5945,67.4536],[23.4771,67.4438],[23.4312,67.4855],[23.4846,67.5429],[23.4734,67.5549],[23.5535,67.5870],[23.4845,67.7371],[23.4812,67.8646],[23.5325,67.8931],[23.6361,67.9134],[23.6621,67.9504],[23.3829,68.0512],[23.3065,68.1456],[23.1656,68.1220],[23.1494,68.1394],[23.1552,68.2174],[23.0669,68.2902],[22.9037,68.3366],[22.8082,68.3948],[22.7486,68.3854],[22.6622,68.4274],[22.3779,68.4541],[22.3710,68.4683],[22.3030,68.4761],[22.0721,68.4770],[21.9192,68.5682],[21.7371,68.5879],[21.7168,68.6192],[21.4636,68.6868],[21.4063,68.7488],[21.3053,68.7558],[21.2166,68.8172],[21.0721,68.8694],[20.9057,68.8946],[20.8845,68.9067],[20.8876,68.9270],[20.9342,68.9490],[20.9345,68.9669],[20.9112,68.9807],[20.6231,69.0363],[20.7443,69.1043],[21.0715,69.0366],[21.1563,69.0876],[21.0335,69.1812],[21.0983,69.2394],[21.3135,69.2914],[21.6388,69.2713],[22.0230,69.0120],[22.1607,68.9561],[22.2002,68.9084],[22.2772,68.8574],[22.3713,68.8226],[22.4092,68.7129],[22.5701,68.7268],[22.8516,68.6757],[23.0714,68.6808],[23.1975,68.6180],[23.4815,68.6856],[23.7348,68.7154],[23.7872,68.7997],[23.9290,68.8162],[24.1311,68.7761],[24.1868,68.7445],[24.3324,68.7086],[24.6634,68.6660],[24.7541,68.6378],[24.8792,68.5548],[24.9051,68.5569],[24.9517,68.6050],[25.1324,68.6476],[25.1496,68.7646],[25.2012,68.8126],[25.4339,68.8838],[25.6277,68.8741],[25.7263,68.9424],[25.7538,68.9783],[25.7958,68.9933],[25.8010,69.0131],[25.7658,69.0306],[25.7502,69.0592],[25.7712,69.1351],[25.7341,69.1913],[25.7372,69.2182],[25.7866,69.3127],[25.8773,69.3708],[25.8413,69.4177],[25.8866,69.4551],[25.8857,69.4791],[25.9064,69.5018],[25.8866,69.5208],[25.9602,69.5486],[26.0039,69.5871],[26.0051,69.6108],[25.9617,69.6525],[26.0051,69.6893],[26.1982,69.7154],[26.3168,69.7949],[26.4187,69.8356],[26.4478,69.8560],[26.4358,69.8742],[26.5338,69.9252],[26.8645,69.9380],[27.1003,69.9017],[27.3118,69.9294],[27.3524,69.9487],[27.3231,69.9596],[27.3345,69.9686],[27.5633,70.0235],[27.6125,70.0620],[27.7921,70.0589],[27.8669,70.0753],[27.9271,70.0532],[28.1673,69.8943],[28.3811,69.8562],[28.3797,69.8223],[28.4045,69.8022],[29.1312,69.6741],[29.2031,69.5859],[29.3445,69.4643],[29.2292,69.3768],[28.8521,69.2035],[28.8275,69.0907],[28.9540,69.0272],[28.8334,68.9844],[28.4102,68.8985],[28.4131,68.8800],[28.4442,68.8658]]],[[[24.8015,65.0242],[24.7223,65.0034],[24.7507,64.9759],[24.8273,64.9729],[24.7131,64.9517],[24.6839,64.9965],[24.6316,64.9678],[24.5627,65.0371],[24.6541,65.0802],[24.8345,65.0948],[24.8830,65.0869],[24.8969,65.0724],[24.8730,65.0658],[24.8828,65.0591],[25.0335,65.0575],[25.0618,65.0434],[24.8196,65.0432],[24.8015,65.0242]]]]}},{"type":"Feature","properties":{"zone":"MK","eic":"10YMK-MEPSO----8","name":"Former Yugoslav Republic of Macedonia, MEPSO BZ / CA / MBA","country":"MK"},"geometry":{"type":"Polygon","coordinates":[[[20.5671,41.8731],[20.6187,41.8505],[20.6434,41.8736],[20.6814,41.8440],[20.7233,41.8666],[20.7504,41.9067],[20.7418,41.9707],[20.7553,42.0427],[20.7849,42.0820],[21.0039,42.1419],[21.0984,42.1959],[21.1644,42.1670],[21.2378,42.0973],[21.2888,42.0897],[21.3012,42.1006],[21.2949,42.1489],[21.3537,42.2159],[21.4298,42.2158],[21.4199,42.2400],[21.4363,42.2468],[21.4675,42.2351],[21.4815,42.2477],[21.6768,42.2349],[21.8172,42.3051],[21.8843,42.3095],[21.9290,42.3351],[22.0609,42.3010],[22.2688,42.3703],[22.2769,42.3412],[22.3450,42.3134],[22.4814,42.1933],[22.5310,42.1291],[22.7184,42.0444],[22.7808,42.0431],[22.7989,42.0212],[22.8382,42.0194],[22.8808,41.8726],[22.9013,41.8604],[22.9397,41.7767],[22.9911,41.7609],[23.0095,41.7163],[22.9329,41.6123],[22.9545,41.4324],[22.9373,41.4107],[22.9408,41.3498],[22.9169,41.3357],[22.7809,41.3348],[22.7513,41.3152],[22.7272,41.1658],[22.7048,41.1396],[22.6445,41.1802],[22.5901,41.1251],[22.4514,41.1136],[22.3801,41.1317],[22.3087,41.1249],[22.3026,41.1455],[22.2058,41.1614],[22.1033,41.1215],[22.0481,41.1518],[21.9090,41.0974],[21.8943,41.0538],[21.7837,40.9641],[21.7655,40.9239],[21.6851,40.9279],[21.5815,40.8662],[21.5095,40.9005],[21.4049,40.9086],[21.2953,40.8608],[21.1830,40.8701],[20.9652,40.8493],[20.9566,40.8947],[20.9399,40.9070],[20.8374,40.9240],[20.7661,40.8937],[20.7172,40.9132],[20.6538,41.0752],[20.5769,41.0935],[20.5654,41.1474],[20.5000,41.2355],[20.4816,41.3411],[20.5234,41.3568],[20.5401,41.4006],[20.4908,41.4360],[20.4835,41.4654],[20.4520,41.4935],[20.4441,41.5496],[20.5074,41.5622],[20.5346,41.5852],[20.5003,41.7340],[20.5509,41.7935],[20.5417,41.8615],[20.5671,41.8731]]]}},{"type":"Feature","properties":{"zone":"FR","eic":"10YFR-RTE------C","name":"France, RTE BZ / CA / MBA","country":"FR"},"geometry":{"type":"MultiPolygon","coordinates":[[[[-2.3829,46.7226],[-2.3372,46.7315],[-2.2689,46.6974],[-2.3714,46.7042],[-2.3829,46.7226]]],[[[-3.0936,47.2966],[-3.2409,47.3206],[-3.2620,47.3832],[-3.2496,47.3952],[-3.0628,47.3206],[-3.0670,47.3019],[-3.0936,47.2966]]],[[[-5.0366,48.4651],[-5.1055,48.4446],[-5.0977,48.4613],[-5.1328,48.4583],[-5.069,48.4850],[-5.0366,48.4651]]],[[[8.5452,42.2328],[8.6877,42.2729],[8.6251,42.3191],[8.6053,42.3104],[8.5998,42.3219],[8.6347,42.3389],[8.6128,42.3524],[8.5520,42.3389],[8.5490,42.3771],[8.5986,42.3876],[8.6186,42.4195],[8.6595,42.4298],[8.6767,42.4724],[8.6570,42.4800],[8.6674,42.5097],[8.7165,42.5307],[8.7091,42.5791],[8.7234,42.5654],[8.7869,42.5619],[8.8074,42.5851],[8.8054,42.6064],[9.0499,42.6621],[9.0529,42.6815],[9.1178,42.7320],[9.2368,42.7225],[9.2921,42.6747],[9.3425,42.7490],[9.3354,42.8076],[9.3056,42.8392],[9.3330,42.8671],[9.3302,42.9035],[9.3601,42.9286],[9.3466,43.0037],[9.4223,43.0174],[9.4640,42.9900],[9.4538,42.9638],[9.4700,42.9422],[9.4827,42.8023],[9.4428,42.6405],[9.4768,42.5791],[9.5118,42.5654],[9.4895,42.6126],[9.5280,42.5635],[9.5459,42.4351],[9.5322,42.3737],[9.5595,42.2945],[9.5595,42.1465],[9.5455,42.1039],[9.4031,41.9529],[9.4016,41.7064],[9.3722,41.6839],[9.3779,41.6564],[9.3452,41.6403],[9.3466,41.6195],[9.2921,41.6264],[9.2785,41.5983],[9.3450,41.6044],[9.3505,41.5812],[9.2646,41.5308],[9.2791,41.4916],[9.2708,41.4687],[9.2107,41.4482],[9.2233,41.4273],[9.2107,41.4072],[9.2503,41.4278],[9.2231,41.3725],[9.2067,41.3659],[9.0964,41.4035],[9.1213,41.4346],[9.0665,41.4619],[9.0798,41.4823],[9.0387,41.4619],[9.0387,41.4761],[8.9357,41.4892],[8.8396,41.5308],[8.8532,41.5438],[8.7917,41.5612],[8.7963,41.5805],[8.7780,41.5916],[8.8017,41.6390],[8.8725,41.6510],[8.9226,41.6946],[8.7888,41.7125],[8.7761,41.7223],[8.7849,41.7424],[8.6955,41.7294],[8.7029,41.7424],[8.6551,41.7499],[8.7175,41.7720],[8.7091,41.8045],[8.7849,41.8244],[8.7508,41.8455],[8.7917,41.8591],[8.7780,41.8727],[8.8054,41.9069],[8.7644,41.9342],[8.6142,41.9007],[8.6144,41.9440],[8.5862,41.9689],[8.6550,41.9787],[8.6645,42.0144],[8.7434,42.0441],[8.7449,42.0565],[8.6992,42.1093],[8.6608,42.1054],[8.5595,42.1539],[8.5937,42.1670],[8.5657,42.1745],[8.5817,42.1945],[8.5657,42.2085],[8.5740,42.2199],[8.5452,42.2328]]],[[[9.4821,42.6201],[9.4768,42.6190],[9.4565,42.6474],[9.4821,42.6201]]],[[[6.2024,42.9871],[6.1647,43.0050],[6.2510,43.0172],[6.2522,43.0026],[6.2024,42.9871]]],[[[-1.1841,45.8563],[-1.2092,45.8141],[-1.2268,45.8197],[-1.2603,45.8818],[-1.3783,45.9759],[-1.3716,45.9953],[-1.4049,46.0531],[-1.2336,45.9916],[-1.2243,45.9350],[-1.1777,45.9069],[-1.1841,45.8563]]],[[[-1.4889,46.2033],[-1.5558,46.2517],[-1.4800,46.2592],[-1.4738,46.2381],[-1.5079,46.2455],[-1.4905,46.2244],[-1.4111,46.2381],[-1.4253,46.2238],[-1.3080,46.2069],[-1.2541,46.1624],[-1.3360,46.1672],[-1.4328,46.2108],[-1.4889,46.2033]]],[[[2.6116,50.9412],[2.5769,50.9115],[2.5966,50.8676],[2.5867,50.8454],[2.6204,50.8164],[2.6918,50.8088],[2.7867,50.7233],[2.8868,50.6966],[2.9714,50.7578],[3.1292,50.7790],[3.1889,50.7150],[3.2323,50.6959],[3.2437,50.6721],[3.2298,50.6554],[3.2710,50.5269],[3.3610,50.4897],[3.4771,50.5198],[3.4980,50.5118],[3.4867,50.4926],[3.4991,50.4867],[3.6082,50.4765],[3.6443,50.4455],[3.6617,50.3193],[3.6968,50.2982],[3.7550,50.3463],[3.8402,50.3451],[3.8959,50.3253],[4.0033,50.3440],[4.0978,50.2948],[4.1252,50.2571],[4.1436,50.2516],[4.1627,50.2729],[4.1976,50.2584],[4.2013,50.2415],[4.1527,50.2045],[4.1257,50.1281],[4.1805,50.1272],[4.2100,50.0601],[4.1373,50.0250],[4.1316,49.9749],[4.2011,49.9530],[4.2775,49.9601],[4.4647,49.9356],[4.6566,49.9890],[4.6819,50.0839],[4.7885,50.1533],[4.8155,50.1613],[4.8200,50.1464],[4.8626,50.1475],[4.8628,50.0840],[4.8460,50.0906],[4.8272,50.0640],[4.8267,50.0360],[4.7839,49.9582],[4.8601,49.9133],[4.8348,49.8530],[4.8490,49.7941],[4.8841,49.7841],[4.9709,49.7970],[5.0818,49.7527],[5.1694,49.6872],[5.2592,49.6913],[5.2994,49.6624],[5.2978,49.6132],[5.3348,49.6258],[5.4020,49.6024],[5.4502,49.5457],[5.4561,49.4989],[5.5475,49.5234],[5.6022,49.5137],[5.6446,49.5437],[5.7102,49.5310],[5.7463,49.5494],[5.7906,49.5377],[5.8395,49.4998],[5.9281,49.4823],[5.9607,49.4413],[6.0780,49.4520],[6.1072,49.4825],[6.1426,49.4860],[6.1360,49.4952],[6.1935,49.4994],[6.3253,49.4567],[6.4027,49.4654],[6.5116,49.4247],[6.5188,49.4021],[6.5777,49.3558],[6.5555,49.3471],[6.5564,49.3263],[6.6396,49.2711],[6.6806,49.2074],[6.7025,49.2136],[6.7137,49.1588],[6.8217,49.1477],[6.8390,49.1627],[6.8334,49.2094],[6.9143,49.2066],[7.0094,49.1817],[7.0205,49.1189],[7.0425,49.1075],[7.0732,49.1203],[7.0798,49.1420],[7.1549,49.1144],[7.2743,49.1050],[7.2971,49.1281],[7.3340,49.1341],[7.3509,49.1591],[7.4104,49.1689],[7.4761,49.1515],[7.4710,49.1283],[7.5208,49.0836],[7.6086,49.0619],[7.6349,49.0377],[7.7736,49.0481],[7.9318,49.0348],[8.0904,48.9791],[8.2003,48.9585],[8.0903,48.8075],[8.0387,48.7907],[8.0172,48.7618],[7.9701,48.7572],[7.9591,48.7213],[7.8524,48.6586],[7.8102,48.6150],[7.8016,48.5475],[7.8134,48.5194],[7.7764,48.4981],[7.7383,48.4066],[7.7507,48.3413],[7.7024,48.3111],[7.6871,48.2529],[7.6133,48.1792],[7.5856,48.1297],[7.5757,48.0537],[7.6189,48.0026],[7.6211,47.9714],[7.5849,47.9404],[7.5590,47.8827],[7.5619,47.8392],[7.5428,47.8294],[7.5259,47.7831],[7.5378,47.7318],[7.5118,47.7073],[7.5178,47.6750],[7.5903,47.6079],[7.5860,47.5846],[7.4827,47.5422],[7.5051,47.5330],[7.5011,47.5173],[7.4769,47.5148],[7.4844,47.4929],[7.4674,47.4819],[7.4143,47.4901],[7.4260,47.4557],[7.3785,47.4306],[7.2380,47.4167],[7.1683,47.4435],[7.1808,47.4882],[7.0097,47.4992],[6.9733,47.4890],[6.9909,47.4522],[6.9260,47.4248],[6.9245,47.4059],[6.8666,47.3541],[7.0039,47.3681],[7.0443,47.3404],[7.0365,47.3295],[6.9586,47.2905],[6.9562,47.2452],[6.6897,47.0782],[6.6762,47.0624],[6.6882,47.0438],[6.6654,47.0212],[6.5986,46.9865],[6.4426,46.9441],[6.4277,46.9090],[6.4467,46.8577],[6.4171,46.8021],[6.4326,46.7859],[6.4291,46.7608],[6.2663,46.6803],[6.1184,46.5834],[6.1457,46.5516],[6.0641,46.4711],[6.0675,46.4336],[6.0542,46.4194],[6.1350,46.3704],[6.0940,46.2530],[5.9829,46.2227],[5.9548,46.1999],[5.9829,46.1708],[5.9588,46.1304],[6.1403,46.1502],[6.2811,46.2400],[6.2760,46.2631],[6.2375,46.2679],[6.2141,46.3154],[6.2691,46.3750],[6.3015,46.3944],[6.3976,46.4081],[6.4829,46.4485],[6.6136,46.4558],[6.7870,46.4141],[6.7820,46.3784],[6.7503,46.3455],[6.8276,46.2694],[6.7656,46.1516],[6.7743,46.1348],[6.8692,46.1123],[6.8485,46.0850],[6.8509,46.0496],[6.9151,46.0486],[6.9876,45.9931],[7.0220,45.9252],[6.9490,45.8578],[6.8734,45.8448],[6.8644,45.8268],[6.8433,45.8386],[6.8008,45.8264],[6.7827,45.7952],[6.7959,45.7181],[6.8430,45.6827],[6.9633,45.6407],[6.9529,45.5942],[6.9828,45.5111],[7.0720,45.4700],[7.0968,45.4354],[7.1606,45.4109],[7.0925,45.3239],[7.1083,45.2592],[7.0554,45.2136],[7.0297,45.2281],[6.9587,45.2098],[6.9137,45.1701],[6.8734,45.1659],[6.8766,45.1412],[6.8441,45.1301],[6.7364,45.1573],[6.6027,45.1034],[6.6365,45.0744],[6.6516,45.0356],[6.7234,45.0133],[6.7279,44.9287],[6.7454,44.9078],[6.8471,44.8590],[6.9326,44.8616],[6.9828,44.8469],[7.0070,44.8220],[6.9984,44.7937],[7.0551,44.6848],[6.9598,44.6831],[6.9343,44.6466],[6.9456,44.6254],[6.8357,44.5340],[6.8612,44.4749],[6.9178,44.4363],[6.8771,44.4143],[6.8661,44.3721],[6.9828,44.2417],[7.0460,44.2402],[7.1449,44.2072],[7.3093,44.1474],[7.3310,44.1252],[7.6556,44.1760],[7.6418,44.1435],[7.6919,44.0846],[7.6899,44.0673],[7.6533,44.0396],[7.6309,43.9935],[7.4778,43.8655],[7.5022,43.7922],[7.4764,43.7844],[7.4764,43.7646],[7.4374,43.7433],[7.4069,43.7635],[7.3875,43.7578],[7.3305,43.6864],[7.2572,43.6916],[7.2037,43.6443],[7.1966,43.6569],[7.1516,43.6547],[7.1261,43.6058],[7.1389,43.5540],[7.0884,43.5686],[7.0372,43.5362],[7.0306,43.5478],[6.9620,43.5401],[6.9408,43.5124],[6.9542,43.5001],[6.8940,43.4276],[6.8629,43.4393],[6.8466,43.4125],[6.7830,43.4086],[6.7570,43.4226],[6.7311,43.4078],[6.7178,43.3506],[6.6745,43.3463],[6.5908,43.2688],[6.6933,43.2729],[6.6683,43.2395],[6.6798,43.2015],[6.6098,43.1734],[6.5932,43.1877],[6.5399,43.1822],[6.5056,43.1509],[6.4016,43.1469],[6.3660,43.1186],[6.3753,43.0908],[6.2803,43.1186],[6.1931,43.1087],[6.1531,43.0719],[6.1527,43.0481],[6.1854,43.0454],[6.1800,43.0359],[6.0885,43.0348],[6.1320,43.0526],[6.1290,43.0713],[6.1096,43.0843],[6.0270,43.0781],[6.0165,43.0989],[5.9340,43.1135],[5.9409,43.1340],[5.8794,43.1204],[5.9513,43.0799],[5.8753,43.0687],[5.8566,43.0448],[5.7818,43.0791],[5.8180,43.0990],[5.8114,43.1067],[5.7761,43.1308],[5.6962,43.1468],[5.6739,43.1798],[5.6342,43.1872],[5.6124,43.1604],[5.5727,43.1691],[5.5249,43.2126],[5.3469,43.2158],[5.3691,43.2704],[5.3388,43.3342],[5.2941,43.3554],[5.2382,43.3280],[5.0340,43.3354],[5.0055,43.3816],[5.0261,43.4093],[5.1738,43.4282],[5.2263,43.4802],[5.2228,43.5039],[5.1399,43.4857],[5.1057,43.5330],[5.0537,43.5381],[5.0291,43.5585],[5.0092,43.5176],[5.0622,43.4516],[5.0511,43.4292],[4.9984,43.4146],[4.9284,43.4401],[4.8681,43.4214],[4.8502,43.4014],[4.8675,43.3651],[4.9010,43.3669],[4.8557,43.3417],[4.8332,43.3819],[4.7578,43.4223],[4.7424,43.4487],[4.7424,43.5244],[4.6945,43.5790],[4.7287,43.5278],[4.7425,43.4225],[4.8230,43.3671],[4.8202,43.3463],[4.5923,43.3598],[4.5662,43.3710],[4.5857,43.4042],[4.5795,43.4300],[4.5130,43.4557],[4.4094,43.4477],[4.1816,43.4637],[4.1328,43.4870],[4.1171,43.5104],[4.1328,43.5327],[4.1053,43.5518],[3.9529,43.5399],[3.7399,43.4128],[3.6221,43.3749],[3.5133,43.2810],[3.3854,43.2839],[3.3177,43.2630],[3.2443,43.2194],[3.1140,43.1063],[3.0389,42.9427],[3.0560,42.9071],[3.0418,42.6290],[3.0518,42.5548],[3.1373,42.5249],[3.1809,42.4314],[3.0861,42.4271],[3.0296,42.4656],[2.9337,42.4702],[2.8508,42.4483],[2.7885,42.4120],[2.6904,42.4061],[2.6402,42.3728],[2.6621,42.3390],[2.5480,42.3522],[2.5148,42.3256],[2.4455,42.3519],[2.4225,42.3836],[2.2774,42.4286],[2.1369,42.4162],[2.0516,42.3523],[1.9956,42.3486],[1.9637,42.3672],[1.9274,42.4368],[1.7121,42.4937],[1.7216,42.5485],[1.7650,42.5633],[1.7133,42.5895],[1.7219,42.6098],[1.6083,42.6181],[1.5430,42.6493],[1.4668,42.6414],[1.4514,42.6020],[1.4292,42.5953],[1.3610,42.6867],[1.3382,42.6944],[1.3425,42.7086],[1.1514,42.7067],[1.0890,42.7713],[0.9502,42.7961],[0.9211,42.7843],[0.8129,42.8316],[0.7067,42.8465],[0.6563,42.8384],[0.6396,42.7746],[0.6507,42.7633],[0.6334,42.7447],[0.6596,42.7298],[0.6654,42.6986],[0.6436,42.6844],[0.4092,42.6822],[0.3541,42.7174],[0.2753,42.6686],[0.2383,42.7103],[0.1691,42.7264],[-0.0389,42.6851],[-0.1190,42.7168],[-0.1577,42.7606],[-0.1614,42.7953],[-0.2351,42.7862],[-0.3227,42.8425],[-0.4239,42.7906],[-0.5338,42.8080],[-0.5356,42.7842],[-0.5690,42.7726],[-0.6483,42.8497],[-0.7402,42.8847],[-0.7596,42.9465],[-0.9432,42.9478],[-1.0284,42.9867],[-1.1499,43.0057],[-1.2936,43.0552],[-1.3150,43.0828],[-1.2860,43.1091],[-1.3482,43.0930],[-1.3661,43.0333],[-1.4571,43.0450],[-1.4878,43.0818],[-1.4257,43.1352],[-1.3996,43.2067],[-1.4035,43.2433],[-1.4322,43.2650],[-1.5590,43.2840],[-1.5875,43.2515],[-1.6218,43.247],[-1.6549,43.2975],[-1.7473,43.2910],[-1.7557,43.3185],[-1.7969,43.3411],[-1.7964,43.3743],[-1.7940,43.3860],[-1.7755,43.3761],[-1.661,43.3996],[-1.5967,43.4425],[-1.4768,43.5800],[-1.3460,44.0191],[-1.2815,44.3021],[-1.2473,44.5045],[-1.2572,44.5560],[-1.1865,44.6654],[-1.1002,44.6553],[-1.0447,44.6694],[-1.0652,44.7174],[-1.1722,44.7782],[-1.2336,44.7068],[-1.2603,44.6274],[-1.1994,45.1208],[-1.1578,45.2791],[-1.1399,45.4900],[-1.0852,45.5690],[-1.0585,45.5696],[-1.0623,45.5324],[-1.0399,45.5072],[-0.9152,45.4504],[-0.7661,45.3260],[-0.7159,45.1345],[-0.6822,45.0764],[-0.5689,44.9979],[-0.5565,44.9185],[-0.5346,44.8949],[-0.5484,44.9495],[-0.5389,44.9765],[-0.5961,45.0246],[-0.4937,44.9979],[-0.5189,45.0294],[-0.6021,45.0534],[-0.6559,45.0991],[-0.7197,45.3610],[-0.7954,45.4771],[-1.0838,45.6603],[-1.1493,45.6789],[-1.1942,45.7101],[-1.2473,45.7099],[-1.2302,45.7924],[-1.1638,45.8067],[-1.0572,45.7402],[-0.9871,45.7173],[-1.1253,45.8076],[-1.1517,45.8681],[-1.0733,45.9043],[-1.0704,45.9263],[-1.0897,45.9507],[-1.0691,45.9643],[-1.1107,46.0183],[-1.0729,46.0074],[-1.0486,46.0388],[-1.0842,46.0565],[-1.0970,46.1015],[-1.1290,46.1157],[-1.1170,46.1282],[-1.2108,46.1745],[-1.1851,46.1971],[-1.1795,46.2294],[-1.1107,46.2592],[-1.1107,46.3026],[-1.1324,46.3241],[-1.1772,46.3261],[-1.2143,46.3106],[-1.2132,46.2791],[-1.2401,46.2842],[-1.2774,46.3195],[-1.3702,46.3541],[-1.4487,46.3434],[-1.4814,46.4081],[-1.6256,46.4311],[-1.6171,46.4435],[-1.6334,46.4542],[-1.7611,46.4920],[-1.7891,46.5329],[-1.7817,46.4954],[-1.7954,46.4945],[-1.8226,46.5943],[-1.9099,46.6917],[-1.9564,46.7042],[-2.0502,46.7920],[-2.1187,46.8199],[-2.1287,46.8934],[-2.0963,46.9164],[-2.1021,46.9306],[-2.0492,46.9574],[-1.9907,47.0353],[-2.0300,47.0921],[-2.2411,47.1424],[-2.1651,47.1678],[-2.1605,47.2711],[-2.0145,47.3001],[-1.9170,47.2841],[-1.8984,47.2734],[-1.9188,47.2660],[-1.8039,47.2189],[-1.7270,47.2107],[-1.7882,47.2255],[-1.9056,47.2939],[-2.0101,47.3197],[-2.1481,47.3132],[-2.2783,47.2464],[-2.3160,47.2516],[-2.3714,47.2864],[-2.4483,47.2665],[-2.5419,47.3001],[-2.4760,47.2906],[-2.4361,47.3070],[-2.4806,47.3478],[-2.5016,47.3206],[-2.5148,47.3649],[-2.5563,47.3832],[-2.4767,47.4156],[-2.4390,47.4099],[-2.4390,47.3963],[-2.3918,47.4236],[-2.4481,47.4306],[-2.4390,47.4447],[-2.4889,47.4591],[-2.4806,47.4782],[-2.4947,47.4911],[-2.3639,47.5061],[-2.5174,47.5283],[-2.6319,47.5198],[-2.5993,47.5291],[-2.5768,47.5539],[-2.6382,47.5402],[-2.6177,47.5266],[-2.6655,47.5335],[-2.6807,47.5042],[-2.8171,47.4992],[-2.9092,47.5584],[-2.8653,47.5666],[-2.8505,47.5465],[-2.8163,47.5465],[-2.8095,47.5676],[-2.7414,47.5513],[-2.6886,47.6043],[-2.6839,47.6229],[-2.7065,47.6427],[-2.6956,47.6233],[-2.7140,47.6160],[-2.6997,47.6091],[-2.7086,47.6022],[-2.7753,47.6290],[-2.7344,47.6222],[-2.7463,47.6338],[-2.7891,47.6427],[-2.7753,47.6365],[-2.9194,47.5955],[-2.9126,47.6091],[-2.9399,47.6017],[-2.9330,47.6365],[-2.9746,47.6638],[-2.9636,47.6026],[-2.9330,47.5744],[-2.9399,47.5607],[-2.9944,47.5955],[-2.9885,47.5822],[-3.0034,47.5786],[-3.0117,47.6071],[-3.0156,47.5812],[-3.0738,47.5764],[-3.1232,47.5987],[-3.1232,47.5189],[-3.0845,47.4782],[-3.1317,47.4782],[-3.1453,47.5160],[-3.1317,47.5574],[-3.1411,47.5980],[-3.2005,47.6395],[-3.1863,47.6806],[-3.1111,47.7041],[-3.1180,47.7321],[-3.1391,47.7246],[-3.1391,47.7525],[-3.1931,47.7464],[-3.1590,47.7110],[-3.2073,47.6973],[-3.1931,47.6837],[-3.2241,47.6563],[-3.2620,47.6837],[-3.3582,47.6973],[-3.2826,47.6911],[-3.3582,47.7110],[-3.2826,47.7873],[-3.3831,47.7370],[-3.3644,47.7184],[-3.4464,47.7045],[-3.5283,47.7799],[-3.6251,47.7799],[-3.7061,47.7969],[-3.7232,47.8133],[-3.7753,47.7936],[-3.8517,47.8010],[-3.8858,47.8550],[-3.9618,47.8999],[-3.9882,47.9034],[-3.9792,47.8830],[-4.0089,47.8512],[-4.0292,47.8550],[-4.0019,47.8692],[-4.0366,47.8550],[-4.1065,47.8801],[-4.1321,47.9238],[-4.1427,47.9120],[-4.1111,47.8692],[-4.1527,47.8550],[-4.1856,47.8744],[-4.1800,47.8419],[-4.1527,47.8419],[-4.1852,47.8133],[-4.3718,47.8071],[-4.3718,47.8344],[-4.3476,47.8383],[-4.3473,47.8629],[-4.3719,47.9158],[-4.4346,47.9756],[-4.5332,48.0263],[-4.5720,48.0059],[-4.6019,48.0255],[-4.7281,48.0405],[-4.7007,48.0747],[-4.2853,48.1153],[-4.2757,48.1436],[-4.3023,48.1963],[-4.3661,48.2151],[-4.3792,48.2323],[-4.4854,48.2426],[-4.5316,48.1830],[-4.5574,48.1771],[-4.5437,48.2050],[-4.5636,48.2323],[-4.5471,48.2525],[-4.6263,48.2665],[-4.6263,48.2870],[-4.5751,48.2900],[-4.5467,48.3468],[-4.5301,48.3416],[-4.5432,48.3046],[-4.5155,48.2958],[-4.4265,48.3000],[-4.3889,48.2870],[-4.2626,48.3000],[-4.2899,48.2938],[-4.2693,48.2883],[-4.1874,48.3075],[-4.3246,48.3217],[-4.2693,48.3627],[-4.4537,48.3353],[-4.3965,48.3877],[-4.2899,48.4315],[-4.5993,48.3501],[-4.6905,48.3627],[-4.7044,48.3416],[-4.7683,48.3454],[-4.7833,48.3764],[-4.7647,48.3776],[-4.7663,48.3904],[-4.7849,48.4361],[-4.7680,48.4686],[-4.7492,48.4726],[-4.7746,48.4912],[-4.7645,48.5202],[-4.7219,48.5681],[-4.7007,48.5607],[-4.7082,48.5681],[-4.6922,48.5755],[-4.6424,48.5818],[-4.5772,48.5681],[-4.6077,48.6030],[-4.5301,48.6017],[-4.5574,48.6091],[-4.5636,48.6296],[-4.4066,48.6432],[-4.4265,48.6575],[-4.3432,48.6788],[-4.2991,48.6636],[-4.3065,48.6415],[-4.2420,48.6575],[-4.1937,48.6500],[-4.2130,48.6612],[-4.1738,48.6911],[-4.0792,48.6969],[-4.0640,48.6848],[-4.0565,48.7121],[-3.9739,48.7328],[-3.9547,48.6575],[-3.8919,48.6780],[-3.9063,48.6643],[-3.8517,48.6296],[-3.8579,48.6848],[-3.8374,48.6706],[-3.8371,48.7072],[-3.8169,48.7121],[-3.8101,48.7332],[-3.5847,48.6828],[-3.5705,48.6879],[-3.5804,48.7332],[-3.5283,48.7394],[-3.5815,48.7905],[-3.5425,48.8078],[-3.5152,48.8419],[-3.3976,48.8073],[-3.2595,48.8477],[-3.2297,48.8722],[-3.2071,48.8554],[-3.2278,48.8078],[-3.2205,48.7941],[-3.1453,48.8623],[-3.0914,48.8712],[-3.0907,48.8356],[-3.0770,48.8282],[-3.1254,48.7599],[-3.0655,48.8239],[-3.0081,48.8214],[-3.0423,48.7879],[-2.9330,48.7674],[-2.9466,48.7332],[-2.8269,48.6575],[-2.8129,48.5985],[-2.7140,48.5607],[-2.7344,48.5340],[-2.6823,48.5090],[-2.6761,48.5402],[-2.6200,48.5436],[-2.5694,48.5886],[-2.4595,48.6364],[-2.4874,48.6500],[-2.3862,48.6500],[-2.3160,48.6985],[-2.2819,48.6706],[-2.3303,48.6296],[-2.3126,48.6201],[-2.2509,48.6500],[-2.2136,48.5818],[-2.1926,48.6159],[-2.1740,48.5829],[-2.1590,48.5886],[-2.1721,48.6017],[-2.1610,48.6130],[-2.1243,48.6091],[-2.1448,48.6364],[-2.0523,48.6500],[-2.0008,48.5886],[-2.0082,48.5750],[-1.9763,48.5356],[-1.9802,48.5135],[-1.9393,48.5340],[-1.9672,48.5470],[-1.9802,48.5886],[-1.9529,48.5750],[-2.0004,48.6013],[-2.0287,48.6432],[-1.9859,48.6878],[-1.9456,48.6985],[-1.8437,48.7121],[-1.8363,48.6911],[-1.8611,48.6642],[-1.8609,48.6408],[-1.7960,48.6159],[-1.6439,48.6234],[-1.5797,48.6432],[-1.3565,48.6432],[-1.3946,48.6682],[-1.4432,48.6628],[-1.4558,48.6834],[-1.5026,48.6955],[-1.5164,48.7251],[-1.5536,48.7471],[-1.5667,48.8221],[-1.6029,48.8493],[-1.5785,48.8626],[-1.5637,48.9221],[-1.5427,48.9352],[-1.5630,48.9575],[-1.5457,49.0303],[-1.5079,49.0336],[-1.5497,49.0397],[-1.5794,49.0131],[-1.5935,49.0289],[-1.5893,49.0820],[-1.6077,49.1027],[-1.5694,49.1435],[-1.5893,49.1435],[-1.6104,49.2158],[-1.5484,49.2254],[-1.6168,49.2382],[-1.6246,49.2193],[-1.6718,49.2800],[-1.6581,49.2875],[-1.6990,49.3135],[-1.7066,49.3291],[-1.6861,49.3353],[-1.6991,49.3558],[-1.7147,49.3385],[-1.7755,49.3701],[-1.7679,49.3837],[-1.8164,49.3837],[-1.8194,49.4520],[-1.8846,49.5309],[-1.8437,49.5718],[-1.8395,49.6197],[-1.8694,49.6616],[-1.9456,49.6779],[-1.9352,49.7241],[-1.8394,49.7153],[-1.8164,49.6916],[-1.6171,49.6642],[-1.6066,49.6500],[-1.5114,49.6625],[-1.4557,49.7022],[-1.4094,49.7115],[-1.2630,49.6955],[-1.2277,49.6240],[-1.2640,49.5892],[-1.3014,49.5817],[-1.3062,49.5580],[-1.2615,49.4931],[-1.1756,49.4152],[-1.1819,49.3561],[-1.1034,49.3490],[-1.1063,49.3794],[-1.0722,49.3967],[-0.9404,49.3922],[-0.8221,49.3626],[-0.4111,49.3427],[-0.2194,49.2800],[-0.0338,49.3200],[0.0630,49.3544],[0.1623,49.4151],[0.4113,49.4520],[0.4931,49.4935],[0.4221,49.4644],[0.3396,49.4567],[0.1243,49.4857],[0.0786,49.5155],[0.0796,49.5421],[0.1308,49.6035],[0.1709,49.6916],[0.2358,49.7293],[0.5966,49.8572],[0.6748,49.8758],[0.7609,49.8750],[1.2212,49.9789],[1.4558,50.1236],[1.4868,50.1850],[1.5210,50.2146],[1.6725,50.1925],[1.6445,50.2123],[1.6650,50.2197],[1.6254,50.2243],[1.5415,50.2778],[1.5515,50.3490],[1.5720,50.3756],[1.6103,50.3706],[1.5551,50.4047],[1.5734,50.4453],[1.5792,50.5331],[1.6103,50.5481],[1.5778,50.5886],[1.5631,50.6782],[1.6056,50.7900],[1.5805,50.8688],[1.6533,50.8891],[1.7298,50.9439],[1.9213,50.9967],[2.1340,51.0199],[2.3160,51.0590],[2.3844,51.0553],[2.5218,51.0875],[2.5569,51.0011],[2.6084,50.9611],[2.6116,50.9412]],[[1.9679,42.4857],[1.9475,42.4512],[1.9994,42.4438],[1.9783,42.4749],[1.9679,42.4857]]],[[[-2.1425,46.9098],[-2.1948,46.9618],[-2.2202,46.9738],[-2.2473,46.9643],[-2.2956,47.0331],[-2.2000,47.0243],[-2.2001,46.9854],[-2.1448,46.9574],[-2.1425,46.9098]]]]}},{"type":"Feature","properties":{"zone":"GR","eic":"10YGR-HTSO-----Y","name":"Greece, IPTO BZ / CA/ MBA","country":"GR"},"geometry":{"type":"MultiPolygon","coordinates":[[[[23.3332,35.8291],[23.2809,35.8824],[23.2717,35.9042],[23.3307,35.8649],[23.3332,35.8291]]],[[[23.0584,36.2164],[23.0468,36.1432],[22.9907,36.1370],[22.9875,36.1515],[22.9240,36.1843],[22.9087,36.2059],[22.9161,36.2851],[22.8996,36.3281],[22.9326,36.3812],[22.9563,36.3834],[23.0117,36.3082],[23.0944,36.2543],[23.1038,36.2372],[23.0584,36.2164]]],[[[21.7778,36.6993],[21.7504,36.7123],[21.7641,36.7539],[21.7800,36.7475],[21.7778,36.6993]]],[[[21.7293,36.7949],[21.7163,36.7813],[21.6958,36.7403],[21.7008,36.7910],[21.7293,36.7949]]],[[[23.8842,36.8435],[23.8842,36.8323],[23.8767,36.8436],[23.8842,36.8435]]],[[[23.4577,36.9064],[23.4497,36.9291],[23.4672,36.9063],[23.4577,36.9064]]],[[[23.1647,37.2538],[23.1310,37.2437],[23.0944,37.2747],[23.1284,37.2883],[23.1510,37.2768],[23.1647,37.2538]]],[[[23.4968,37.3200],[23.3742,37.3026],[23.4636,37.3573],[23.5871,37.3709],[23.5476,37.3498],[23.5051,37.3498],[23.4968,37.3200]]],[[[23.5256,37.5280],[23.4812,37.5095],[23.4362,37.5217],[23.4817,37.5564],[23.5256,37.5280]]],[[[23.5301,37.7029],[23.4841,37.6788],[23.4573,37.6924],[23.4682,37.7145],[23.4344,37.7335],[23.4256,37.7682],[23.5631,37.7682],[23.5301,37.7029]]],[[[20.8938,37.7334],[20.8435,37.7015],[20.8468,37.6533],[20.8151,37.6515],[20.6194,37.8228],[20.6194,37.8644],[20.6857,37.9295],[20.7089,37.9252],[20.7419,37.8622],[20.8859,37.8139],[20.9179,37.7652],[20.9868,37.7298],[20.9963,37.6992],[20.9543,37.7238],[20.8938,37.7334]]],[[[23.4817,37.9417],[23.4977,37.9668],[23.4604,37.9525],[23.4220,37.9600],[23.4573,37.9736],[23.4294,37.9879],[23.4704,37.9804],[23.4782,37.9988],[23.5182,37.9990],[23.5368,37.9880],[23.5461,37.9525],[23.5734,37.9525],[23.5393,37.9395],[23.5182,37.8985],[23.5013,37.9060],[23.4670,37.8842],[23.4021,37.9059],[23.4228,37.9330],[23.4817,37.9417]]],[[[20.5649,38.0903],[20.4961,38.1244],[20.4687,38.1927],[20.5097,38.1796],[20.4453,38.2761],[20.4279,38.2616],[20.4253,38.1752],[20.3800,38.1518],[20.3390,38.2001],[20.3537,38.2532],[20.3921,38.3001],[20.3999,38.3640],[20.4067,38.3435],[20.4272,38.3633],[20.4790,38.3094],[20.5297,38.3374],[20.5309,38.3920],[20.5512,38.3851],[20.5377,38.4739],[20.5717,38.4739],[20.6258,38.3517],[20.6261,38.3284],[20.5991,38.3026],[20.6305,38.2579],[20.6816,38.2821],[20.6748,38.2678],[20.6935,38.2646],[20.7089,38.2269],[20.7513,38.1967],[20.8077,38.0995],[20.7946,38.0661],[20.7335,38.0624],[20.6145,38.1198],[20.5807,38.1154],[20.5649,38.0903]]],[[[20.7375,38.3715],[20.7636,38.3230],[20.7194,38.3156],[20.6878,38.3367],[20.6401,38.4466],[20.6145,38.4671],[20.6194,38.4813],[20.6355,38.4729],[20.6544,38.5018],[20.6718,38.4975],[20.6611,38.4608],[20.7089,38.4466],[20.6748,38.3776],[20.7158,38.3715],[20.7021,38.3851],[20.7387,38.3842],[20.7574,38.3715],[20.7375,38.3715]]],[[[24.5520,37.9781],[24.4768,37.9624],[24.4296,38.0211],[24.3864,37.9965],[24.4021,37.9804],[24.3717,37.9719],[24.3138,38.0292],[24.3269,38.0425],[24.2863,38.0862],[24.2039,38.0903],[24.2107,38.1244],[24.1829,38.1349],[24.2107,38.1660],[24.1853,38.2179],[24.1569,38.2295],[24.1425,38.2269],[24.1487,38.2132],[24.1262,38.2174],[24.1630,38.2678],[24.1534,38.2813],[24.1093,38.2562],[24.1147,38.2752],[24.1009,38.2752],[24.1215,38.3094],[24.0254,38.3305],[24.0669,38.3510],[24.0422,38.4015],[23.9123,38.3920],[23.8437,38.4056],[23.6491,38.4056],[23.6144,38.4608],[23.5940,38.4534],[23.6357,38.5009],[23.6141,38.5579],[23.5051,38.5973],[23.4977,38.6310],[23.4459,38.6767],[23.2023,38.8299],[23.1435,38.8506],[23.0691,38.8465],[23.0363,38.8744],[22.9694,38.8891],[22.9563,38.8779],[22.9919,38.8646],[22.9817,38.8450],[22.8330,38.8227],[22.8374,38.8544],[23.0356,38.9264],[23.0459,38.9468],[23.0867,38.9543],[23.0944,38.9878],[23.1274,39.0058],[23.1997,39.0089],[23.2990,39.0424],[23.3715,39.0103],[23.3846,38.9675],[23.4256,38.9543],[23.4506,38.8745],[23.4804,38.8380],[23.5940,38.7892],[23.5940,38.7702],[23.6622,38.7550],[23.7226,38.7619],[23.7535,38.7191],[23.8575,38.6825],[23.9477,38.6694],[23.9842,38.6862],[24.0730,38.6793],[24.1556,38.6526],[24.1262,38.6351],[24.1264,38.5985],[24.2314,38.5223],[24.1881,38.4741],[24.1843,38.4396],[24.2039,38.4125],[24.1850,38.4076],[24.2107,38.3776],[24.2148,38.3364],[24.2524,38.2923],[24.2524,38.2279],[24.3269,38.1859],[24.3444,38.1592],[24.3925,38.1640],[24.4777,38.1387],[24.5876,38.1592],[24.5799,38.0842],[24.5944,38.0624],[24.5520,37.9781]]],[[[20.9321,38.6030],[20.9075,38.5490],[20.8938,38.5490],[20.9321,38.6030]]],[[[20.9416,38.6273],[20.8706,38.5825],[20.8701,38.6035],[20.9038,38.6427],[20.9516,38.6492],[20.9416,38.6273]]],[[[20.7628,38.6391],[20.8000,38.5954],[20.7517,38.6260],[20.7369,38.6521],[20.7830,38.6749],[20.8053,38.6619],[20.7628,38.6391]]],[[[20.5623,38.6912],[20.6025,38.7817],[20.6452,38.8281],[20.6862,38.8500],[20.7177,38.8226],[20.7297,38.7358],[20.6969,38.6898],[20.7060,38.6804],[20.7225,38.7072],[20.7159,38.6270],[20.6953,38.6384],[20.7021,38.6179],[20.6489,38.6085],[20.6476,38.5838],[20.6023,38.6267],[20.5446,38.5695],[20.5623,38.6912]]],[[[21.3292,40.8662],[21.3812,40.9005],[21.4294,40.9089],[21.5095,40.9005],[21.5815,40.8662],[21.6851,40.9279],[21.7655,40.9239],[21.7837,40.9641],[21.8943,41.0538],[21.9090,41.0974],[22.0481,41.1518],[22.1033,41.1215],[22.2058,41.1614],[22.3026,41.1455],[22.3087,41.1249],[22.3801,41.1317],[22.4514,41.1136],[22.5901,41.1251],[22.6445,41.1802],[22.7048,41.1396],[22.7272,41.1658],[22.7513,41.3152],[22.7809,41.3348],[23.1571,41.3163],[23.1995,41.3329],[23.2242,41.3790],[23.2877,41.3981],[23.3260,41.3693],[23.4145,41.3999],[23.5130,41.3977],[23.6124,41.3710],[23.6721,41.4029],[23.7544,41.4006],[23.7770,41.4290],[23.8515,41.4395],[23.8947,41.4643],[23.9498,41.4375],[24.0007,41.4641],[24.0347,41.4513],[24.0519,41.463],[24.0473,41.5257],[24.1164,41.5333],[24.1702,41.5115],[24.1816,41.5373],[24.2332,41.5618],[24.2864,41.5403],[24.2961,41.5152],[24.4388,41.5276],[24.4592,41.5495],[24.5101,41.5616],[24.5309,41.5475],[24.5804,41.4405],[24.6991,41.4089],[24.7744,41.3480],[24.7942,41.3474],[24.8032,41.3926],[24.8863,41.4006],[25.1018,41.3366],[25.1770,41.2938],[25.2196,41.2497],[25.2857,41.2393],[25.5050,41.2805],[25.5514,41.3156],[25.6799,41.2971],[25.8110,41.3410],[25.8820,41.3040],[26.1208,41.3577],[26.1756,41.4318],[26.1458,41.4780],[26.1631,41.5291],[26.1312,41.5526],[26.1152,41.6166],[26.0550,41.6487],[26.0481,41.6890],[26.1083,41.7278],[26.2261,41.7496],[26.2739,41.7148],[26.3596,41.7148],[26.4761,41.6757],[26.4644,41.6485],[26.5764,41.5910],[26.5954,41.6124],[26.5954,41.5374],[26.6363,41.3995],[26.6317,41.3575],[26.6097,41.3307],[26.5401,41.3517],[26.4121,41.2656],[26.3205,41.2462],[26.3360,41.2289],[26.3210,41.1876],[26.3360,41.1525],[26.3173,41.1222],[26.3394,41.1144],[26.3250,41.0740],[26.3476,41.0409],[26.3741,41.0311],[26.3680,41.0077],[26.3331,40.9907],[26.3590,40.9646],[26.2943,40.9266],[26.3040,40.9090],[26.2603,40.9204],[26.2392,40.8856],[26.2261,40.8993],[26.2058,40.865],[26.2120,40.8474],[26.1582,40.8121],[26.1122,40.7469],[26.0815,40.7355],[26.0439,40.7384],[26.0273,40.7961],[26.0058,40.8039],[26.0537,40.8162],[26.0539,40.8309],[26.0122,40.8244],[25.9983,40.8387],[25.9983,40.8170],[25.9186,40.8529],[25.5377,40.8704],[25.2996,40.9518],[25.2661,40.9269],[25.1806,40.9426],[25.1340,40.9628],[25.1401,40.9835],[25.1699,40.9957],[25.1384,41.0100],[25.0390,41.0060],[25.0395,40.9895],[24.9917,40.9684],[24.9897,40.9421],[24.8921,40.9206],[24.8020,40.8534],[24.7657,40.8654],[24.7087,40.8517],[24.6627,40.8797],[24.6286,40.8585],[24.5666,40.9517],[24.5051,40.9616],[24.4641,40.9411],[24.3917,40.9364],[24.3126,40.8797],[24.3313,40.8550],[24.3056,40.8417],[24.3406,40.8312],[24.1101,40.7278],[23.9863,40.7321],[23.8420,40.7833],[23.7317,40.7518],[23.6970,40.7214],[23.7002,40.6736],[23.7556,40.6456],[23.7926,40.5879],[23.8466,40.5602],[23.8888,40.5637],[23.9148,40.5388],[23.9072,40.5253],[23.8230,40.5069],[23.8266,40.4613],[23.8681,40.4135],[23.9638,40.3794],[24.0024,40.3863],[24.0115,40.4018],[23.9912,40.4476],[24.0114,40.4491],[24.0857,40.3660],[24.1798,40.3515],[24.2039,40.3173],[24.2334,40.3168],[24.3833,40.1791],[24.3938,40.1524],[24.3610,40.1323],[24.2999,40.1280],[24.2861,40.1605],[24.2382,40.1869],[24.1689,40.2752],[24.0192,40.3104],[23.9365,40.3651],[23.8335,40.3720],[23.7596,40.3491],[23.7304,40.3589],[23.6936,40.3092],[23.7163,40.2553],[23.7785,40.2027],[23.8967,40.1713],[23.9912,40.1187],[23.9775,40.0908],[24.0048,40.0672],[23.9868,40.0421],[24.0117,40.0436],[24.0192,40.0163],[23.9880,39.9899],[23.9987,39.9747],[23.9699,39.9680],[23.9912,39.9535],[23.9196,39.9563],[23.9228,39.9747],[23.9006,39.9711],[23.9025,39.9884],[23.8449,40.0241],[23.8240,40.0219],[23.8266,40.0088],[23.7851,40.0672],[23.7933,40.0938],[23.6754,40.2179],[23.4384,40.2792],[23.3650,40.2617],[23.3400,40.2279],[23.3636,40.1504],[23.4006,40.1439],[23.4988,40.0423],[23.6702,39.9860],[23.6972,39.9404],[23.7478,39.9304],[23.7031,39.9126],[23.6164,39.9233],[23.4709,39.9716],[23.3606,39.9610],[23.3816,40.0026],[23.3059,40.1044],[23.3245,40.1749],[23.2990,40.2354],[23.0291,40.3257],[22.9638,40.3794],[22.8881,40.3862],[22.8896,40.4183],[22.8216,40.5021],[22.9415,40.5171],[22.9831,40.5526],[22.9417,40.5873],[22.9495,40.6054],[22.9104,40.6445],[22.8540,40.6394],[22.8505,40.5934],[22.8159,40.5706],[22.7585,40.5677],[22.7366,40.5153],[22.6735,40.5268],[22.6562,40.5045],[22.6753,40.4961],[22.6507,40.4728],[22.6028,40.4812],[22.5791,40.4682],[22.6037,40.4439],[22.6064,40.4135],[22.6611,40.3690],[22.5525,40.1665],[22.5713,40.0542],[22.6002,40.0163],[22.7078,39.9613],[22.7304,39.8854],[22.8502,39.7905],[22.9394,39.5806],[23.0974,39.5017],[23.1256,39.4544],[23.2713,39.3229],[23.3437,39.1796],[23.3012,39.1513],[23.2097,39.1318],[23.2302,39.1181],[23.2036,39.1045],[23.1154,39.0882],[23.0520,39.0977],[23.0810,39.1472],[23.1141,39.1591],[23.1005,39.1045],[23.1717,39.1349],[23.1813,39.1586],[23.1992,39.1514],[23.2171,39.1796],[23.1755,39.2342],[23.1691,39.2685],[23.1346,39.2969],[23.0205,39.3175],[22.9980,39.3571],[22.9358,39.3605],[22.9290,39.3242],[22.9428,39.3031],[22.8425,39.2884],[22.8261,39.2721],[22.8261,39.2212],[22.8540,39.1591],[22.8769,39.1903],[22.9018,39.1796],[22.9205,39.1251],[22.9360,39.1113],[22.9360,39.1318],[22.9611,39.1190],[22.9980,39.0697],[22.9980,39.0492],[22.9588,39.0251],[22.9638,39.0089],[23.0424,39.0401],[23.0730,39.0362],[23.0232,39.0084],[22.9845,38.9543],[22.9360,38.9468],[22.9428,38.9326],[22.8984,38.9196],[22.8465,38.9264],[22.8366,38.8964],[22.7920,38.8779],[22.7326,38.8723],[22.7182,38.8897],[22.6889,38.8779],[22.6215,38.9144],[22.5388,38.8779],[22.5250,38.8854],[22.5250,38.8581],[22.5729,38.8643],[22.5538,38.8480],[22.5827,38.8319],[22.6002,38.8444],[22.5934,38.8302],[22.7026,38.8506],[22.7783,38.7817],[22.8292,38.7860],[22.8671,38.7550],[22.9148,38.7755],[22.9453,38.7581],[23.0420,38.7467],[23.1045,38.6384],[23.1824,38.6537],[23.1960,38.6663],[23.1681,38.6793],[23.1867,38.6859],[23.3059,38.6526],[23.3312,38.6302],[23.3332,38.6042],[23.2933,38.5790],[23.2854,38.5564],[23.3073,38.5685],[23.3816,38.5353],[23.3400,38.5223],[23.3349,38.5036],[23.5193,38.4906],[23.5429,38.5117],[23.5672,38.5011],[23.6013,38.4739],[23.5734,38.4534],[23.5962,38.4467],[23.5940,38.4260],[23.6250,38.4140],[23.6728,38.3564],[23.7099,38.3367],[23.7819,38.3435],[23.9510,38.2909],[24.0690,38.2047],[24.0805,38.1660],[24.0594,38.1312],[24.0377,38.1437],[23.9890,38.1226],[24.0091,38.0405],[24.0327,38.0077],[24.0117,37.9668],[24.0117,37.9252],[24.0463,37.9059],[24.0117,37.8917],[24.0669,37.8644],[24.0532,37.8228],[24.0874,37.7852],[24.0818,37.7525],[24.0594,37.7334],[24.0730,37.7272],[24.0594,37.7197],[24.0721,37.6895],[24.0327,37.6515],[23.9497,37.6774],[23.9433,37.7272],[23.9226,37.7211],[23.9025,37.7818],[23.8888,37.7744],[23.8655,37.8076],[23.8129,37.8296],[23.8073,37.8085],[23.7789,37.8023],[23.6970,37.9395],[23.6281,37.9326],[23.6417,37.9525],[23.5608,37.9728],[23.5529,37.9804],[23.5979,38.0211],[23.5745,38.0467],[23.4499,38.0214],[23.3952,37.9879],[23.4294,37.9804],[23.4089,37.9743],[23.2268,37.9736],[23.0940,37.9110],[23.0151,37.9252],[22.9951,37.8821],[23.0125,37.8475],[23.1141,37.8507],[23.1823,37.8091],[23.1823,37.7744],[23.1281,37.7604],[23.1209,37.7409],[23.1755,37.7197],[23.1686,37.6141],[23.3366,37.5354],[23.3603,37.5476],[23.3591,37.5742],[23.3121,37.6173],[23.3986,37.6378],[23.4043,37.5992],[23.3742,37.5558],[23.4220,37.5280],[23.3952,37.5149],[23.4791,37.4906],[23.5256,37.4597],[23.5256,37.4391],[23.4465,37.4146],[23.2627,37.4010],[23.2299,37.3749],[23.2780,37.3498],[23.1860,37.3406],[23.2036,37.3026],[23.1686,37.2995],[23.1414,37.3095],[23.1618,37.3231],[23.1233,37.3247],[23.1141,37.3361],[23.1346,37.3293],[23.1224,37.3456],[23.0730,37.3552],[23.0726,37.4011],[23.0949,37.3895],[23.1141,37.4256],[23.1414,37.4119],[23.1320,37.4486],[23.0459,37.4597],[23.0594,37.4665],[23.0459,37.4870],[23.0048,37.4597],[22.9807,37.5087],[22.9215,37.5403],[22.9018,37.5416],[22.9223,37.5280],[22.8850,37.5331],[22.8540,37.5149],[22.8193,37.5354],[22.8261,37.5490],[22.7783,37.5968],[22.7264,37.5663],[22.7304,37.4944],[22.7648,37.4317],[22.7579,37.3982],[22.8193,37.3436],[22.8193,37.3163],[22.9065,37.1939],[22.9031,37.1212],[22.9563,37.1239],[22.9563,37.0959],[22.9817,37.0827],[22.9638,37.0829],[22.9998,37.0332],[23.0117,36.9867],[22.9907,36.9867],[23.0117,36.9730],[23.0117,36.9389],[23.0459,36.8690],[23.0932,36.8182],[23.0805,36.7887],[23.1141,36.7813],[23.0886,36.7328],[23.0520,36.7471],[23.0309,36.7255],[23.0322,36.6925],[23.0594,36.6925],[23.0344,36.6748],[23.0356,36.6490],[23.0805,36.5792],[23.1550,36.5410],[23.1346,36.5075],[23.2036,36.4561],[23.1960,36.4325],[23.1618,36.4461],[23.1393,36.4340],[23.0947,36.4431],[23.0662,36.4734],[23.0721,36.4931],[23.0510,36.5224],[22.9724,36.5202],[22.9292,36.5963],[22.8746,36.6305],[22.8842,36.6542],[22.8371,36.6865],[22.8149,36.6705],[22.8171,36.7179],[22.7868,36.7934],[22.6855,36.8094],[22.5774,36.7830],[22.5791,36.7403],[22.5461,36.7214],[22.5250,36.6851],[22.5498,36.6782],[22.5525,36.6509],[22.5338,36.6705],[22.5167,36.6661],[22.5260,36.6123],[22.5127,36.6027],[22.5046,36.6242],[22.4840,36.6066],[22.4865,36.5250],[22.5114,36.4666],[22.4909,36.3909],[22.4699,36.4523],[22.4083,36.4871],[22.3813,36.4804],[22.3545,36.5119],[22.3674,36.5479],[22.3881,36.5560],[22.3737,36.5827],[22.3879,36.6025],[22.3674,36.6025],[22.3713,36.6427],[22.3879,36.6441],[22.3684,36.6564],[22.3879,36.7062],[22.3585,36.7020],[22.3054,36.7750],[22.2916,36.8201],[22.2215,36.8975],[22.2002,36.9063],[22.1750,36.8911],[22.1378,36.9171],[22.1531,37.0211],[22.0481,37.0351],[21.9431,36.9933],[21.9217,36.8632],[21.9285,36.8222],[21.9702,36.7949],[21.9450,36.7899],[21.9358,36.7660],[21.8825,36.7265],[21.8227,36.8085],[21.7641,36.7949],[21.7073,36.8180],[21.6884,36.8495],[21.6884,36.8911],[21.7099,36.9426],[21.6881,36.9645],[21.6679,36.9594],[21.6816,36.9730],[21.6617,36.9594],[21.6547,36.9946],[21.5786,37.0767],[21.5696,37.1161],[21.5743,37.1923],[21.6823,37.2839],[21.6958,37.3163],[21.6748,37.3959],[21.5499,37.5614],[21.4021,37.6554],[21.3432,37.6693],[21.3237,37.6649],[21.3122,37.6378],[21.2986,37.6725],[21.3118,37.7263],[21.2849,37.7851],[21.1220,37.8373],[21.1062,37.8780],[21.1335,37.9463],[21.1643,37.9296],[21.2077,37.9460],[21.3259,38.0214],[21.3185,38.0351],[21.2843,38.0152],[21.3670,38.1210],[21.3742,38.2206],[21.4085,38.1859],[21.4008,38.2147],[21.5239,38.1660],[21.6223,38.1547],[21.7013,38.2052],[21.7641,38.2958],[21.8494,38.3412],[21.9559,38.3367],[22.0203,38.3132],[22.0488,38.2748],[22.1136,38.2678],[22.1433,38.2490],[22.1613,38.2132],[22.2185,38.1881],[22.3312,38.1789],[22.4148,38.1378],[22.5114,38.1292],[22.6804,38.0665],[22.8671,37.9395],[22.9463,37.9462],[22.9753,37.9789],[22.8874,38.0336],[22.8540,38.0351],[22.8754,38.0493],[22.9428,38.0834],[23.0686,38.0589],[23.1728,38.0794],[23.2166,38.1033],[23.1755,38.1449],[23.2233,38.1592],[23.1284,38.1722],[23.1489,38.1859],[23.1227,38.2080],[23.0666,38.1831],[23.0322,38.1859],[23.0520,38.1927],[23.0250,38.2166],[22.9519,38.2252],[22.9223,38.2070],[22.9505,38.2097],[22.9694,38.1927],[22.9087,38.1927],[22.8950,38.2411],[22.8808,38.2269],[22.8746,38.2411],[22.8056,38.2269],[22.7648,38.2479],[22.7988,38.2821],[22.6964,38.3168],[22.6753,38.3435],[22.6844,38.3610],[22.6464,38.3899],[22.6268,38.3715],[22.6461,38.3618],[22.6123,38.3638],[22.5871,38.3367],[22.6064,38.3230],[22.6002,38.3026],[22.5625,38.2935],[22.4684,38.4211],[22.4016,38.4534],[22.4083,38.4155],[22.3737,38.3920],[22.3986,38.3759],[22.3823,38.3426],[22.2248,38.3600],[22.1892,38.3230],[22.1325,38.3727],[21.9578,38.4116],[21.8792,38.3779],[21.8312,38.3966],[21.7822,38.3636],[21.7625,38.3283],[21.7163,38.3578],[21.5996,38.3510],[21.5177,38.2958],[21.4283,38.3305],[21.4897,38.3094],[21.4897,38.3367],[21.4760,38.3435],[21.4897,38.3578],[21.4699,38.3578],[21.4760,38.3715],[21.4221,38.3640],[21.4162,38.3941],[21.3774,38.3988],[21.3601,38.4677],[21.3225,38.4962],[21.3086,38.4943],[21.3532,38.4329],[21.3390,38.4329],[21.3365,38.3956],[21.2911,38.3776],[21.2911,38.3640],[21.2695,38.3678],[21.2722,38.3544],[21.2392,38.3311],[21.1896,38.3413],[21.1813,38.3305],[21.1999,38.3230],[21.1556,38.3039],[21.1403,38.3367],[21.0852,38.3435],[21.1057,38.3529],[21.1062,38.3715],[21.0925,38.3640],[21.1062,38.3851],[21.1135,38.3739],[21.1403,38.3988],[21.0867,38.4104],[21.0852,38.4403],[21.1067,38.4254],[21.1198,38.4403],[21.1062,38.4329],[21.1062,38.4813],[21.0789,38.4875],[21.0993,38.4943],[21.0852,38.5018],[21.0959,38.5319],[21.0305,38.5114],[21.0168,38.5458],[21.0246,38.6084],[20.9881,38.6640],[20.9143,38.6862],[20.8831,38.7793],[20.8598,38.8035],[20.8113,38.7625],[20.8040,38.7733],[20.7732,38.7609],[20.7293,38.8097],[20.7493,38.8572],[20.8051,38.8677],[20.7560,38.9068],[20.7697,38.9589],[20.7815,38.9350],[20.8170,38.9213],[20.8598,38.9605],[20.8667,38.9264],[20.9038,38.9280],[20.9206,38.9543],[21.0273,38.9326],[21.0255,38.8980],[21.0852,38.8643],[21.1023,38.9108],[21.1774,38.8760],[21.1401,38.9413],[21.1599,38.9977],[21.0852,39.0629],[21.0789,39.0362],[21.0373,39.0219],[21.0583,39.0089],[20.9537,39.0341],[20.9348,39.0567],[20.9484,39.0697],[20.9013,39.0772],[20.8667,39.0530],[20.8864,39.0364],[20.8449,39.0369],[20.8598,39.0424],[20.8577,39.0589],[20.8462,39.0772],[20.8256,39.0697],[20.8380,39.0917],[20.8224,39.1144],[20.7771,39.0908],[20.7918,39.0807],[20.7840,39.0492],[20.7574,39.0219],[20.7431,39.0294],[20.7453,39.0147],[20.8317,38.9636],[20.7663,38.9776],[20.7351,38.9501],[20.7021,38.9983],[20.7158,39.0151],[20.6865,39.0724],[20.5958,39.1238],[20.4788,39.2251],[20.4824,39.2826],[20.3935,39.2969],[20.3655,39.2876],[20.3248,39.3037],[20.2928,39.3334],[20.2907,39.3646],[20.2697,39.3873],[20.2360,39.3993],[20.2428,39.4124],[20.2155,39.4403],[20.2673,39.4469],[20.2155,39.4949],[20.2550,39.4923],[20.2639,39.5086],[20.2220,39.5213],[20.2224,39.5086],[20.1831,39.5332],[20.1335,39.5297],[20.1466,39.5707],[20.1745,39.5768],[20.1818,39.6244],[20.0888,39.6730],[19.9998,39.6935],[20.0893,39.6827],[20.1841,39.6370],[20.2120,39.6670],[20.2460,39.6629],[20.2490,39.6848],[20.2994,39.7282],[20.2756,39.7600],[20.2800,39.8039],[20.3716,39.7842],[20.3970,39.8180],[20.3179,39.9183],[20.2979,39.9869],[20.3764,39.9937],[20.4004,40.0452],[20.4327,40.0638],[20.5777,40.0672],[20.6475,40.0940],[20.6682,40.1380],[20.6603,40.1788],[20.6964,40.2150],[20.6991,40.2783],[20.7366,40.3036],[20.7704,40.3625],[20.7706,40.4219],[20.8092,40.4366],[20.8399,40.4716],[20.9119,40.4595],[20.9368,40.4725],[20.9579,40.5149],[21.0187,40.5589],[21.0353,40.6593],[20.9436,40.7652],[20.9670,40.8020],[20.9652,40.8493],[21.1830,40.8701],[21.3292,40.8662]]],[[[23.5871,39.2075],[23.7304,39.1461],[23.7267,39.1314],[23.7926,39.1181],[23.7412,39.0802],[23.6660,39.0927],[23.6696,39.1181],[23.6212,39.1557],[23.5871,39.2075]]],[[[23.3986,39.1636],[23.4704,39.2138],[23.5128,39.1785],[23.4604,39.1318],[23.3952,39.1461],[23.3986,39.1636]]],[[[20.1587,39.1891],[20.1281,39.2231],[20.1253,39.2360],[20.1403,39.2416],[20.2019,39.1796],[20.1587,39.1891]]],[[[23.8730,39.1801],[23.8893,39.2174],[23.9570,39.2894],[23.9502,39.2752],[23.9721,39.2719],[23.9669,39.2511],[23.9216,39.1904],[23.8645,39.1439],[23.8335,39.1461],[23.8730,39.1801]]],[[[20.1179,39.3709],[19.9074,39.4350],[19.9275,39.4471],[19.8789,39.4531],[19.8288,39.5723],[19.7485,39.6200],[19.7189,39.6730],[19.6813,39.6799],[19.6717,39.7240],[19.6531,39.7146],[19.6501,39.7417],[19.6264,39.7482],[19.6674,39.7935],[19.7990,39.8028],[19.8518,39.8245],[19.9343,39.7829],[19.9480,39.7903],[19.9337,39.7411],[19.8415,39.7041],[19.8391,39.6798],[19.8586,39.6662],[19.8449,39.6526],[19.9275,39.6253],[19.9235,39.6035],[19.9001,39.6041],[19.9365,39.4729],[20.0327,39.4392],[20.0818,39.4473],[20.1179,39.3709]]],[[[24.0463,34.8490],[24.0805,34.8689],[24.1284,34.8627],[24.1214,34.8361],[24.1352,34.8150],[24.0463,34.8490]]],[[[26.3211,35.1979],[26.2409,35.0390],[26.1329,34.9993],[25.9848,35.0391],[25.8081,35.0057],[25.6012,35.0135],[25.5061,34.9845],[25.3476,34.9915],[25.1077,34.9378],[24.7385,34.9316],[24.7552,34.9579],[24.7589,35.0414],[24.7181,35.0939],[24.5646,35.1061],[24.5007,35.1524],[24.4641,35.1501],[24.4038,35.1750],[24.4021,35.1911],[24.2932,35.1822],[24.2177,35.1911],[24.2039,35.2053],[24.0846,35.2045],[24.0498,35.1911],[23.9876,35.2333],[23.9018,35.2311],[23.8266,35.2525],[23.6833,35.2258],[23.6105,35.2349],[23.5871,35.2394],[23.5182,35.3077],[23.5529,35.3214],[23.5385,35.3740],[23.5734,35.4347],[23.5598,35.4518],[23.5776,35.4929],[23.5660,35.5274],[23.5803,35.5759],[23.6047,35.6126],[23.6198,35.5240],[23.6594,35.5012],[23.7184,35.5128],[23.7304,35.5541],[23.7111,35.6488],[23.7500,35.6865],[23.7789,35.6715],[23.7678,35.6538],[23.7789,35.5759],[23.8171,35.5348],[24.0254,35.5206],[24.0576,35.5529],[24.0940,35.5541],[24.0817,35.5899],[24.1152,35.6013],[24.1829,35.5855],[24.2032,35.5418],[24.1829,35.5132],[24.0812,35.5149],[24.0719,35.4983],[24.1866,35.4518],[24.2524,35.4790],[24.2654,35.3698],[24.3400,35.3483],[24.4280,35.3696],[24.4641,35.3624],[24.7209,35.4272],[24.8408,35.4039],[24.8955,35.4245],[24.9575,35.4039],[24.9712,35.4245],[25.0532,35.4039],[25.0553,35.3552],[25.0769,35.3444],[25.3759,35.3431],[25.4253,35.2995],[25.4536,35.2941],[25.6599,35.3493],[25.7663,35.3356],[25.7247,35.2941],[25.7292,35.2645],[25.7509,35.2841],[25.7589,35.2599],[25.7321,35.2463],[25.7127,35.1828],[25.7285,35.1333],[25.7952,35.1151],[25.8303,35.1223],[25.8966,35.1848],[25.9785,35.1954],[26.0605,35.2333],[26.1196,35.2153],[26.1082,35.2053],[26.1297,35.1958],[26.1794,35.2071],[26.2595,35.2844],[26.2939,35.2879],[26.2939,35.3152],[26.3211,35.3152],[26.3123,35.2969],[26.2659,35.2599],[26.2994,35.1855],[26.3211,35.1979]]],[[[25.4650,36.3424],[25.3616,36.3567],[25.4094,36.3635],[25.4367,36.3909],[25.4218,36.4511],[25.3685,36.4734],[25.4179,36.4704],[25.4791,36.4243],[25.4892,36.3778],[25.4650,36.3424]]],[[[24.9228,36.6022],[24.8408,36.6652],[24.9479,36.6243],[24.9637,36.5963],[24.9228,36.6022]]],[[[25.0673,36.6378],[25.1046,36.6993],[25.1462,36.7198],[25.1858,36.7191],[25.1295,36.6603],[25.0673,36.6378]]],[[[24.4846,36.6652],[24.3269,36.6509],[24.3269,36.6993],[24.3406,36.7123],[24.3269,36.7198],[24.3542,36.7539],[24.3953,36.7359],[24.4072,36.7072],[24.4607,36.6993],[24.4714,36.7042],[24.4591,36.7267],[24.4270,36.7338],[24.4088,36.7608],[24.4202,36.7710],[24.4743,36.7471],[24.5333,36.7680],[24.5460,36.7539],[24.5460,36.6887],[24.4846,36.6652]]],[[[25.2518,36.7267],[25.2627,36.7676],[25.3069,36.7949],[25.3479,36.7471],[25.4094,36.7123],[25.3901,36.7036],[25.3951,36.6789],[25.3732,36.6537],[25.3379,36.6682],[25.2797,36.7267],[25.2518,36.7267]]],[[[24.6081,36.7813],[24.6386,36.7946],[24.6677,36.7639],[24.6447,36.7472],[24.6081,36.7813]]],[[[24.5398,36.7844],[24.5261,36.8290],[24.5472,36.8424],[24.6081,36.8359],[24.5727,36.7819],[24.5398,36.7844]]],[[[24.7657,36.9492],[24.7106,36.9042],[24.6692,36.9784],[24.6765,37.0004],[24.6422,37.0277],[24.6422,37.0488],[24.7043,37.0351],[24.7516,36.9857],[24.7657,36.9492]]],[[[25.0879,37.0419],[25.0599,36.9730],[25.0810,36.9526],[25.0470,36.9692],[25.0258,37.0078],[25.0532,37.0343],[25.0879,37.0419]]],[[[25.1884,36.9852],[25.1033,37.0128],[25.1129,37.0627],[25.1562,37.0897],[25.1357,37.0938],[25.1785,37.1294],[25.2387,37.1518],[25.2239,37.1343],[25.2592,37.1239],[25.2729,37.1376],[25.2661,37.1518],[25.2933,37.1518],[25.2629,37.0898],[25.2797,37.0692],[25.2661,37.0549],[25.2797,37.0488],[25.1884,36.9852]]],[[[24.5149,37.206],[24.5320,37.1856],[24.5324,37.1301],[24.5188,37.1444],[24.4983,37.1102],[24.4983,37.1239],[24.4641,37.1239],[24.4594,37.1371],[24.4225,37.1239],[24.4362,37.1853],[24.5149,37.206]]],[[[24.4362,37.4870],[24.4305,37.4460],[24.4826,37.4124],[24.4777,37.3908],[24.4633,37.3944],[24.4436,37.3498],[24.4117,37.3239],[24.3679,37.3095],[24.4021,37.3709],[24.3884,37.3845],[24.3947,37.4117],[24.3679,37.4119],[24.3748,37.4384],[24.4362,37.4870]]],[[[24.9661,37.4077],[24.8818,37.3635],[24.8886,37.3982],[24.8613,37.3982],[24.8818,37.4256],[24.8681,37.4317],[24.8981,37.4486],[24.8953,37.5104],[24.9296,37.5081],[24.9480,37.4855],[24.9575,37.4597],[24.9433,37.4354],[24.9661,37.4077]]],[[[25.3069,37.4119],[25.3264,37.4628],[25.3069,37.4727],[25.3126,37.4882],[25.3479,37.5081],[25.3772,37.4674],[25.3953,37.4939],[25.4655,37.4633],[25.4572,37.4460],[25.4077,37.4368],[25.4025,37.4181],[25.3069,37.4119]]],[[[24.2754,37.5316],[24.2893,37.6453],[24.3278,37.6649],[24.3304,37.6839],[24.3747,37.6862],[24.4025,37.6557],[24.3957,37.6246],[24.3129,37.5382],[24.2754,37.5316]]],[[[24.9814,37.6702],[25.0532,37.6788],[25.0879,37.6446],[25.1227,37.6516],[25.1494,37.6310],[25.1648,37.6458],[25.1926,37.6413],[25.2456,37.6242],[25.2592,37.5900],[25.2273,37.5374],[25.1699,37.5386],[24.9978,37.6378],[24.9814,37.6702]]],[[[24.6596,37.6068],[24.7329,37.6320],[24.7412,37.5956],[24.6596,37.6068]]],[[[24.9637,37.6862],[24.9160,37.7197],[24.8921,37.7682],[24.8652,37.7738],[24.8165,37.8238],[24.7999,37.8159],[24.7942,37.8438],[24.7385,37.8917],[24.7161,37.8790],[24.7180,37.8985],[24.6838,37.9326],[24.6956,37.9355],[24.6936,37.9657],[24.7790,38.0002],[24.8300,37.9630],[24.8408,37.9190],[24.9637,37.8967],[24.9433,37.8433],[24.9848,37.8159],[24.9575,37.7744],[24.9917,37.7682],[24.9943,37.7540],[24.9575,37.7067],[24.9637,37.6862]]],[[[24.6702,38.7817],[24.6252,38.7692],[24.5947,38.7915],[24.5666,38.7625],[24.5324,38.7960],[24.5739,38.8097],[24.5569,38.8456],[24.5051,38.8444],[24.4777,38.8779],[24.4362,38.8779],[24.4621,38.9109],[24.4611,38.9676],[24.4914,38.9810],[24.5739,38.9326],[24.5786,38.8755],[24.6632,38.8266],[24.6829,38.8004],[24.6702,38.7817]]],[[[24.0631,39.2970],[24.0415,39.3305],[24.0671,39.3630],[24.0698,39.3456],[24.0947,39.3455],[24.0940,39.3300],[24.0818,39.3047],[24.0631,39.2970]]],[[[24.9765,39.5376],[25.0122,39.5638],[25.0473,39.5453],[24.9848,39.4669],[24.9765,39.5376]]],[[[25.4367,40.0225],[25.4498,39.9884],[25.3855,39.9444],[25.3889,39.9195],[25.3479,39.9064],[25.3685,39.8989],[25.3403,39.8742],[25.3698,39.8171],[25.3489,39.7876],[25.2952,39.8076],[25.2902,39.8307],[25.2387,39.8580],[25.2797,39.8891],[25.2506,39.9185],[25.1971,39.8928],[25.2251,39.8854],[25.1941,39.8736],[25.1772,39.8450],[25.2021,39.8410],[25.2145,39.8034],[25.1432,39.8170],[25.1648,39.8590],[25.1357,39.8375],[25.1220,39.8580],[25.0470,39.8375],[25.0673,39.8580],[25.0470,39.8785],[25.0682,39.9208],[25.0333,39.9952],[25.2251,40.0088],[25.2609,39.9909],[25.2851,39.9533],[25.3479,39.9815],[25.3820,40.0225],[25.4498,40.0362],[25.4367,40.0225]]],[[[24.7657,40.6696],[24.7801,40.6122],[24.7557,40.6199],[24.6422,40.5706],[24.5867,40.6220],[24.5167,40.6391],[24.5119,40.6668],[24.5666,40.7555],[24.6422,40.8039],[24.7317,40.7835],[24.7438,40.7593],[24.7825,40.7421],[24.7592,40.7233],[24.7863,40.7078],[24.7657,40.6696]]],[[[27.0070,35.3977],[26.8767,35.3493],[26.8483,35.3723],[26.9002,35.4245],[27.0119,35.4376],[26.9996,35.4245],[27.0070,35.3977]]],[[[27.1567,35.4245],[27.1710,35.4313],[27.1362,35.4039],[27.1430,35.4203],[27.0930,35.4518],[27.1088,35.4660],[27.1020,35.4790],[27.1188,35.4826],[27.1137,35.5509],[27.0748,35.5802],[27.0693,35.6022],[27.1154,35.6422],[27.1279,35.6933],[27.1541,35.7179],[27.1567,35.8012],[27.1845,35.8012],[27.2209,35.8292],[27.2324,35.8223],[27.2119,35.7773],[27.2187,35.7261],[27.1609,35.6513],[27.1565,35.6188],[27.2208,35.5510],[27.2037,35.5271],[27.2373,35.4933],[27.2324,35.4722],[27.1809,35.4689],[27.1567,35.4245]]],[[[28.1754,36.2904],[28.1305,36.1854],[28.1032,36.1854],[28.0616,36.1165],[28.0964,36.1035],[28.0759,36.0755],[28.0896,36.0551],[27.9934,36.0619],[27.9323,36.0253],[27.8274,35.9137],[27.7804,35.8900],[27.7326,35.9151],[27.7122,35.9527],[27.7540,36.0371],[27.7570,36.0843],[27.7088,36.1271],[27.7122,36.1444],[27.6842,36.1581],[27.7719,36.1978],[27.8078,36.2742],[27.8374,36.2809],[27.8996,36.3401],[28.1184,36.4276],[28.1839,36.4244],[28.2224,36.456],[28.2397,36.4386],[28.2258,36.4179],[28.2363,36.3730],[28.2111,36.3576],[28.2050,36.3226],[28.1754,36.2904]]],[[[27.6101,36.2164],[27.5315,36.2117],[27.5174,36.2309],[27.5486,36.2440],[27.6189,36.2379],[27.6101,36.2164]]],[[[25.8380,36.3517],[25.8176,36.3635],[25.7464,36.3579],[25.7302,36.3801],[25.7678,36.4015],[25.8551,36.3635],[25.8380,36.3517]]],[[[27.4446,36.4045],[27.3992,36.3787],[27.3647,36.3933],[27.3496,36.4312],[27.3149,36.4113],[27.2944,36.4355],[27.3006,36.4734],[27.3102,36.4577],[27.3558,36.4796],[27.3968,36.4386],[27.3874,36.4208],[27.3995,36.4101],[27.4384,36.4181],[27.4446,36.4045]]],[[[26.4659,36.5827],[26.3733,36.5724],[26.3486,36.5410],[26.3494,36.5156],[26.3177,36.5075],[26.2659,36.5479],[26.2614,36.5876],[26.2947,36.5965],[26.3416,36.5690],[26.3659,36.5895],[26.4038,36.5895],[26.3621,36.6378],[26.4305,36.6187],[26.4659,36.5827]]],[[[27.8698,36.6242],[27.8767,36.5410],[27.8282,36.5280],[27.8493,36.5479],[27.7924,36.5669],[27.8078,36.5758],[27.7600,36.5758],[27.7878,36.6168],[27.8610,36.6467],[27.8152,36.6100],[27.8357,36.6025],[27.8698,36.6242]]],[[[27.1297,36.5695],[27.1372,36.6000],[27.1667,36.6150],[27.1858,36.6156],[27.2060,36.5871],[27.1745,36.5605],[27.1297,36.5695]]],[[[27.1298,36.7608],[27.0475,36.7750],[26.9920,36.7536],[26.9757,36.7407],[26.9860,36.7198],[26.9656,36.7055],[26.9729,36.6789],[26.9177,36.7161],[26.9262,36.7656],[26.9587,36.7813],[26.9860,36.7676],[27.0612,36.8393],[27.1642,36.8911],[27.2809,36.9079],[27.3558,36.8632],[27.2142,36.8238],[27.1298,36.7608]]],[[[25.4709,36.8706],[25.4777,36.8351],[25.4578,36.8248],[25.4231,36.8325],[25.4709,36.8706]]],[[[26.0704,36.8920],[26.0058,36.8911],[25.9213,36.8410],[25.8796,36.7949],[25.7555,36.7699],[25.7390,36.7949],[25.8454,36.8085],[25.8631,36.8359],[25.8515,36.8311],[25.8454,36.8495],[25.9718,36.8980],[25.9506,36.9184],[25.9983,36.9389],[26.0704,36.8920]]],[[[25.6844,36.8911],[25.6316,36.8826],[25.6086,36.8837],[25.6496,36.9116],[25.6844,36.8911]]],[[[26.9116,36.9457],[26.9519,37.0351],[26.9171,37.0416],[26.8855,37.0755],[26.8898,37.0897],[26.9860,37.0488],[26.9729,37.0419],[27.0070,37.0004],[27.0412,37.0078],[27.0403,36.9450],[26.9934,36.9526],[26.9834,36.9295],[26.9450,36.9259],[26.9116,36.9457]]],[[[25.5862,37.1606],[25.5808,37.0177],[25.5525,36.9689],[25.4498,36.9184],[25.4231,36.9668],[25.3889,36.9867],[25.3820,37.0351],[25.3418,37.0767],[25.4951,37.1891],[25.5337,37.2006],[25.5862,37.1606]]],[[[25.7805,37.1239],[25.8346,37.1376],[25.8367,37.1023],[25.8005,37.0959],[25.7805,37.1239]]],[[[26.8698,37.0980],[26.8375,37.1047],[26.8523,37.1245],[26.8172,37.1198],[26.8169,37.1465],[26.7727,37.1826],[26.8082,37.2002],[26.8497,37.1873],[26.8440,37.1620],[26.8868,37.1166],[26.8698,37.0980]]],[[[26.5724,37.3471],[26.5488,37.3265],[26.5651,37.3084],[26.5573,37.2712],[26.5285,37.3007],[26.5363,37.3727],[26.5805,37.3701],[26.6061,37.3395],[26.5724,37.3471]]],[[[26.0782,37.5275],[25.9907,37.5131],[25.9718,37.5354],[26.0742,37.6378],[26.1974,37.6322],[26.2807,37.6754],[26.3621,37.6862],[26.3191,37.6342],[26.2306,37.5713],[26.1279,37.5558],[26.0782,37.5275]]],[[[26.9100,37.6780],[26.8693,37.6446],[26.7973,37.6446],[26.7609,37.6896],[26.7082,37.7135],[26.5983,37.6771],[26.5802,37.7407],[26.6580,37.7927],[26.7718,37.8141],[26.8420,37.8091],[26.9660,37.7477],[26.9450,37.7887],[26.9934,37.7961],[26.9939,37.7840],[27.0678,37.7744],[27.0322,37.7531],[27.0475,37.7272],[27.0652,37.7290],[27.0612,37.7067],[27.0008,37.7066],[26.9100,37.6780]]],[[[26.1219,38.4875],[26.1540,38.4672],[26.1393,38.4188],[26.1635,38.3026],[26.1135,38.2842],[26.1022,38.2617],[26.1120,38.2226],[26.0400,38.2001],[26.0097,38.1567],[25.9646,38.1718],[25.9104,38.2269],[25.8898,38.2206],[25.8898,38.2479],[25.8660,38.2456],[25.8762,38.2752],[25.9643,38.3026],[25.9755,38.3372],[25.9921,38.3435],[25.9853,38.3920],[25.9506,38.4056],[25.9438,38.4534],[25.8752,38.4835],[25.8346,38.5285],[25.8488,38.5803],[25.9953,38.6042],[26.0639,38.5900],[26.1082,38.5427],[26.1157,38.5633],[26.1435,38.5643],[26.1635,38.5427],[26.1443,38.4929],[26.1219,38.4875]]],[[[25.6071,38.5414],[25.5608,38.5353],[25.5608,38.5633],[25.5261,38.6042],[25.5888,38.6117],[25.6223,38.5838],[25.6071,38.5414]]],[[[26.5192,39.0362],[26.5266,39.0834],[26.4892,39.1136],[26.4370,39.1035],[26.5471,39.0089],[26.5471,38.9878],[26.4241,38.9673],[26.2763,39.0106],[26.1552,39.0249],[26.0879,39.0834],[26.1601,39.0977],[26.1914,39.1275],[26.2255,39.1318],[26.2934,39.1771],[26.2800,39.1964],[26.1873,39.2020],[26.0974,39.1056],[26.0639,39.0908],[25.8889,39.1447],[25.8346,39.1796],[25.8551,39.2212],[25.8420,39.2280],[25.8586,39.2592],[25.9172,39.2969],[25.9363,39.2765],[26.0332,39.2826],[26.0468,39.3031],[26.0605,39.2894],[26.1627,39.3236],[26.1635,39.3788],[26.3621,39.3788],[26.3547,39.3565],[26.4174,39.3304],[26.3821,39.2770],[26.5397,39.1659],[26.5307,39.1506],[26.6123,39.0492],[26.5974,39.0119],[26.5514,39.0150],[26.5192,39.0362]]],[[[25.4435,40.4818],[25.5758,40.5147],[25.6718,40.4874],[25.6975,40.4610],[25.6953,40.4326],[25.5671,40.3998],[25.4435,40.4818]]]]}},{"type":"Feature","properties":{"zone":"HU","eic":"10YHU-MAVIR----U","name":"Hungary, MAVIR CA / BZ / MBA","country":"HU"},"geometry":{"type":"Polygon","coordinates":[[[22.8776,47.9467],[22.8197,47.8923],[22.7636,47.8747],[22.7518,47.8276],[22.7038,47.8171],[22.6377,47.7715],[22.5629,47.7572],[22.4543,47.7873],[22.4236,47.7825],[22.3958,47.7356],[22.2730,47.7237],[22.2078,47.6737],[22.1620,47.5862],[22.0995,47.5709],[22.0078,47.5174],[21.9888,47.4929],[22.0015,47.3938],[21.9815,47.3661],[21.9190,47.3496],[21.8621,47.2974],[21.8236,47.2149],[21.8198,47.1727],[21.7798,47.1407],[21.7637,47.1052],[21.6328,47.0226],[21.6713,46.9933],[21.6485,46.9429],[21.5899,46.9088],[21.5834,46.8479],[21.5365,46.8350],[21.5029,46.8053],[21.4704,46.7430],[21.5051,46.7232],[21.5017,46.7035],[21.4362,46.6737],[21.3960,46.6263],[21.3009,46.6039],[21.2913,46.5467],[21.2451,46.4768],[21.2806,46.4163],[21.1956,46.3980],[21.1686,46.3627],[21.1444,46.2837],[21.0992,46.2763],[21.0514,46.2360],[20.8196,46.2716],[20.7393,46.2374],[20.7447,46.1922],[20.7102,46.1880],[20.6988,46.1564],[20.6639,46.1377],[20.6001,46.1296],[20.4685,46.1741],[20.4441,46.1469],[20.2832,46.1438],[20.2428,46.1080],[20.1884,46.1403],[20.1380,46.1364],[20.0984,46.1549],[20.0349,46.1429],[19.9291,46.1635],[19.7904,46.1290],[19.6693,46.1731],[19.5499,46.1641],[19.4875,46.1342],[19.4993,46.1086],[19.4537,46.0775],[19.3788,46.0336],[19.3069,46.0266],[19.2634,45.9814],[19.1480,45.9840],[19.0884,46.0188],[19.0497,45.9931],[19.0485,45.9634],[18.9818,45.9507],[18.9818,45.9218],[18.8865,45.9304],[18.8283,45.9057],[18.8048,45.9136],[18.7755,45.8828],[18.6556,45.9075],[18.5734,45.8166],[18.5302,45.7908],[18.4817,45.7914],[18.4043,45.7418],[18.3671,45.7581],[18.3176,45.7472],[18.2112,45.7853],[18.0804,45.7717],[17.8897,45.7921],[17.8580,45.7717],[17.8091,45.8144],[17.6565,45.8454],[17.6457,45.8918],[17.5911,45.9362],[17.5119,45.9539],[17.4266,45.9567],[17.4062,45.9436],[17.3891,45.9630],[17.3453,45.9556],[17.3378,45.9846],[17.3271,45.9720],[17.2901,45.9846],[17.3168,45.9976],[17.2758,46.0120],[17.2485,46.0802],[17.2085,46.1165],[17.1012,46.1281],[16.9748,46.2105],[16.8892,46.2921],[16.8750,46.3428],[16.8376,46.3818],[16.7693,46.3961],[16.7550,46.3818],[16.6592,46.4641],[16.5942,46.4829],[16.5776,46.4706],[16.5153,46.5017],[16.5008,46.5448],[16.3684,46.6429],[16.4105,46.6683],[16.4050,46.6872],[16.3575,46.6990],[16.3572,46.7158],[16.3141,46.7433],[16.2981,46.7758],[16.3253,46.8394],[16.2720,46.8639],[16.0940,46.8627],[16.2239,46.9410],[16.2749,47.0043],[16.4155,46.9894],[16.4863,46.9985],[16.4675,47.0184],[16.4246,47.0240],[16.4931,47.0491],[16.4543,47.0817],[16.5095,47.1375],[16.4973,47.1496],[16.4336,47.1457],[16.4418,47.1771],[16.4127,47.1871],[16.4213,47.2431],[16.4732,47.2768],[16.4243,47.3451],[16.4339,47.3968],[16.4565,47.4118],[16.4819,47.3923],[16.6408,47.4529],[16.6368,47.4932],[16.6773,47.5098],[16.6891,47.5380],[16.6505,47.5665],[16.6561,47.5859],[16.6302,47.6220],[16.4078,47.6613],[16.4391,47.6904],[16.4545,47.6817],[16.5129,47.7060],[16.5311,47.7429],[16.5678,47.7541],[16.6898,47.7295],[16.7303,47.6859],[16.7974,47.6754],[16.8501,47.7129],[16.8647,47.6867],[16.9026,47.6820],[17.0753,47.7084],[17.0505,47.7309],[17.0406,47.8011],[17.0556,47.8123],[17.0040,47.8632],[17.0676,47.8816],[17.0874,47.9226],[17.0741,47.9321],[17.0957,47.9557],[17.0856,47.9701],[17.1848,48.0202],[17.3378,47.9987],[17.4720,47.8888],[17.5266,47.8721],[17.5726,47.8295],[17.6042,47.8342],[17.6766,47.7891],[17.8257,47.7500],[18.2359,47.7538],[18.5525,47.7928],[18.6928,47.7779],[18.7676,47.8223],[18.8164,47.8325],[18.7487,47.8707],[18.7547,47.9518],[18.7431,47.9710],[18.7942,47.9931],[18.8384,48.0400],[18.9964,48.0662],[19.2225,48.0605],[19.2932,48.0877],[19.4281,48.0858],[19.4817,48.1113],[19.5139,48.2039],[19.6232,48.2270],[19.6869,48.1969],[19.7565,48.2003],[19.7743,48.1858],[19.7760,48.1495],[19.8216,48.1579],[19.8842,48.1296],[19.9286,48.1300],[20.1052,48.2027],[20.1345,48.2466],[20.1708,48.2440],[20.2290,48.2709],[20.2723,48.2524],[20.3242,48.2799],[20.4205,48.4292],[20.4816,48.4787],[20.4816,48.5260],[20.8003,48.5692],[20.9458,48.5189],[21.0359,48.5146],[21.1093,48.4891],[21.2199,48.5187],[21.2617,48.5031],[21.3218,48.5475],[21.4245,48.5612],[21.4993,48.5350],[21.5218,48.5000],[21.5916,48.4930],[21.6133,48.4403],[21.6775,48.3723],[21.7590,48.3337],[21.9293,48.3729],[22.0778,48.3758],[22.2019,48.4181],[22.2718,48.4034],[22.2567,48.3572],[22.2912,48.3575],[22.3081,48.2936],[22.3636,48.2387],[22.4814,48.2425],[22.5557,48.1771],[22.6054,48.0970],[22.7457,48.1162],[22.8309,48.0724],[22.8615,48.0283],[22.8324,47.9789],[22.8776,47.9467]]]}},{"type":"Feature","properties":{"zone":"IS","eic":"IS","name":"Iceland","country":"IS"},"geometry":{"type":"MultiPolygon","coordinates":[[[[-20.2601,63.4186],[-20.2867,63.4064],[-20.3026,63.4459],[-20.2588,63.4513],[-20.2601,63.4186]]],[[[-17.7437,63.7116],[-17.7711,63.6807],[-17.7606,63.6959],[-17.8233,63.6913],[-17.7656,63.7191],[-17.7437,63.7116]]],[[[-14.8671,66.3058],[-14.9591,66.2964],[-15.0148,66.2683],[-14.9782,66.2595],[-14.9352,66.2219],[-14.9603,66.1857],[-15.0560,66.1481],[-15.1346,66.1432],[-15.1793,66.1113],[-15.0741,66.0971],[-15.0557,66.0703],[-15.0967,66.0560],[-15.0759,66.0496],[-14.8526,66.0371],[-14.7193,66.0703],[-14.6773,66.0562],[-14.6514,66.0067],[-14.6169,65.9977],[-14.6033,65.9530],[-14.6504,65.8881],[-14.8005,65.8279],[-14.8229,65.8158],[-14.8211,65.7984],[-14.8912,65.7612],[-14.7881,65.7960],[-14.8441,65.7351],[-14.8087,65.7277],[-14.4024,65.7924],[-14.3294,65.7823],[-14.3951,65.7215],[-14.2743,65.6725],[-14.3578,65.6560],[-14.5301,65.5454],[-14.5623,65.5011],[-14.3202,65.6524],[-14.2717,65.6559],[-14.1923,65.6315],[-14.2476,65.6650],[-14.0279,65.6104],[-13.8714,65.6190],[-13.8509,65.5919],[-13.8696,65.5768],[-13.8150,65.5694],[-13.8212,65.5414],[-13.7876,65.5216],[-13.7411,65.5503],[-13.6852,65.5551],[-13.6778,65.5353],[-13.6096,65.5142],[-13.6079,65.4921],[-13.6511,65.4596],[-13.6368,65.4260],[-13.6778,65.4118],[-13.6709,65.3776],[-13.8355,65.364],[-13.7330,65.3434],[-13.7298,65.3270],[-14.0067,65.2820],[-13.9911,65.2726],[-13.6876,65.3063],[-13.6078,65.2886],[-13.5679,65.2609],[-13.6542,65.2199],[-14.0340,65.2001],[-14.0033,65.1897],[-13.6266,65.2001],[-13.6166,65.1967],[-13.6436,65.1591],[-13.7466,65.1374],[-13.6693,65.1443],[-13.6511,65.1312],[-13.6852,65.1170],[-13.6266,65.1039],[-13.5201,65.1721],[-13.5269,65.0965],[-13.5083,65.0907],[-13.5095,65.0691],[-13.6096,65.0350],[-13.5853,65.0077],[-13.6473,64.9866],[-13.8019,64.9940],[-13.8303,65.0296],[-14.0340,65.0828],[-13.9937,65.0554],[-14.0297,65.0383],[-14.2333,65.0350],[-13.9180,65.0145],[-13.8679,64.9782],[-13.6983,64.9251],[-13.7398,64.9112],[-13.8764,64.9326],[-14.0545,64.9326],[-13.8522,64.9002],[-13.7876,64.8773],[-13.7669,64.8538],[-13.8321,64.8295],[-13.9365,64.8470],[-13.9664,64.8358],[-13.8580,64.8168],[-13.8392,64.7985],[-14.0136,64.8023],[-14.0484,64.7811],[-13.9863,64.7402],[-14.0484,64.7197],[-14.3063,64.7041],[-14.3394,64.7162],[-14.4205,64.7896],[-14.5139,64.8023],[-14.4558,64.7902],[-14.4661,64.7612],[-14.3836,64.7402],[-14.3714,64.7049],[-14.2701,64.6695],[-14.2743,64.6514],[-14.4419,64.6757],[-14.4934,64.6582],[-14.4177,64.6310],[-14.4092,64.6102],[-14.5843,64.5903],[-14.5316,64.5556],[-14.4904,64.5484],[-14.3461,64.6056],[-14.4661,64.5347],[-14.4766,64.4968],[-14.5093,64.4719],[-14.5104,64.4423],[-14.5449,64.4050],[-14.7466,64.3839],[-14.5685,64.4181],[-14.7131,64.4317],[-14.7125,64.4141],[-14.7820,64.3777],[-14.9048,64.3224],[-14.8912,64.3497],[-14.9490,64.3224],[-14.9319,64.3014],[-14.8912,64.3088],[-14.8775,64.2814],[-14.9294,64.2648],[-15.0158,64.2667],[-15.1066,64.3014],[-15.2264,64.2678],[-15.2066,64.3014],[-15.2545,64.2980],[-15.2902,64.3343],[-15.3021,64.3224],[-15.2811,64.2952],[-15.3231,64.3039],[-15.3362,64.3088],[-15.3265,64.3290],[-15.3664,64.3693],[-15.4084,64.3876],[-15.4735,64.3976],[-15.4014,64.3808],[-15.3636,64.3368],[-15.3978,64.3368],[-15.3740,64.3058],[-15.3978,64.2741],[-15.4780,64.2751],[-15.5008,64.2678],[-15.4387,64.2604],[-15.6721,64.2194],[-15.6856,64.2337],[-15.8023,64.1853],[-15.6994,64.1915],[-15.7330,64.1792],[-15.9920,64.1444],[-16.0283,64.1300],[-15.9811,64.1239],[-16.1512,64.0549],[-16.1817,64.0623],[-16.1928,64.0481],[-16.1792,64.0419],[-16.3089,64.0170],[-16.3504,63.9867],[-16.3110,63.9972],[-16.3369,63.9740],[-16.4702,63.9047],[-16.5013,63.8973],[-16.4603,63.9246],[-16.6111,63.8693],[-16.7453,63.8521],[-16.7825,63.8631],[-16.7477,63.8495],[-16.7825,63.8427],[-16.7797,63.8183],[-16.7962,63.8017],[-16.8055,63.8285],[-16.8873,63.8656],[-16.8958,63.8077],[-16.9153,63.8051],[-16.9122,63.8393],[-16.9300,63.8664],[-16.9395,63.8091],[-16.9261,63.8000],[-16.9669,63.7875],[-16.9606,63.8284],[-16.9412,63.8455],[-16.9402,63.8977],[-16.9689,63.9203],[-16.9669,63.8693],[-17.0289,63.8495],[-16.9879,63.8091],[-17.0062,63.7978],[-17.1148,63.7949],[-17.1661,63.8091],[-17.2034,63.7982],[-17.2071,63.8153],[-17.3305,63.7812],[-17.5609,63.7508],[-17.5435,63.7667],[-17.5496,63.7875],[-17.5690,63.7635],[-17.5980,63.7675],[-17.5906,63.7465],[-17.7210,63.7055],[-17.6852,63.7396],[-17.6248,63.7465],[-17.7147,63.7812],[-17.7147,63.7539],[-17.8172,63.7539],[-17.7967,63.7403],[-17.8784,63.7310],[-17.9180,63.6790],[-17.9673,63.6765],[-17.9669,63.6605],[-17.9506,63.6577],[-17.7967,63.6713],[-17.8658,63.6238],[-17.9264,63.6366],[-17.9686,63.6229],[-17.9468,63.6207],[-17.9469,63.6024],[-17.8582,63.6099],[-17.9190,63.5451],[-17.9649,63.5225],[-18.1953,63.4728],[-18.2281,63.4932],[-18.1188,63.5342],[-18.2281,63.5274],[-18.3168,63.5485],[-18.3243,63.5342],[-18.2767,63.5011],[-18.2656,63.4665],[-18.1836,63.4638],[-18.3976,63.4492],[-18.7320,63.3967],[-18.9747,63.4243],[-19.0556,63.4143],[-19.1324,63.4386],[-19.1526,63.4257],[-19.2872,63.4386],[-19.5509,63.5020],[-19.7115,63.5215],[-19.7432,63.5342],[-19.7220,63.5392],[-19.7357,63.5485],[-19.8729,63.5485],[-19.7698,63.5342],[-20.0338,63.5423],[-20.0510,63.5547],[-20.0783,63.5547],[-20.0715,63.5410],[-20.1856,63.5444],[-20.3377,63.6017],[-20.3526,63.6099],[-20.2906,63.6099],[-20.3391,63.6167],[-20.3322,63.6366],[-20.3670,63.6198],[-20.4073,63.6304],[-20.3731,63.6304],[-20.4786,63.7063],[-20.5035,63.6992],[-20.4346,63.6441],[-20.5316,63.6889],[-20.5506,63.7123],[-20.5370,63.7197],[-20.5582,63.7403],[-20.4985,63.7630],[-20.4312,63.7675],[-20.3111,63.7328],[-20.3657,63.7675],[-20.4421,63.7875],[-20.4120,63.8125],[-20.4111,63.8362],[-20.5624,63.7568],[-20.5775,63.7141],[-20.7704,63.7744],[-20.6059,63.7675],[-20.6338,63.7744],[-20.6196,63.7875],[-20.7158,63.7812],[-20.6817,63.8073],[-20.6717,63.8376],[-20.6856,63.8634],[-20.7232,63.8693],[-20.6951,63.8579],[-20.6983,63.8441],[-20.7545,63.8056],[-20.8325,63.8017],[-20.8182,63.7812],[-21.1887,63.8910],[-21.1949,63.9320],[-21.0447,63.9457],[-21.2364,63.9533],[-21.2986,63.9184],[-21.2092,63.8836],[-21.3497,63.8841],[-21.3669,63.8495],[-21.6599,63.8318],[-21.7932,63.8705],[-22.0657,63.8358],[-22.3364,63.8631],[-22.3943,63.8359],[-22.4251,63.8495],[-22.5251,63.8222],[-22.6326,63.8261],[-22.6912,63.8122],[-22.7175,63.8284],[-22.6974,63.8518],[-22.7001,63.8741],[-22.7305,63.8910],[-22.6859,63.9457],[-22.6349,63.9491],[-22.7299,63.9746],[-22.7187,64.0705],[-22.7021,64.0859],[-22.6099,64.0615],[-22.5584,64.0194],[-22.5449,63.9934],[-22.5592,63.9934],[-22.5184,63.9794],[-22.3968,63.9798],[-22.3811,63.9867],[-22.3863,64.0021],[-22.3460,64.0172],[-22.2508,64.0351],[-22.1992,64.0208],[-22.0406,64.0510],[-21.9633,64.0761],[-22.0047,64.0977],[-22.0453,64.0965],[-22.0349,64.1127],[-21.9824,64.1216],[-21.9633,64.1170],[-21.9901,64.1095],[-21.9319,64.1059],[-21.9150,64.1170],[-21.9354,64.1170],[-21.9150,64.1239],[-22.0453,64.1580],[-22.0151,64.1682],[-21.8648,64.1563],[-21.7996,64.1372],[-21.7846,64.1443],[-21.8262,64.1511],[-21.7982,64.1648],[-21.8187,64.1716],[-21.7237,64.1714],[-21.7027,64.1915],[-21.7560,64.1817],[-21.7572,64.2003],[-21.7095,64.2132],[-21.8126,64.2132],[-21.8178,64.2379],[-21.9286,64.2337],[-21.8895,64.2531],[-21.8945,64.2678],[-21.8032,64.3017],[-21.7545,64.3452],[-21.6525,64.3491],[-21.6890,64.3566],[-21.6030,64.3777],[-21.4420,64.3640],[-21.4141,64.3839],[-21.4590,64.3728],[-21.4830,64.3839],[-21.4494,64.3976],[-21.6311,64.4026],[-21.7165,64.3938],[-21.8126,64.3429],[-21.9626,64.2973],[-22.0999,64.3150],[-21.9847,64.3702],[-21.8597,64.3907],[-22.0113,64.3827],[-22.0453,64.4050],[-22.0214,64.456],[-21.9998,64.4539],[-21.9750,64.5037],[-21.7778,64.5415],[-21.8187,64.5620],[-21.7027,64.6105],[-21.6474,64.6105],[-21.6514,64.5925],[-21.5799,64.5718],[-21.4966,64.5695],[-21.5655,64.5757],[-21.6201,64.6030],[-21.5792,64.6166],[-21.6822,64.6166],[-21.6065,64.6476],[-21.5108,64.6514],[-21.6133,64.6582],[-21.7027,64.6310],[-21.6611,64.6657],[-21.7218,64.6388],[-21.7284,64.6157],[-21.8597,64.5757],[-21.8535,64.5620],[-21.9112,64.5632],[-22.0090,64.5250],[-22.0356,64.5376],[-22.0180,64.5695],[-22.0388,64.5665],[-22.0850,64.4786],[-22.1647,64.4596],[-22.2235,64.5006],[-22.2576,64.4870],[-22.2235,64.5484],[-22.2576,64.5558],[-22.2433,64.5757],[-22.3395,64.5558],[-22.3648,64.5844],[-22.3469,64.6166],[-22.4425,64.6657],[-22.3651,64.6426],[-22.3196,64.6787],[-22.3333,64.6924],[-22.2175,64.7174],[-22.1887,64.7402],[-22.4020,64.6763],[-22.4221,64.6856],[-22.3196,64.7538],[-22.4363,64.7675],[-22.4221,64.7811],[-22.4425,64.7811],[-22.4084,64.8227],[-22.4425,64.8023],[-22.4570,64.8153],[-22.4767,64.8023],[-22.5474,64.8058],[-22.5934,64.7886],[-22.5660,64.7743],[-22.6581,64.7666],[-22.6821,64.7743],[-22.6380,64.7777],[-22.6725,64.8023],[-22.7783,64.8023],[-22.7100,64.7811],[-22.7368,64.7748],[-22.8057,64.7948],[-23.1881,64.8041],[-23.2462,64.8304],[-23.3984,64.8227],[-23.4571,64.7936],[-23.5734,64.8091],[-23.5384,64.8167],[-23.5552,64.8198],[-23.6235,64.7942],[-23.6465,64.7508],[-23.6739,64.7411],[-23.8335,64.7258],[-23.9461,64.7608],[-24.0600,64.8910],[-23.8497,64.9305],[-23.6380,64.8985],[-23.6008,64.9183],[-23.5594,64.9173],[-23.5128,64.9463],[-23.3810,64.9456],[-23.3953,64.9667],[-23.3397,64.9626],[-23.3469,64.9456],[-23.3337,64.9413],[-23.3060,64.9531],[-23.2970,64.9222],[-23.2630,64.9262],[-23.2240,64.9494],[-23.2376,65.0009],[-23.1685,65.0200],[-23.0868,65.0145],[-23.1625,64.9531],[-23.1072,64.9183],[-23.1095,64.9568],[-23.0213,65.0130],[-22.9927,65.0142],[-22.9428,64.9866],[-22.7852,65.0275],[-22.8738,65.0350],[-22.7175,65.0759],[-22.7305,65.0691],[-22.6958,65.0623],[-22.6958,65.0493],[-22.7510,65.0275],[-22.6896,65.0350],[-22.6744,65.0075],[-22.5797,64.9804],[-22.6281,65.0145],[-22.5454,65.0521],[-22.3799,65.0587],[-22.1551,65.0275],[-22.1204,65.0418],[-21.9825,65.0275],[-21.8262,65.0350],[-21.7986,65.0570],[-21.8466,65.0691],[-21.7792,65.1080],[-21.7374,65.1591],[-21.7341,65.1937],[-21.8094,65.2061],[-21.8404,65.1926],[-21.8330,65.1784],[-22.0338,65.1149],[-22.3189,65.1384],[-22.4016,65.1653],[-22.5118,65.1542],[-22.5576,65.1689],[-22.4903,65.1858],[-22.4568,65.1784],[-22.4789,65.1927],[-22.5524,65.1858],[-22.4903,65.2336],[-22.4261,65.2514],[-22.4288,65.2677],[-22.3780,65.2677],[-22.3128,65.3043],[-22.2012,65.3176],[-21.9901,65.3981],[-21.9354,65.3850],[-21.9490,65.4055],[-21.6953,65.4533],[-21.9764,65.4397],[-21.9354,65.4670],[-21.9901,65.5080],[-22.0453,65.5011],[-22.0396,65.4871],[-22.0628,65.4840],[-22.1142,65.5285],[-22.1113,65.4974],[-22.1347,65.4738],[-22.1992,65.4323],[-22.2538,65.4336],[-22.3871,65.4916],[-22.3458,65.5147],[-22.1647,65.5414],[-22.1483,65.5768],[-22.1068,65.5967],[-22.2438,65.5370],[-22.3469,65.5285],[-22.2917,65.5551],[-22.3124,65.5619],[-22.3739,65.5381],[-22.4158,65.5489],[-22.4088,65.5248],[-22.4786,65.5080],[-22.5040,65.5285],[-22.5014,65.5696],[-22.5458,65.6340],[-22.5583,65.6247],[-22.5465,65.5607],[-22.5891,65.5355],[-22.6314,65.5658],[-22.6561,65.5280],[-22.7076,65.5722],[-22.7047,65.6052],[-22.6821,65.6240],[-22.7593,65.6298],[-22.7175,65.5080],[-22.7315,65.5017],[-22.7852,65.5080],[-22.7795,65.5225],[-22.7957,65.5336],[-22.8876,65.5414],[-22.7919,65.5899],[-22.8019,65.6009],[-22.8541,65.6179],[-22.8596,65.5956],[-22.9052,65.5668],[-22.9534,65.6104],[-22.9639,65.5626],[-22.9852,65.5512],[-23.0734,65.5383],[-23.1581,65.5622],[-23.1551,65.5831],[-23.1830,65.5763],[-23.2013,65.5347],[-23.1824,65.5142],[-23.2314,65.4874],[-23.3574,65.4949],[-23.4082,65.5137],[-23.4233,65.5080],[-23.4090,65.5011],[-23.4903,65.4779],[-23.6560,65.4738],[-23.7141,65.4260],[-23.8975,65.4046],[-23.9843,65.4186],[-23.9829,65.4413],[-24.0048,65.4533],[-23.9706,65.4465],[-23.9677,65.4649],[-23.9861,65.4741],[-24.0191,65.4596],[-24.1966,65.5011],[-24.4817,65.4884],[-24.5399,65.5080],[-24.3753,65.5694],[-24.3657,65.6179],[-24.3033,65.6383],[-24.1354,65.6061],[-23.8928,65.5221],[-23.8067,65.5353],[-23.8950,65.5414],[-24.0867,65.6513],[-23.8067,65.6104],[-23.8526,65.6389],[-24.0228,65.6761],[-24.0805,65.706],[-24.1215,65.7407],[-24.1351,65.7891],[-24.0928,65.8047],[-23.6280,65.706],[-23.5666,65.6725],[-23.5563,65.6546],[-23.5797,65.6179],[-23.5617,65.6136],[-23.4977,65.6452],[-23.4778,65.6315],[-23.3885,65.6383],[-23.4090,65.6588],[-23.2854,65.6793],[-23.4582,65.6824],[-23.5391,65.7227],[-23.4669,65.7396],[-23.2445,65.7403],[-23.2240,65.7482],[-23.2513,65.7612],[-23.1898,65.7823],[-23.3192,65.7570],[-23.5887,65.7597],[-23.6765,65.7823],[-23.7291,65.7743],[-23.8131,65.8158],[-23.8666,65.8755],[-23.8631,65.9058],[-23.8008,65.9262],[-23.6696,65.9052],[-23.6008,65.8779],[-23.5188,65.8847],[-23.2445,65.8361],[-23.2097,65.8432],[-23.5778,65.9050],[-23.8131,66.0113],[-23.8074,66.0584],[-23.7513,66.0765],[-23.5183,66.0266],[-23.4294,66.0294],[-23.4125,66.0003],[-23.3748,65.9877],[-23.4225,66.0358],[-23.5470,66.0595],[-23.6696,66.1174],[-23.4841,66.1275],[-23.3953,66.0976],[-23.4810,66.1386],[-23.6008,66.1448],[-23.5595,66.1764],[-23.5012,66.1804],[-23.4614,66.2041],[-23.3043,66.1857],[-23.1526,66.1458],[-23.1102,66.1125],[-23.1072,66.0759],[-23.0579,66.1076],[-23.0276,66.1087],[-22.9860,66.0795],[-22.9768,66.0336],[-23.0589,65.9667],[-22.9291,66.0492],[-22.9096,66.0386],[-22.9018,66.0076],[-22.8404,66.0219],[-22.8809,65.9752],[-22.9428,65.9468],[-22.8844,65.9518],[-22.8231,66.0045],[-22.8091,65.9776],[-22.8193,65.9120],[-22.7852,65.9605],[-22.7640,66.0492],[-22.6827,66.0558],[-22.6672,66.0309],[-22.5773,65.9730],[-22.5934,65.9195],[-22.6554,65.8421],[-22.6481,65.8336],[-22.5453,65.9469],[-22.5387,65.9741],[-22.4575,65.9410],[-22.4561,65.9099],[-22.4425,65.9052],[-22.4221,65.9257],[-22.4288,65.8847],[-22.4698,65.8369],[-22.4316,65.8458],[-22.3926,65.9016],[-22.3607,65.9120],[-22.4230,66.0020],[-22.4842,66.0294],[-22.4493,66.0759],[-22.3811,66.0976],[-22.4883,66.0767],[-22.8659,66.1594],[-22.9358,66.1897],[-22.9776,66.2341],[-22.7510,66.2621],[-22.6065,66.2467],[-22.5523,66.2213],[-22.5387,66.2273],[-22.5592,66.2484],[-22.3675,66.2752],[-22.5034,66.2664],[-22.5645,66.2836],[-22.4698,66.3093],[-22.4920,66.3219],[-22.5956,66.2917],[-22.7100,66.2956],[-22.6690,66.3571],[-22.6076,66.3714],[-22.6839,66.3583],[-22.7630,66.3236],[-22.8231,66.3167],[-22.8353,66.3226],[-22.7994,66.3645],[-22.8337,66.3588],[-22.9396,66.3014],[-23.0980,66.3183],[-23.1896,66.3552],[-23.0467,66.3606],[-23.0248,66.3918],[-23.0846,66.4032],[-23.1353,66.4328],[-23.1047,66.4428],[-23.0117,66.4191],[-23.0322,66.4402],[-22.9227,66.4476],[-22.8950,66.4260],[-22.8644,66.4313],[-22.9503,66.4669],[-22.8326,66.4638],[-22.6958,66.4191],[-22.5745,66.4658],[-22.4266,66.4279],[-22.4293,66.4501],[-22.4631,66.4669],[-22.4310,66.4647],[-22.3766,66.4325],[-22.3500,66.3941],[-22.2686,66.3759],[-22.2433,66.3571],[-22.2576,66.3471],[-22.2023,66.3372],[-22.2282,66.3285],[-22.2141,66.2897],[-22.2296,66.2752],[-22.2166,66.2683],[-22.1551,66.2826],[-22.1282,66.2682],[-22.0895,66.2898],[-22.0862,66.2683],[-21.9793,66.2749],[-21.9217,66.2410],[-21.9901,66.2137],[-21.9207,66.2196],[-21.8535,66.1933],[-21.7498,66.1857],[-21.7573,66.1727],[-21.7300,66.1562],[-21.7436,66.1386],[-21.7230,66.0822],[-21.6412,66.0703],[-21.6679,66.0219],[-21.6201,66.0390],[-21.6412,66.0834],[-21.5488,66.0976],[-21.5091,66.0723],[-21.5584,66.0465],[-21.5347,66.0257],[-21.4010,66.0294],[-21.3306,66.0090],[-21.3185,65.9877],[-21.6065,65.9605],[-21.5881,65.9463],[-21.4100,65.9674],[-21.3806,65.9605],[-21.4357,65.9325],[-21.3017,65.9359],[-21.2840,65.8986],[-21.3259,65.8779],[-21.2781,65.8568],[-21.3277,65.8090],[-21.3753,65.7848],[-21.4767,65.7687],[-21.3321,65.7407],[-21.4435,65.6904],[-21.5792,65.6930],[-21.6859,65.7694],[-21.7778,65.7687],[-21.7113,65.7546],[-21.6679,65.7277],[-21.6890,65.6930],[-21.6276,65.6482],[-21.4429,65.6433],[-21.4010,65.6240],[-21.4830,65.5626],[-21.3209,65.6018],[-21.2986,65.5589],[-21.3198,65.5223],[-21.4767,65.4465],[-21.3154,65.4806],[-21.2121,65.4381],[-21.1930,65.4005],[-21.1928,65.3101],[-21.1478,65.2411],[-21.1076,65.2155],[-21.1061,65.1721],[-21.0899,65.1661],[-21.0654,65.1857],[-21.1199,65.2677],[-21.0735,65.3241],[-21.0988,65.4454],[-21.0860,65.4596],[-21.0552,65.4523],[-20.9629,65.3533],[-20.9151,65.3434],[-20.9076,65.3510],[-20.9750,65.4375],[-20.9872,65.5067],[-20.9485,65.5768],[-20.9180,65.6013],[-20.6753,65.6939],[-20.6234,65.6707],[-20.6464,65.5556],[-20.6133,65.5489],[-20.6218,65.5834],[-20.5855,65.5831],[-20.5786,65.5353],[-20.5239,65.5011],[-20.4756,65.4949],[-20.4534,65.5014],[-20.4278,65.5489],[-20.5308,65.5768],[-20.4107,65.5967],[-20.3875,65.5285],[-20.3761,65.5964],[-20.3285,65.6278],[-20.3185,65.6588],[-20.2701,65.6650],[-20.2923,65.6669],[-20.3078,65.6931],[-20.2715,65.7140],[-20.2712,65.7701],[-20.3391,65.8226],[-20.3124,65.8403],[-20.3225,65.8694],[-20.3934,65.9465],[-20.4061,65.9975],[-20.4488,66.0294],[-20.4195,66.0543],[-20.4278,66.0834],[-20.4077,66.0907],[-20.2559,66.1039],[-20.1848,66.1311],[-20.0920,66.1311],[-20.0869,66.1098],[-20.0305,66.0834],[-20.0374,66.0759],[-19.9281,65.9741],[-19.9412,65.9605],[-19.8775,65.9235],[-19.8797,65.9052],[-19.7084,65.8710],[-19.6503,65.7649],[-19.6287,65.7527],[-19.5576,65.7339],[-19.5443,65.7628],[-19.5135,65.7612],[-19.4490,65.7475],[-19.4682,65.7373],[-19.4561,65.7289],[-19.4180,65.7538],[-19.3992,65.8366],[-19.4515,65.9257],[-19.5108,65.9601],[-19.4136,66.0076],[-19.4517,66.0525],[-19.4378,66.0666],[-19.3627,66.0883],[-19.2293,66.0976],[-19.1575,66.0811],[-19.1597,66.0976],[-19.1352,66.1049],[-19.1324,66.0902],[-19.0579,66.0703],[-19.1051,66.1113],[-19.0686,66.1646],[-18.9446,66.1906],[-18.9129,66.1843],[-18.9201,66.1522],[-18.8648,66.1857],[-18.8724,66.1994],[-18.8270,66.2034],[-18.7768,66.1933],[-18.8046,66.1417],[-18.6922,66.1699],[-18.6196,66.1314],[-18.6595,66.0902],[-18.5971,66.1045],[-18.5445,66.0827],[-18.5161,66.0294],[-18.5400,65.9741],[-18.3480,65.9501],[-18.2873,65.9151],[-18.2603,65.8723],[-18.2181,65.8677],[-18.2036,65.8079],[-18.1796,65.7823],[-18.1765,65.7339],[-18.0915,65.6930],[-18.0919,65.6618],[-18.0635,65.6452],[-18.0510,65.6576],[-18.0603,65.6940],[-18.1094,65.7315],[-18.0977,65.7823],[-18.0704,65.7960],[-18.0676,65.8305],[-18.1003,65.8987],[-18.1515,65.9247],[-18.1734,65.9120],[-18.2179,65.9320],[-18.2225,65.9669],[-18.2969,66.0150],[-18.2895,66.0294],[-18.3167,66.0573],[-18.3292,66.1039],[-18.3238,66.1507],[-18.2969,66.1796],[-18.1939,66.1796],[-18.0540,66.1495],[-17.9127,66.1522],[-17.8854,66.1174],[-17.8164,66.1132],[-17.7131,66.0602],[-17.6729,66.0070],[-17.6237,65.9872],[-17.5496,65.9120],[-17.5456,65.9311],[-17.5776,65.9741],[-17.4951,65.9877],[-17.6111,65.9940],[-17.4520,65.9951],[-17.4131,65.9605],[-17.4193,65.9940],[-17.3646,66.0492],[-17.3521,66.0971],[-17.2614,66.1297],[-17.2649,66.1686],[-17.1561,66.2036],[-17.1456,66.2211],[-16.9924,66.1995],[-16.9333,66.1386],[-16.9470,66.1174],[-16.9227,66.1110],[-16.8841,66.1353],[-16.7581,66.1496],[-16.7210,66.1448],[-16.7825,66.1311],[-16.7518,66.1131],[-16.7005,66.1448],[-16.6295,66.1008],[-16.5969,66.0976],[-16.6556,66.1277],[-16.6862,66.1659],[-16.5313,66.1991],[-16.5081,66.1994],[-16.6242,66.1659],[-16.5156,66.1796],[-16.4262,66.1448],[-16.4870,66.1895],[-16.4727,66.2176],[-16.4399,66.2341],[-16.4219,66.2870],[-16.5153,66.3673],[-16.5081,66.3850],[-16.5218,66.3850],[-16.5081,66.3993],[-16.5292,66.4191],[-16.5081,66.4260],[-16.5729,66.4810],[-16.5433,66.5069],[-16.5218,66.5085],[-16.5013,66.4874],[-16.4870,66.5110],[-16.4296,66.5198],[-16.4310,66.4916],[-16.4119,66.4812],[-16.4194,66.5011],[-16.3647,66.5153],[-16.3095,66.4949],[-16.3300,66.4874],[-16.3128,66.4812],[-16.2686,66.4874],[-16.2355,66.5178],[-16.2151,66.5021],[-16.1655,66.5358],[-16.0808,66.5259],[-16.0229,66.5366],[-15.8912,66.4949],[-15.9333,66.4754],[-15.9396,66.4601],[-15.9259,66.4539],[-15.9464,66.4464],[-15.9259,66.4328],[-15.9376,66.4238],[-15.8303,66.4260],[-15.8365,66.4055],[-15.7066,66.3959],[-15.6795,66.3440],[-15.7751,66.2894],[-15.7614,66.2752],[-15.6905,66.2657],[-15.6994,66.2341],[-15.5287,66.2273],[-15.5101,66.2016],[-15.3803,66.1499],[-15.3567,66.1585],[-15.3710,66.1659],[-15.3323,66.1979],[-15.3312,66.2614],[-15.1087,66.2783],[-15.0967,66.3031],[-15.0259,66.3218],[-14.9911,66.3613],[-14.9254,66.3853],[-14.8397,66.3918],[-14.7541,66.3714],[-14.5636,66.3845],[-14.8671,66.3058]]],[[[-18.3699,65.9780],[-18.3965,65.9894],[-18.4144,66.0236],[-18.3567,65.9932],[-18.3699,65.9780]]],[[[-17.9998,66.5333],[-18.0172,66.5449],[-18.0195,66.5613],[-17.9763,66.5482],[-17.9998,66.5333]]]]}},{"type":"Feature","properties":{"zone":"LV","eic":"10YLV-1001A00074","name":"Latvia, AST BZ / CA / MBA","country":"LV"},"geometry":{"type":"Polygon","coordinates":[[[27.5281,57.5284],[27.5113,57.4303],[27.8277,57.3049],[27.8461,57.2673],[27.8243,57.1590],[27.6822,57.1036],[27.7454,57.0679],[27.7507,57.0423],[27.7151,56.9574],[27.6283,56.8441],[27.6611,56.8392],[27.7863,56.8712],[27.8308,56.8642],[27.9135,56.8201],[27.9188,56.8058],[27.8654,56.7426],[27.9810,56.6870],[28.0109,56.5875],[28.1261,56.5477],[28.1322,56.5359],[28.0932,56.5015],[28.1642,56.4379],[28.1671,56.3698],[28.2172,56.2707],[28.1489,56.1424],[28.1109,56.1568],[27.9270,56.1093],[27.8806,56.0638],[27.7812,56.0163],[27.7444,55.9597],[27.6450,55.9228],[27.5927,55.7942],[27.4388,55.7987],[27.3496,55.8312],[27.2630,55.7872],[27.1514,55.8324],[26.9810,55.8268],[26.9001,55.7787],[26.8228,55.7061],[26.7430,55.6828],[26.6401,55.6955],[26.5945,55.6669],[26.4810,55.6783],[26.2797,55.7432],[26.1786,55.8495],[25.6966,56.0878],[25.6618,56.1408],[25.1091,56.1830],[25.0731,56.1978],[24.9731,56.3007],[24.9101,56.4219],[24.8709,56.4426],[24.8458,56.4049],[24.8055,56.4085],[24.6786,56.3772],[24.5389,56.2876],[24.4813,56.2688],[24.4143,56.2655],[24.3185,56.2985],[24.1389,56.2574],[23.9813,56.3124],[23.8581,56.3343],[23.7249,56.3288],[23.7066,56.3544],[23.4815,56.3301],[23.2884,56.3730],[23.1725,56.3579],[23.1127,56.3108],[23.0622,56.3041],[23.0167,56.3238],[22.9569,56.4019],[22.9245,56.4121],[22.6663,56.3490],[22.6047,56.3790],[22.5117,56.3959],[22.2149,56.3903],[22.0940,56.4174],[21.6844,56.3101],[21.5960,56.3078],[21.4192,56.2373],[21.3276,56.2243],[21.2296,56.1631],[21.1903,56.0844],[21.0533,56.0726],[20.9690,56.2534],[20.9826,56.2907],[20.9705,56.3889],[21.0031,56.4348],[21.0063,56.5199],[21.0446,56.4621],[21.0305,56.4484],[21.0446,56.4211],[21.0305,56.4081],[21.0617,56.3870],[21.0797,56.4030],[21.0583,56.5036],[20.9921,56.5488],[21.0583,56.6886],[21.0651,56.7743],[21.0527,56.8289],[21.0651,56.8463],[21.2229,56.9077],[21.3824,57.0089],[21.4135,57.0731],[21.4010,57.1513],[21.4148,57.2709],[21.4336,57.3064],[21.4802,57.3336],[21.5177,57.3876],[21.7296,57.5737],[21.9992,57.6003],[22.4837,57.7424],[22.6103,57.7546],[22.5908,57.7061],[22.5909,57.6447],[22.6560,57.5857],[23.0314,57.3944],[23.1302,57.3707],[23.1987,57.2241],[23.2224,57.2070],[23.2609,57.0989],[23.3400,57.0585],[23.5085,57.0312],[23.5851,56.9790],[23.6951,56.9672],[23.9528,57.0132],[24.0356,57.0689],[24.2107,57.1237],[24.3791,57.2302],[24.4006,57.2581],[24.4055,57.3444],[24.3751,57.5285],[24.3585,57.5503],[24.3747,57.6134],[24.3576,57.6854],[24.2995,57.7438],[24.2859,57.8325],[24.3061,57.8681],[24.3781,57.8594],[24.4416,57.9080],[24.5338,57.9450],[24.6848,57.9475],[24.7335,57.9921],[24.8168,57.9766],[24.8725,58.0004],[24.9493,58.0064],[25.0942,58.0673],[25.1669,58.0587],[25.2167,57.9853],[25.2843,58.0081],[25.2495,58.0511],[25.2506,58.0684],[25.2816,58.0734],[25.3245,58.0347],[25.3966,58.0231],[25.4571,57.9840],[25.5416,57.9628],[25.5583,57.9342],[25.6015,57.9122],[25.7302,57.9231],[25.7926,57.8559],[26.0145,57.8428],[26.0247,57.7743],[26.1685,57.7040],[26.2971,57.5991],[26.4309,57.5617],[26.4995,57.5158],[26.5422,57.5281],[26.5900,57.5203],[26.6669,57.5648],[26.7957,57.5713],[26.8726,57.6271],[26.9810,57.6089],[27.0853,57.5494],[27.3199,57.5161],[27.5281,57.5284]]]}},{"type":"Feature","properties":{"zone":"LT","eic":"10YLT-1001A0008Q","name":"Lithuania, Litgrid BZ / CA / MBA","country":"LT"},"geometry":{"type":"MultiPolygon","coordinates":[[[[26.6076,55.6164],[26.5955,55.5680],[26.5321,55.5162],[26.5432,55.4596],[26.4992,55.4280],[26.4500,55.3270],[26.5253,55.3080],[26.6026,55.3168],[26.7686,55.3002],[26.8007,55.2733],[26.7896,55.2571],[26.6569,55.2153],[26.6009,55.1208],[26.4734,55.1456],[26.4287,55.1282],[26.2644,55.1400],[26.2330,55.1116],[26.2246,55.0548],[26.1536,54.9785],[26.1025,54.9570],[25.8702,54.9388],[25.8466,54.9062],[25.7826,54.8696],[25.7784,54.8052],[25.7243,54.7801],[25.7083,54.6630],[25.7399,54.6077],[25.7404,54.5685],[25.6308,54.5083],[25.6125,54.4217],[25.5299,54.3461],[25.5286,54.3209],[25.564,54.3031],[25.6959,54.3209],[25.7192,54.2815],[25.7392,54.2825],[25.7892,54.2362],[25.7719,54.2178],[25.7630,54.1564],[25.6535,54.1287],[25.5160,54.1447],[25.4857,54.1754],[25.5289,54.1956],[25.5016,54.2217],[25.5539,54.2312],[25.4593,54.2989],[25.3697,54.2479],[25.2062,54.2567],[25.1565,54.1757],[25.0719,54.1322],[24.9022,54.1497],[24.8215,54.1345],[24.8181,54.1101],[24.7824,54.0928],[24.8213,54.0199],[24.8193,53.9925],[24.7886,53.9696],[24.7056,53.9642],[24.6668,53.9938],[24.5286,53.9583],[24.3778,53.8868],[24.2570,53.8940],[24.2291,53.9323],[24.1696,53.9589],[24.0453,53.9308],[23.9198,53.9477],[23.8283,53.9200],[23.7872,53.9279],[23.6271,53.8982],[23.4856,53.9392],[23.4874,53.9556],[23.4586,53.9816],[23.4964,54.0219],[23.4739,54.1125],[23.4490,54.1549],[23.3914,54.1801],[23.3544,54.2170],[23.1170,54.3034],[23.0500,54.2948],[23.0321,54.3095],[23.0416,54.3409],[22.9897,54.3533],[22.9626,54.3816],[22.8376,54.4009],[22.7672,54.3562],[22.7069,54.4187],[22.6804,54.4532],[22.6746,54.4922],[22.6817,54.5699],[22.7081,54.6356],[22.7008,54.6795],[22.7270,54.7053],[22.7248,54.7233],[22.8328,54.7786],[22.8483,54.8138],[22.8212,54.8854],[22.7492,54.9098],[22.7521,54.9311],[22.7155,54.9513],[22.6334,54.9579],[22.5654,55.0678],[22.4362,55.0577],[22.2512,55.0708],[22.0768,55.0285],[22.0277,55.0443],[22.0034,55.0934],[21.9427,55.0782],[21.7506,55.1279],[21.6051,55.1924],[21.5039,55.1944],[21.3748,55.2899],[21.2675,55.2486],[21.2644,55.2840],[21.2911,55.2970],[21.2594,55.3362],[21.2570,55.3693],[21.1833,55.3461],[21.2483,55.4178],[21.2229,55.5202],[21.1993,55.5376],[21.1950,55.5851],[21.1472,55.6781],[21.0743,55.7449],[21.0605,55.7892],[21.0446,55.8737],[21.0583,55.9518],[21.0533,56.0726],[21.1903,56.0844],[21.2296,56.1631],[21.3276,56.2243],[21.4192,56.2373],[21.5960,56.3078],[21.6844,56.3101],[22.0940,56.4174],[22.2149,56.3903],[22.5117,56.3959],[22.6047,56.3790],[22.6663,56.3490],[22.9245,56.4121],[22.9569,56.4019],[23.0167,56.3238],[23.0622,56.3041],[23.1127,56.3108],[23.1725,56.3579],[23.2884,56.3730],[23.4815,56.3301],[23.7066,56.3544],[23.7249,56.3288],[23.8581,56.3343],[23.9813,56.3124],[24.1389,56.2574],[24.3185,56.2985],[24.4143,56.2655],[24.4813,56.2688],[24.5389,56.2876],[24.6786,56.3772],[24.8055,56.4085],[24.8458,56.4049],[24.8709,56.4426],[24.9101,56.4219],[24.9731,56.3007],[25.0731,56.1978],[25.1091,56.1830],[25.6618,56.1408],[25.6966,56.0878],[26.1786,55.8495],[26.2797,55.7432],[26.4810,55.6783],[26.5945,55.6669],[26.6076,55.6164]]],[[[20.9248,55.2829],[20.9995,55.3570],[21.0823,55.4976],[21.0993,55.5987],[21.0852,55.7228],[21.1174,55.6997],[21.1315,55.6555],[21.1198,55.4894],[21.0871,55.4410],[21.1062,55.4212],[21.0378,55.3285],[20.9889,55.2913],[20.9894,55.2731],[20.9248,55.2829]]]]}},{"type":"Feature","properties":{"zone":"MT","eic":"10Y1001A1001A93C","name":"Malta, Malta BZ / CA / MBA","country":"MT"},"geometry":{"type":"MultiPolygon","coordinates":[[[[14.5480,35.8900],[14.5617,35.8298],[14.5324,35.8219],[14.5275,35.8012],[14.3815,35.8429],[14.3426,35.8806],[14.3382,35.9469],[14.3220,35.9731],[14.3772,35.9936],[14.3493,35.9731],[14.4284,35.9657],[14.5078,35.9285],[14.5139,35.9008],[14.5480,35.8900]]],[[[14.2566,36.0755],[14.3342,36.0343],[14.2414,36.0146],[14.1849,36.0346],[14.1836,36.0647],[14.2566,36.0755]]]]}},{"type":"Feature","properties":{"zone":"ME","eic":"10YCS-CG-TSO---S","name":"Montenegro, CGES BZ / CA / MBA","country":"ME"},"geometry":{"type":"Polygon","coordinates":[[[18.4978,42.4311],[18.4442,42.4779],[18.4373,42.5592],[18.4921,42.5647],[18.4866,42.5898],[18.5384,42.6183],[18.5500,42.6680],[18.4538,42.7931],[18.4436,42.8344],[18.4733,42.8625],[18.4335,42.9542],[18.4830,43.0146],[18.6389,43.0202],[18.6205,43.1225],[18.6453,43.1801],[18.6883,43.2244],[18.6643,43.2331],[18.8335,43.3241],[18.8212,43.3413],[18.9234,43.3468],[18.9573,43.3258],[18.9924,43.2671],[19.0247,43.2987],[19.0696,43.3088],[19.0099,43.4109],[18.9682,43.4480],[18.9462,43.4439],[18.9512,43.4638],[18.9056,43.4906],[18.9774,43.5462],[19.0002,43.5478],[19.0549,43.5067],[19.0960,43.5129],[19.1227,43.5359],[19.1953,43.5327],[19.1751,43.5096],[19.1922,43.4545],[19.3722,43.3842],[19.5124,43.2406],[19.5981,43.1762],[19.6630,43.1585],[19.7135,43.1656],[19.7612,43.1087],[19.8051,43.0899],[19.8722,43.0903],[19.9291,43.1139],[19.9597,43.0785],[20.1169,42.9766],[20.2231,42.9576],[20.3536,42.8909],[20.3453,42.8274],[20.2176,42.8027],[20.2084,42.7632],[20.1833,42.7425],[20.0763,42.7734],[20.0265,42.7432],[20.0361,42.7079],[20.1039,42.6531],[20.0757,42.6030],[20.0770,42.5599],[20.0649,42.5467],[20.0392,42.5577],[19.9817,42.5107],[19.9075,42.5063],[19.8014,42.4681],[19.7515,42.4934],[19.7343,42.5243],[19.7460,42.5989],[19.7221,42.6460],[19.6760,42.6466],[19.6217,42.6049],[19.5880,42.5328],[19.4172,42.3741],[19.4003,42.3258],[19.2749,42.1912],[19.2820,42.1645],[19.3724,42.1042],[19.3505,42.0278],[19.3710,41.9865],[19.3464,41.9615],[19.3650,41.8523],[19.3102,41.8945],[19.1702,41.9379],[19.1379,41.9852],[19.1391,42.0424],[19.0825,42.0812],[19.0838,42.1100],[19.0486,42.1402],[19.0105,42.1395],[18.9133,42.2222],[18.8859,42.2843],[18.8540,42.2904],[18.8313,42.2775],[18.8176,42.2911],[18.7785,42.2714],[18.7145,42.3252],[18.6784,42.3859],[18.6585,42.3866],[18.6531,42.3662],[18.6167,42.3680],[18.5451,42.4235],[18.5628,42.4385],[18.7004,42.3929],[18.7065,42.4210],[18.6838,42.4588],[18.6873,42.4828],[18.6541,42.4518],[18.5024,42.4556],[18.5212,42.4379],[18.5129,42.4090],[18.5297,42.4003],[18.4964,42.4163],[18.4978,42.4311]]]}},{"type":"Feature","properties":{"zone":"GE","eic":"10Y1001A1001B012","name":"Georgia","country":"GE"},"geometry":{"type":"Polygon","coordinates":[[[41.5001,42.6405],[41.4573,42.7136],[41.4243,42.7398],[41.2253,42.8023],[41.1502,42.7956],[41.1047,42.8465],[41.0817,42.9081],[41.0231,42.9899],[40.9337,42.9827],[40.8559,43.0630],[40.6828,43.0943],[40.5918,43.0856],[40.5201,43.1272],[40.3982,43.1623],[40.3611,43.1654],[40.3351,43.1408],[40.2684,43.2163],[40.2727,43.2479],[40.2190,43.3190],[40.0869,43.3703],[39.9859,43.3889],[40.0591,43.5351],[40.0967,43.5626],[40.1642,43.5758],[40.2331,43.5757],[40.5196,43.5051],[40.6519,43.5389],[40.7401,43.4952],[40.8749,43.4556],[41.0117,43.3754],[41.1466,43.3798],[41.2787,43.3331],[41.3806,43.3347],[41.4131,43.2912],[41.5061,43.2597],[41.5775,43.2152],[41.9193,43.2059],[42.0433,43.1805],[42.1853,43.2254],[42.3545,43.2360],[42.4228,43.2289],[42.6152,43.1369],[42.6736,43.1658],[42.8297,43.1687],[42.9148,43.1219],[43.0000,43.0986],[42.9988,43.0422],[43.1555,42.9423],[43.5174,42.8604],[43.5862,42.8356],[43.6628,42.7798],[43.8006,42.7464],[43.8117,42.7172],[43.7256,42.6544],[43.7225,42.6248],[43.7511,42.5987],[43.8853,42.5792],[43.9397,42.5522],[44.0550,42.6153],[44.1973,42.6291],[44.2720,42.7023],[44.3606,42.7037],[44.5081,42.7502],[44.6009,42.7491],[44.6794,42.7236],[44.7363,42.6775],[44.7734,42.6096],[44.8593,42.7595],[44.9029,42.7530],[45.0297,42.6887],[45.1229,42.7022],[45.1553,42.6932],[45.2826,42.5863],[45.3226,42.5301],[45.3559,42.5199],[45.4792,42.5423],[45.6206,42.5303],[45.6986,42.5075],[45.7396,42.4714],[45.6213,42.2244],[45.6314,42.2011],[45.8116,42.1154],[45.8813,42.1020],[45.9475,42.0229],[45.9951,42.0334],[46.0584,42.0203],[46.0991,41.9850],[46.2243,41.9934],[46.2941,41.9386],[46.4065,41.9150],[46.4308,41.8904],[46.3283,41.7664],[46.2977,41.7508],[46.2083,41.7555],[46.1889,41.7401],[46.1800,41.6551],[46.1927,41.6101],[46.2196,41.5933],[46.2539,41.6159],[46.3139,41.4937],[46.5915,41.3729],[46.6948,41.2697],[46.6746,41.2616],[46.6694,41.2298],[46.6444,41.2079],[46.6211,41.1145],[46.6017,41.0940],[46.5435,41.0970],[46.4967,41.0448],[46.4749,41.0441],[46.4126,41.0918],[46.3323,41.1158],[46.2285,41.1954],[46.1354,41.1999],[46.0416,41.1654],[45.9691,41.1682],[45.8207,41.2088],[45.7097,41.2677],[45.6858,41.2962],[45.7440,41.3353],[45.5118,41.3945],[45.4648,41.4301],[45.3967,41.4232],[45.2817,41.4529],[44.9551,41.2627],[44.8207,41.2733],[44.8012,41.2585],[44.8470,41.2307],[44.8577,41.2193],[44.8477,41.2089],[44.6749,41.2084],[44.6128,41.2231],[44.5515,41.1770],[44.5166,41.2068],[44.4549,41.1804],[44.3449,41.2132],[44.2849,41.1908],[44.1803,41.2299],[44.1247,41.1780],[44.0612,41.1841],[43.9558,41.1604],[43.8632,41.1589],[43.7541,41.1082],[43.5666,41.1240],[43.4504,41.1046],[43.4375,41.1561],[43.3832,41.1872],[43.3226,41.1920],[43.2306,41.1726],[43.1720,41.2423],[43.1031,41.2488],[43.1572,41.2697],[43.1840,41.2989],[43.1239,41.3129],[43.0020,41.3826],[42.9577,41.4370],[42.8889,41.4699],[42.8680,41.5002],[42.8299,41.4725],[42.7665,41.5043],[42.8068,41.5429],[42.8199,41.5723],[42.8009,41.5792],[42.5852,41.5787],[42.5549,41.5503],[42.5355,41.4934],[42.4630,41.4318],[42.2624,41.4823],[42.1892,41.4817],[42.1583,41.4998],[42.0195,41.4850],[41.9479,41.5055],[41.8940,41.4855],[41.8129,41.4218],[41.7609,41.4535],[41.7068,41.4631],[41.7026,41.4890],[41.6399,41.4787],[41.5207,41.5142],[41.6157,41.6326],[41.6760,41.6621],[41.7397,41.7499],[41.7739,41.8216],[41.7739,41.9069],[41.7557,42.0064],[41.6640,42.1139],[41.6491,42.2122],[41.5962,42.3494],[41.5548,42.3898],[41.5001,42.6405]]]}},{"type":"Feature","properties":{"zone":"NL","eic":"10YNL----------L","name":"Netherlands, TenneT NL BZ / CA/ MBA","country":"NL"},"geometry":{"type":"MultiPolygon","coordinates":[[[[3.5413,51.4167],[3.8339,51.3432],[3.9558,51.3717],[3.9841,51.4104],[4.1219,51.3593],[4.1565,51.3575],[4.1800,51.3774],[4.2214,51.3680],[4.2079,51.3305],[4.1685,51.2968],[3.9270,51.2062],[3.8086,51.2053],[3.7814,51.2198],[3.7762,51.2545],[3.6095,51.2904],[3.5143,51.2810],[3.5012,51.2402],[3.4219,51.2379],[3.3673,51.2634],[3.3532,51.2886],[3.3494,51.3752],[3.5413,51.4167]]],[[[4.0726,51.6369],[3.9780,51.6232],[3.9231,51.6324],[3.8855,51.6683],[3.8092,51.6995],[3.7653,51.6784],[3.7000,51.6806],[3.6866,51.6926],[3.6894,51.7250],[3.8142,51.7482],[3.9617,51.7381],[4.0366,51.6858],[4.0973,51.6702],[4.0993,51.6541],[4.0726,51.6369]]],[[[4.9130,53.1048],[4.7956,53.0003],[4.7619,52.9943],[4.7268,53.0030],[4.7076,53.0284],[4.7584,53.1084],[4.8056,53.1330],[4.8543,53.1877],[4.8857,53.1867],[4.9101,53.1345],[4.8925,53.1048],[4.9130,53.1048]]],[[[7.1885,53.1677],[7.1719,53.1377],[7.1943,53.0338],[7.1836,52.9661],[7.0619,52.8240],[7.0366,52.6473],[7.0184,52.6259],[6.8654,52.6419],[6.7370,52.6346],[6.7017,52.6191],[6.7039,52.5830],[6.7437,52.5597],[6.6717,52.5416],[6.6950,52.4756],[6.7148,52.4615],[6.9002,52.4319],[6.9733,52.4513],[7.0482,52.3650],[7.0124,52.2849],[7.0263,52.2306],[6.8848,52.1603],[6.8306,52.1128],[6.7498,52.1028],[6.6729,52.0500],[6.6750,52.0348],[6.7781,52.0012],[6.8091,51.9795],[6.8107,51.9605],[6.7166,51.8992],[6.6281,51.8975],[6.4628,51.8483],[6.3784,51.8601],[6.3824,51.8275],[6.3449,51.8211],[6.3419,51.8366],[6.2873,51.8461],[6.2646,51.8661],[6.2251,51.8625],[6.1269,51.8967],[6.0929,51.8853],[6.1561,51.8420],[6.084,51.8536],[5.9314,51.8156],[5.9641,51.7765],[5.9393,51.7318],[6.0120,51.7158],[6.0219,51.7095],[6.0085,51.6811],[6.0991,51.6444],[6.0864,51.5955],[6.1933,51.5093],[6.2053,51.4584],[6.1935,51.3445],[6.1477,51.3181],[6.0566,51.2117],[6.0608,51.1709],[6.0843,51.1626],[6.1570,51.1792],[6.1262,51.1645],[6.1472,51.1522],[5.9829,51.0746],[5.9379,51.0309],[5.8804,51.0520],[5.8524,51.0427],[5.8746,50.9653],[6.0036,50.9737],[5.9998,50.9293],[6.0637,50.9075],[6.0567,50.8526],[6.0092,50.8404],[5.9983,50.8007],[5.9687,50.7946],[5.9949,50.7499],[5.7931,50.7521],[5.7524,50.7734],[5.7065,50.7542],[5.6883,50.7608],[5.7004,50.7955],[5.6244,50.8302],[5.6223,50.8526],[5.7223,50.9116],[5.7640,50.9594],[5.7223,50.9594],[5.7775,51.0235],[5.7640,51.0351],[5.7714,51.0581],[5.7988,51.0614],[5.8049,51.0966],[5.8459,51.1033],[5.8232,51.1187],[5.8405,51.1389],[5.8291,51.1564],[5.7813,51.1524],[5.7308,51.1837],[5.6590,51.1790],[5.5683,51.2076],[5.5455,51.2199],[5.5351,51.2620],[5.4932,51.2865],[5.3890,51.2587],[5.2154,51.2587],[5.2149,51.2943],[5.1973,51.3083],[5.1229,51.3133],[5.0681,51.3745],[5.0799,51.4385],[5.0275,51.4768],[4.9571,51.4109],[4.9103,51.3919],[4.7621,51.4133],[4.7790,51.4264],[4.8226,51.4136],[4.8239,51.4756],[4.7786,51.4953],[4.7312,51.4856],[4.6301,51.4182],[4.5406,51.4200],[4.5215,51.4286],[4.5252,51.4759],[4.4830,51.4743],[4.3771,51.4428],[4.3892,51.4345],[4.3799,51.4095],[4.4161,51.3739],[4.3922,51.3504],[4.2610,51.3693],[4.2347,51.4190],[4.2010,51.4053],[4.1110,51.4069],[3.9987,51.4531],[3.9570,51.4557],[3.9021,51.4049],[3.8271,51.3910],[3.6897,51.4542],[3.6100,51.4450],[3.5354,51.4592],[3.4510,51.5297],[3.4575,51.5550],[3.5603,51.5946],[3.8510,51.6107],[3.9057,51.5692],[3.8715,51.5493],[4.0158,51.5308],[4.0571,51.5083],[4.1048,51.4457],[4.2832,51.4476],[4.2967,51.4705],[4.2677,51.5082],[4.0913,51.5350],[3.9881,51.5902],[4.0677,51.6106],[4.1572,51.6078],[4.2072,51.5902],[4.1899,51.6166],[4.1359,51.6204],[4.1129,51.6393],[4.1126,51.6708],[4.1769,51.6858],[4.0715,51.7171],[4.0339,51.7842],[3.9814,51.8100],[3.8715,51.7882],[3.8623,51.8160],[3.9626,51.8473],[4.0476,51.8336],[4.0776,51.8435],[4.0320,51.8820],[4.0434,51.9086],[4.0156,51.9876],[4.1418,52.0056],[4.2846,52.1129],[4.5081,52.3363],[4.5969,52.5065],[4.6694,52.7965],[4.7116,52.8631],[4.7454,52.9675],[4.8169,52.9675],[4.8094,52.9295],[4.8737,52.9039],[5.0781,52.9540],[5.3127,53.0828],[5.3792,53.0973],[5.4474,53.2208],[5.5915,53.3028],[5.9808,53.4060],[6.2739,53.4126],[6.3115,53.3989],[6.4943,53.4387],[6.7302,53.4606],[6.8291,53.4505],[6.8668,53.4342],[6.9005,53.3517],[7.0200,53.3061],[7.0854,53.3096],[7.0734,53.2956],[7.0807,53.2667],[7.1945,53.2450],[7.1885,53.1677]]],[[[5.1048,53.3028],[5.0364,53.2918],[4.9101,53.2124],[4.8789,53.2208],[4.9865,53.2899],[5.0544,53.3137],[5.1048,53.3028]]],[[[5.4754,53.4269],[5.4817,53.4126],[5.4685,53.4085],[5.2083,53.3526],[5.1676,53.3682],[5.1788,53.3854],[5.2501,53.4064],[5.5852,53.4535],[5.5620,53.4343],[5.4754,53.4269]]],[[[5.9546,53.4610],[5.6789,53.4301],[5.6360,53.4486],[5.6588,53.4718],[5.9138,53.4738],[5.9546,53.4610]]],[[[6.3387,53.5088],[6.1333,53.4535],[6.1228,53.4816],[6.2117,53.5088],[6.3387,53.5088]]],[[[6.5101,53.5436],[6.4607,53.5433],[6.4411,53.5566],[6.5101,53.5436]]]]}},{"type":"Feature","properties":{"zone":"PL","eic":"10YPL-AREA-----S","name":"Poland, PSE SA BZ / BZA / CA / MBA","country":"PL"},"geometry":{"type":"Polygon","coordinates":[[[18.8331,49.5102],[18.7884,49.6685],[18.7276,49.6689],[18.6177,49.7138],[18.5667,49.8047],[18.5663,49.8315],[18.5938,49.8522],[18.5672,49.8614],[18.5592,49.9071],[18.4817,49.8966],[18.3688,49.9320],[18.2924,49.9078],[18.2558,49.9460],[18.0981,49.9890],[18.0851,49.9987],[18.0916,50.0172],[18.0024,50.0467],[18.0068,50.0241],[18.0357,50.0172],[18.0324,50.0028],[17.8757,49.9686],[17.8393,49.9736],[17.7632,50.0252],[17.7194,50.0808],[17.7319,50.0948],[17.6327,50.1063],[17.5841,50.1458],[17.5894,50.1632],[17.6753,50.1747],[17.7475,50.2175],[17.7191,50.2527],[17.7344,50.2894],[17.7079,50.3110],[17.6845,50.3123],[17.6295,50.2621],[17.4693,50.2655],[17.4241,50.2405],[17.3880,50.2726],[17.3417,50.2597],[17.3190,50.3082],[17.3374,50.3130],[17.2108,50.3364],[17.1876,50.3784],[17.1316,50.3768],[16.8929,50.4329],[16.8657,50.4224],[16.8658,50.4084],[16.9265,50.3192],[16.9878,50.2849],[17.0148,50.2184],[16.9603,50.2319],[16.9552,50.2134],[16.9189,50.2170],[16.8809,50.1915],[16.8177,50.1867],[16.7012,50.0949],[16.6606,50.0930],[16.5666,50.1422],[16.5350,50.2077],[16.4377,50.2979],[16.3710,50.3183],[16.3437,50.3699],[16.2625,50.3644],[16.2320,50.4026],[16.1995,50.4062],[16.1901,50.4241],[16.1980,50.4400],[16.2179,50.4371],[16.2112,50.4512],[16.2877,50.4927],[16.3526,50.4927],[16.3911,50.5218],[16.3944,50.5593],[16.4259,50.5675],[16.3316,50.6440],[16.2320,50.6608],[16.1754,50.6240],[16.0864,50.6467],[16.0244,50.6085],[15.9820,50.6036],[15.9986,50.6355],[15.9714,50.6786],[15.9414,50.6883],[15.8481,50.6751],[15.7922,50.7426],[15.6843,50.7314],[15.6418,50.7557],[15.4417,50.8002],[15.3560,50.7754],[15.3410,50.8317],[15.2877,50.8548],[15.2560,50.8998],[15.2697,50.9526],[15.2271,50.9774],[15.1701,50.9779],[15.1444,51.0115],[15.1079,50.9810],[15.0039,51.0206],[14.9609,50.9926],[14.9966,50.9592],[14.9820,50.8590],[14.8103,50.8584],[14.8104,50.8770],[14.8602,50.9168],[14.9552,51.0640],[14.9913,51.1889],[15.0220,51.2367],[15.0194,51.2716],[14.9637,51.3283],[14.9450,51.4491],[14.7100,51.5302],[14.7127,51.5674],[14.7439,51.6066],[14.7324,51.6583],[14.6484,51.7172],[14.6341,51.7690],[14.5858,51.8038],[14.5959,51.8424],[14.6870,51.9118],[14.6990,51.9925],[14.7614,52.0766],[14.6863,52.1210],[14.7070,52.1794],[14.6925,52.1995],[14.7124,52.2359],[14.5841,52.2912],[14.5901,52.3094],[14.5453,52.3821],[14.5398,52.4218],[14.5915,52.4497],[14.6323,52.4967],[14.6090,52.5178],[14.6448,52.5769],[14.4319,52.6860],[14.3822,52.7381],[14.1239,52.8506],[14.1504,52.8646],[14.1649,52.8956],[14.1444,52.9599],[14.3433,53.0486],[14.3895,53.1316],[14.3806,53.1898],[14.4416,53.2518],[14.4032,53.2787],[14.3598,53.4440],[14.3041,53.5085],[14.2970,53.5977],[14.2609,53.6562],[14.2639,53.6999],[14.3048,53.7125],[14.2885,53.7279],[14.3016,53.7348],[14.2942,53.7490],[14.4145,53.6823],[14.5310,53.6577],[14.5905,53.5983],[14.6237,53.6528],[14.5759,53.6596],[14.5449,53.7040],[14.5759,53.7695],[14.6237,53.7695],[14.6306,53.8515],[14.5870,53.8126],[14.5691,53.8241],[14.5896,53.8378],[14.5758,53.8548],[14.4411,53.8696],[14.4255,53.8798],[14.4318,53.9061],[14.3630,53.8793],[14.4176,53.8651],[14.4052,53.8441],[14.3188,53.8181],[14.2746,53.8307],[14.1752,53.9064],[14.2100,53.9384],[14.2680,53.9218],[14.4067,53.9218],[14.7819,54.0346],[15.0101,54.0698],[15.2883,54.1388],[15.6657,54.1984],[15.8597,54.2499],[16.1315,54.2835],[16.0693,54.2630],[16.1792,54.2630],[16.1723,54.2765],[16.2200,54.2765],[16.2151,54.2996],[16.1377,54.2902],[16.2135,54.3161],[16.2754,54.3585],[16.2317,54.3225],[16.3239,54.3499],[16.3367,54.3585],[16.3248,54.3731],[16.2815,54.3585],[16.4397,54.4882],[16.4445,54.4698],[16.4733,54.4821],[16.4738,54.4996],[16.4460,54.4882],[16.4665,54.5121],[16.5695,54.5571],[16.9399,54.6060],[17.0358,54.6670],[17.3374,54.7490],[17.7156,54.7904],[17.8854,54.8241],[18.1523,54.8383],[18.3395,54.8334],[18.7517,54.6900],[18.8139,54.6432],[18.8352,54.6030],[18.8176,54.5981],[18.7840,54.6235],[18.7077,54.7012],[18.4563,54.7876],[18.4292,54.7816],[18.4130,54.7465],[18.4130,54.7319],[18.4744,54.6875],[18.4759,54.6400],[18.5063,54.6341],[18.5229,54.6465],[18.5171,54.6299],[18.5706,54.5503],[18.5675,54.4878],[18.5880,54.4336],[18.6943,54.4045],[18.7172,54.3820],[18.8859,54.3501],[18.9543,54.3585],[19.0021,54.3449],[19.3772,54.3776],[19.5310,54.4149],[19.6095,54.4567],[19.6802,54.4366],[22.6983,54.3429],[22.7672,54.3562],[22.8376,54.4009],[22.9626,54.3816],[22.9897,54.3533],[23.0416,54.3409],[23.0321,54.3095],[23.0500,54.2948],[23.1170,54.3034],[23.3160,54.2362],[23.4490,54.1549],[23.4961,54.0445],[23.4964,54.0219],[23.4586,53.9816],[23.4903,53.9506],[23.4868,53.9099],[23.5298,53.7841],[23.5647,53.7424],[23.5909,53.6112],[23.7429,53.3654],[23.8006,53.2424],[23.8936,53.1519],[23.8593,53.0679],[23.9113,53.0050],[23.9179,52.9508],[23.9011,52.9232],[23.9224,52.7425],[23.9087,52.6998],[23.8689,52.6700],[23.7361,52.6149],[23.5690,52.5858],[23.3922,52.5096],[23.1656,52.2893],[23.1944,52.2714],[23.1897,52.2405],[23.3958,52.1995],[23.3913,52.1825],[23.4504,52.1859],[23.4709,52.1716],[23.4876,52.1816],[23.4846,52.1586],[23.5124,52.1244],[23.5793,52.1215],[23.6374,52.0844],[23.6764,51.9940],[23.6286,51.9463],[23.6218,51.8774],[23.5945,51.8432],[23.6286,51.8097],[23.6175,51.7865],[23.5522,51.7366],[23.5592,51.6951],[23.5460,51.6896],[23.5603,51.6719],[23.5324,51.6589],[23.5434,51.5927],[23.5727,51.5396],[23.6023,51.5307],[23.6148,51.4972],[23.6627,51.4801],[23.6487,51.4539],[23.6976,51.4044],[23.6788,51.3940],[23.6838,51.3702],[23.6340,51.3392],[23.6351,51.3046],[23.6872,51.2924],[23.7426,51.2162],[23.8635,51.1482],[23.8747,51.1361],[23.8544,51.1215],[23.9042,51.0627],[23.9117,51.0068],[23.9550,50.9835],[23.9793,50.9375],[24.1431,50.8564],[24.1308,50.8390],[23.9928,50.8362],[23.9576,50.8080],[23.9742,50.7761],[24.0258,50.7670],[24.0128,50.7433],[24.0268,50.7280],[24.0810,50.7129],[24.0749,50.6901],[24.1084,50.6298],[24.0852,50.6044],[24.1077,50.5408],[24.0106,50.4927],[24.0077,50.4484],[23.9813,50.4047],[23.9286,50.3908],[23.7475,50.3893],[23.6822,50.3682],[23.6441,50.3126],[23.4364,50.1934],[23.1014,49.9571],[22.9511,49.8266],[22.9331,49.7910],[22.8882,49.7697],[22.8266,49.6973],[22.7661,49.6742],[22.6658,49.5673],[22.6409,49.5287],[22.6795,49.4189],[22.7197,49.3829],[22.7377,49.2753],[22.6817,49.1612],[22.7057,49.1688],[22.8534,49.0847],[22.8431,49.0431],[22.8669,49.0099],[22.8552,48.9940],[22.7553,49.0447],[22.6428,49.0431],[22.5607,49.0855],[22.5396,49.0722],[22.3900,49.0930],[22.3394,49.1264],[22.2159,49.1399],[22.1979,49.1719],[22.0407,49.1974],[22.0124,49.2110],[21.9932,49.2781],[21.9284,49.3307],[21.8195,49.3772],[21.7575,49.3489],[21.6917,49.4021],[21.6011,49.4264],[21.4278,49.4098],[21.2605,49.4494],[21.1940,49.4006],[21.1249,49.4236],[21.0688,49.4192],[21.0332,49.3996],[21.0685,49.3814],[21.0725,49.3571],[21.0172,49.3524],[20.9189,49.2903],[20.7782,49.3312],[20.6895,49.4005],[20.6052,49.4000],[20.5439,49.3708],[20.4375,49.4025],[20.4219,49.4001],[20.4221,49.3829],[20.3176,49.3916],[20.2843,49.3386],[20.2071,49.3341],[20.1603,49.3056],[20.1358,49.3088],[20.0860,49.2430],[20.0700,49.1830],[20.0504,49.1732],[19.9379,49.2251],[19.8319,49.1858],[19.7606,49.1942],[19.7517,49.2190],[19.8086,49.2708],[19.7797,49.2933],[19.7895,49.3091],[19.7692,49.3931],[19.6270,49.4018],[19.6348,49.4413],[19.5567,49.4538],[19.5051,49.5633],[19.4573,49.5980],[19.4376,49.6001],[19.3395,49.5287],[19.2486,49.5162],[19.2204,49.4930],[19.2089,49.4449],[19.1893,49.4422],[19.1725,49.4022],[19.1165,49.3909],[19.0676,49.4061],[18.9622,49.3891],[18.9611,49.4927],[18.8331,49.5102]]]}},{"type":"Feature","properties":{"zone":"PT","eic":"10YPT-REN------W","name":"Portugal, REN BZ / CA / MBA","country":"PT"},"geometry":{"type":"MultiPolygon","coordinates":[[[[-25.0270,36.9343],[-25.1190,36.9526],[-25.1690,36.9459],[-25.2016,36.9904],[-25.1703,37.0155],[-25.0668,37.0214],[-25.0169,36.9704],[-25.0121,36.9492],[-25.0270,36.9343]]],[[[-25.1568,37.7545],[-25.5056,37.7067],[-25.6155,37.7409],[-25.7042,37.7440],[-25.8250,37.8154],[-25.8594,37.8539],[-25.8414,37.9059],[-25.7645,37.9115],[-25.7042,37.8826],[-25.6888,37.8458],[-25.5537,37.8296],[-25.4988,37.8507],[-25.4584,37.8296],[-25.3397,37.8618],[-25.1978,37.8644],[-25.1591,37.8520],[-25.1351,37.8223],[-25.1323,37.7862],[-25.1568,37.7545]]],[[[-7.8560,36.9942],[-7.8784,36.9708],[-7.9557,36.9730],[-7.9039,36.9748],[-7.8560,36.9942]]],[[[-9.0796,38.8201],[-9.0613,38.8522],[-9.0352,38.8705],[-9.0545,38.8329],[-9.0796,38.8201]]],[[[-7.1510,38.8192],[-7.2840,38.7132],[-7.2924,38.6461],[-7.2704,38.6176],[-7.3177,38.5562],[-7.3456,38.4941],[-7.3351,38.4694],[-7.3592,38.4463],[-7.3171,38.4245],[-7.1671,38.2720],[-7.1268,38.1909],[-7.1035,38.1735],[-7.0264,38.1996],[-6.9475,38.1966],[-7.0239,38.0225],[-7.1232,38.0400],[-7.1597,37.9968],[-7.2727,37.9770],[-7.2686,37.9492],[-7.3068,37.8507],[-7.3344,37.8119],[-7.4440,37.7301],[-7.4716,37.6369],[-7.5143,37.6014],[-7.5296,37.5671],[-7.4688,37.4755],[-7.4076,37.1648],[-7.4457,37.1796],[-7.5117,37.1717],[-7.8195,36.9987],[-7.9912,37.0141],[-7.9767,36.9867],[-8.0352,37.0375],[-8.1791,37.0880],[-8.2932,37.0777],[-8.3653,37.0979],[-8.4388,37.0827],[-8.5801,37.1239],[-8.6415,37.1177],[-8.6862,37.0829],[-8.7476,37.0829],[-8.8591,37.0407],[-8.8789,37.0472],[-8.9460,37.0078],[-8.9978,37.0214],[-8.9855,37.0633],[-8.9135,37.1699],[-8.9227,37.1996],[-8.8813,37.2324],[-8.8670,37.2767],[-8.8827,37.3099],[-8.8386,37.3603],[-8.8159,37.4179],[-8.7954,37.5353],[-8.8265,37.6005],[-8.7993,37.6975],[-8.7576,37.7067],[-8.7521,37.7307],[-8.8087,37.7228],[-8.8048,37.9018],[-8.8206,37.9272],[-8.8948,37.9525],[-8.8156,38.0621],[-8.7743,38.1869],[-8.7950,38.3592],[-8.8782,38.4491],[-8.9426,38.4813],[-8.9273,38.4938],[-8.9045,38.4863],[-8.8001,38.4391],[-8.7985,38.4260],[-8.6568,38.4059],[-8.6068,38.4186],[-8.7361,38.4518],[-8.7525,38.4879],[-8.7371,38.5223],[-8.7612,38.5380],[-8.7576,38.5633],[-8.7733,38.5653],[-8.8128,38.5285],[-8.7802,38.5054],[-8.7884,38.4813],[-8.9058,38.5123],[-8.9548,38.5051],[-8.9918,38.4594],[-9.0485,38.4406],[-9.2306,38.4186],[-9.2310,38.4376],[-9.1900,38.4725],[-9.1837,38.5515],[-9.2526,38.6654],[-9.1450,38.6810],[-9.1077,38.6588],[-9.1139,38.6793],[-9.0523,38.6936],[-8.9426,38.7755],[-8.9702,38.8354],[-8.9631,38.8506],[-8.9863,38.8494],[-9.0115,38.9133],[-8.9432,39.0152],[-8.9084,39.0362],[-8.8265,39.0492],[-8.7651,39.0977],[-8.8364,39.0567],[-8.9358,39.0407],[-9.1002,38.8302],[-9.0982,38.7378],[-9.1125,38.7141],[-9.2201,38.6938],[-9.2852,38.6987],[-9.3217,38.6703],[-9.4047,38.7040],[-9.4716,38.7024],[-9.4916,38.7075],[-9.4974,38.8097],[-9.4554,38.8504],[-9.4227,38.9314],[-9.4366,39.0294],[-9.3508,39.1973],[-9.3405,39.2668],[-9.3540,39.3162],[-9.4092,39.3751],[-9.3529,39.3679],[-9.2608,39.4184],[-9.2176,39.4061],[-9.2059,39.4154],[-9.2298,39.4407],[-9.1828,39.4925],[-9.1356,39.5161],[-9.0904,39.5792],[-9.0716,39.6804],[-8.8681,40.1248],[-8.8532,40.1392],[-8.8250,40.1200],[-8.7849,40.1187],[-8.8161,40.1465],[-8.8964,40.1647],[-8.9084,40.2006],[-8.8653,40.2754],[-8.753,40.6408],[-8.7446,40.6469],[-8.7446,40.6190],[-8.7102,40.6534],[-8.6900,40.6469],[-8.6961,40.6736],[-8.6620,40.6698],[-8.6415,40.6941],[-8.6636,40.7240],[-8.5726,40.7555],[-8.6684,40.7474],[-8.6837,40.7831],[-8.6455,40.8236],[-8.6552,40.8449],[-8.6631,40.8149],[-8.6756,40.8244],[-8.6898,40.8041],[-8.7142,40.7090],[-8.7508,40.6531],[-8.6551,40.9938],[-8.6661,41.1327],[-8.6483,41.1527],[-8.6857,41.1594],[-8.7371,41.2496],[-8.7444,41.3281],[-8.7838,41.3938],[-8.7748,41.4683],[-8.8305,41.6715],[-8.6961,41.7219],[-8.8299,41.6946],[-8.8611,41.7043],[-8.8803,41.7368],[-8.8675,41.8591],[-8.7627,41.9319],[-8.7508,41.9689],[-8.6708,41.9998],[-8.6268,42.0510],[-8.3467,42.1016],[-8.2223,42.1536],[-8.2043,42.1287],[-8.2040,42.0695],[-8.1376,42.0729],[-8.0950,42.0409],[-8.1080,42.0108],[-8.2207,41.9227],[-8.2317,41.8860],[-8.1770,41.8498],[-8.1795,41.8107],[-8.0934,41.8067],[-8.0485,41.8163],[-7.9936,41.8636],[-7.9447,41.8669],[-7.9257,41.9081],[-7.9061,41.9138],[-7.8965,41.8579],[-7.7220,41.8992],[-7.6611,41.8749],[-7.6073,41.8731],[-7.6228,41.8417],[-7.6060,41.8255],[-7.5466,41.8320],[-7.5158,41.8649],[-7.4693,41.8525],[-7.4427,41.8059],[-7.3919,41.8420],[-7.3224,41.8454],[-7.2186,41.8790],[-7.1979,41.9015],[-7.1999,41.9637],[-7.1597,41.9857],[-7.0512,41.9420],[-6.9923,41.9663],[-6.9451,41.9433],[-6.8549,41.9429],[-6.8312,41.9539],[-6.8249,41.9837],[-6.7943,41.9797],[-6.7579,41.9375],[-6.7279,41.9308],[-6.6228,41.9409],[-6.6094,41.9623],[-6.5716,41.9426],[-6.5757,41.8828],[-6.5242,41.8674],[-6.5773,41.7397],[-6.5415,41.6589],[-6.5030,41.6530],[-6.4608,41.6765],[-6.3659,41.6636],[-6.2722,41.6282],[-6.2059,41.5702],[-6.2795,41.4970],[-6.2829,41.4656],[-6.3211,41.4110],[-6.3791,41.3973],[-6.3791,41.3774],[-6.3995,41.3774],[-6.4958,41.2949],[-6.5634,41.2707],[-6.6466,41.2676],[-6.7552,41.1588],[-6.7647,41.1088],[-6.8043,41.0644],[-6.9068,41.0561],[-6.9278,41.0479],[-6.9424,41.0159],[-6.8552,40.8872],[-6.8161,40.8568],[-6.8366,40.8402],[-6.8391,40.7575],[-6.8142,40.6471],[-6.8504,40.5822],[-6.8125,40.5146],[-6.8571,40.4421],[-6.8512,40.4095],[-6.7944,40.3564],[-6.8701,40.2955],[-6.8780,40.2652],[-7.0157,40.2255],[-7.0431,40.1813],[-7.0157,40.1190],[-6.9557,40.1029],[-6.8797,40.0091],[-6.9252,39.9179],[-6.9276,39.8619],[-7.0002,39.8025],[-6.9930,39.7742],[-7.0211,39.6940],[-7.1828,39.6750],[-7.2357,39.6865],[-7.3414,39.6718],[-7.5572,39.6798],[-7.5158,39.5937],[-7.4175,39.5242],[-7.3994,39.4936],[-7.3135,39.4574],[-7.3319,39.3847],[-7.3266,39.3413],[-7.2508,39.2706],[-7.2657,39.2313],[-7.2441,39.1956],[-7.1680,39.1706],[-7.1572,39.1054],[-7.0388,39.1091],[-6.9856,39.0667],[-6.9732,39.0139],[-7.0660,38.9046],[-7.0560,38.8551],[-7.1510,38.8192]]]]}},{"type":"Feature","properties":{"zone":"MD","eic":"10Y1001A1001A990","name":"Republic of Moldova, Moldelectica BZ/CA/MBA","country":"MD"},"geometry":{"type":"Polygon","coordinates":[[[26.6186,48.2671],[26.6797,48.3301],[26.7359,48.2918],[26.7743,48.2871],[26.7900,48.3070],[26.7775,48.3661],[26.8169,48.3717],[26.8319,48.3913],[26.9432,48.3512],[27.0330,48.3602],[27.0254,48.3898],[27.0373,48.3996],[27.2085,48.3606],[27.3421,48.4361],[27.4034,48.4114],[27.5038,48.4723],[27.6048,48.4841],[27.6068,48.4578],[27.6270,48.4512],[27.7852,48.4415],[27.8648,48.3989],[27.9264,48.3394],[28.0764,48.3149],[28.0983,48.2841],[28.0786,48.2449],[28.0932,48.2374],[28.1785,48.2588],[28.1893,48.2230],[28.2169,48.2081],[28.2944,48.2364],[28.3577,48.2386],[28.3633,48.1910],[28.3221,48.1632],[28.3174,48.1353],[28.3495,48.1297],[28.3886,48.1685],[28.4115,48.1707],[28.4368,48.1498],[28.4190,48.1222],[28.4795,48.0649],[28.5193,48.1491],[28.5736,48.1549],[28.7992,48.1117],[28.8325,48.0248],[28.9503,47.9348],[29.0172,47.9310],[29.0610,47.9697],[29.1239,47.9759],[29.1479,47.9553],[29.1725,47.8910],[29.2360,47.8707],[29.1778,47.7897],[29.2386,47.7560],[29.1969,47.7175],[29.1820,47.6132],[29.1174,47.5333],[29.1556,47.4499],[29.1820,47.4298],[29.2326,47.4463],[29.3008,47.3781],[29.3458,47.3658],[29.3675,47.3082],[29.4095,47.2797],[29.4591,47.2934],[29.4808,47.3382],[29.5565,47.3240],[29.5801,47.2604],[29.5440,47.2342],[29.5448,47.1355],[29.4778,47.1115],[29.5201,47.0599],[29.5701,47.0914],[29.6021,47.0610],[29.5724,47.0117],[29.5586,46.9457],[29.6961,46.9046],[29.7541,46.8580],[29.8436,46.8541],[29.8896,46.8071],[29.9281,46.8097],[29.9511,46.7431],[29.9312,46.6191],[29.9496,46.5788],[29.9381,46.5573],[29.8988,46.5531],[29.9019,46.5308],[29.9705,46.4917],[30.0028,46.4942],[30.0217,46.4706],[30.0140,46.4620],[30.0770,46.4228],[30.1315,46.4228],[30.0811,46.3741],[29.9186,46.3736],[29.8281,46.3393],[29.8081,46.3546],[29.8003,46.3983],[29.7141,46.4711],[29.7028,46.4283],[29.6543,46.4226],[29.6455,46.3755],[29.6156,46.3618],[29.5829,46.3696],[29.5414,46.4130],[29.4808,46.4251],[29.4864,46.4758],[29.4576,46.4847],[29.3747,46.4161],[29.3067,46.4719],[29.2891,46.4516],[29.2832,46.3974],[29.2006,46.3571],[29.1834,46.3776],[29.2056,46.4061],[29.2067,46.5025],[29.1842,46.5380],[28.9458,46.4547],[28.9192,46.4046],[28.9448,46.3207],[28.9335,46.2589],[29.0098,46.2043],[29.0153,46.1826],[28.9387,46.0892],[28.9568,46.0013],[28.7402,45.9532],[28.7284,45.9219],[28.7464,45.8705],[28.7382,45.8375],[28.6697,45.8120],[28.6697,45.7773],[28.5766,45.7619],[28.5614,45.7165],[28.5152,45.7020],[28.4740,45.6579],[28.5113,45.6350],[28.5368,45.5798],[28.4982,45.5587],[28.5020,45.5087],[28.2705,45.5215],[28.2172,45.4933],[28.1994,45.4617],[28.1659,45.4945],[28.1653,45.5282],[28.1409,45.5602],[28.0621,45.5936],[28.1077,45.6244],[28.1679,45.6324],[28.1549,45.7618],[28.1133,45.8253],[28.1105,45.8543],[28.1310,45.8713],[28.1174,45.8952],[28.1249,45.9183],[28.0827,46.0147],[28.0901,46.0733],[28.1447,46.1832],[28.1089,46.2341],[28.1321,46.2399],[28.1352,46.2693],[28.1777,46.2870],[28.1928,46.3112],[28.1903,46.3510],[28.2460,46.4278],[28.2458,46.4755],[28.2190,46.5037],[28.2473,46.6208],[28.1781,46.7586],[28.1215,46.8343],[28.1242,46.8616],[28.0968,46.9026],[28.1022,46.9351],[28.0827,46.9715],[28.0280,47.0329],[27.9387,47.0466],[27.9384,47.0610],[27.8437,47.1143],[27.8498,47.1285],[27.8065,47.1446],[27.7883,47.2042],[27.7332,47.2756],[27.6369,47.3066],[27.5999,47.3607],[27.5723,47.3751],[27.5803,47.4059],[27.5625,47.4165],[27.5758,47.4604],[27.4731,47.4917],[27.4283,47.5810],[27.3970,47.5890],[27.3040,47.6665],[27.2720,47.7149],[27.2950,47.7181],[27.2875,47.7523],[27.2191,47.8137],[27.2534,47.8280],[27.2123,47.8479],[27.2123,47.8895],[27.1606,47.9217],[27.1782,47.9379],[27.1509,47.9577],[27.1687,47.9830],[27.1437,47.9868],[27.1214,48.0131],[27.0957,48.0055],[27.0889,48.0198],[27.1093,48.0335],[27.0417,48.0772],[27.0427,48.1272],[26.9666,48.1433],[26.9976,48.1665],[26.9630,48.1753],[26.9381,48.2048],[26.9080,48.1845],[26.8976,48.2089],[26.8049,48.2582],[26.7637,48.2527],[26.6885,48.2748],[26.6186,48.2671]]]}},{"type":"Feature","properties":{"zone":"RO","eic":"10YRO-TEL------P","name":"Romania, Transelectrica BZ / CA/ MBA","country":"RO"},"geometry":{"type":"Polygon","coordinates":[[[22.8197,47.8923],[22.9242,47.9727],[22.9241,48.0048],[23.0044,47.9830],[23.0631,48.0074],[23.0989,48.0712],[23.1390,48.0981],[23.2313,48.0797],[23.3600,47.9931],[23.4608,47.9713],[23.5632,48.0057],[23.7800,47.9875],[23.8552,47.9342],[24.0087,47.9612],[24.1311,47.9145],[24.2310,47.8970],[24.3471,47.9208],[24.4091,47.9520],[24.5420,47.9438],[24.6336,47.9082],[24.6791,47.8401],[24.8082,47.7957],[24.8965,47.7100],[25.0799,47.7429],[25.2189,47.8784],[25.2617,47.8985],[25.7525,47.9345],[25.9012,47.9659],[26.1730,47.9931],[26.2707,48.0936],[26.3034,48.2120],[26.6885,48.2748],[26.8219,48.2525],[26.8976,48.2089],[26.9080,48.1845],[26.9381,48.2048],[26.9630,48.1753],[26.9976,48.1665],[26.9666,48.1433],[27.0480,48.1222],[27.0342,48.1017],[27.0417,48.0772],[27.1093,48.0335],[27.0889,48.0198],[27.0957,48.0055],[27.1214,48.0131],[27.1437,47.9868],[27.1687,47.9830],[27.1509,47.9577],[27.1782,47.9379],[27.1606,47.9217],[27.2123,47.8895],[27.2123,47.8479],[27.2534,47.8280],[27.2191,47.8137],[27.2875,47.7523],[27.2950,47.7181],[27.2720,47.7149],[27.2811,47.6930],[27.3691,47.6083],[27.4283,47.5810],[27.4731,47.4917],[27.5758,47.4604],[27.5625,47.4165],[27.5803,47.4059],[27.5723,47.3751],[27.5999,47.3607],[27.6369,47.3066],[27.7332,47.2756],[27.7883,47.2042],[27.8076,47.1624],[27.7946,47.1558],[27.8498,47.1285],[27.8437,47.1143],[27.9384,47.0610],[27.9387,47.0466],[28.0280,47.0329],[28.0690,46.9885],[28.1022,46.9351],[28.0968,46.9026],[28.1135,46.8947],[28.1215,46.8343],[28.2341,46.6624],[28.2471,46.6071],[28.2254,46.5695],[28.2341,46.5531],[28.2190,46.5037],[28.2458,46.4755],[28.2460,46.4278],[28.1903,46.3510],[28.1928,46.3112],[28.1777,46.2870],[28.1352,46.2693],[28.1321,46.2399],[28.1089,46.2341],[28.1447,46.1832],[28.0901,46.0733],[28.0827,46.0147],[28.1249,45.9183],[28.1174,45.8952],[28.1310,45.8713],[28.1105,45.8543],[28.1133,45.8253],[28.1549,45.7618],[28.1679,45.6324],[28.1077,45.6244],[28.0621,45.5936],[28.1409,45.5602],[28.1653,45.5282],[28.1659,45.4945],[28.2129,45.4501],[28.2376,45.4520],[28.2864,45.4217],[28.2811,45.4018],[28.3302,45.3229],[28.5770,45.2480],[28.7100,45.2269],[28.8026,45.2441],[28.7596,45.2741],[28.7901,45.2920],[28.7897,45.3214],[28.8318,45.3222],[28.9298,45.2790],[28.9528,45.2850],[28.9736,45.3236],[29.1743,45.3889],[29.2281,45.4237],[29.2818,45.4222],[29.3221,45.4438],[29.5696,45.3949],[29.6502,45.3461],[29.6671,45.3118],[29.6664,45.2306],[29.6590,45.2158],[29.6238,45.2102],[29.6670,45.1642],[29.6995,45.1618],[29.6643,45.1169],[29.6303,44.9076],[29.6051,44.8800],[29.6178,44.8614],[29.5617,44.8202],[29.1560,44.7844],[29.0558,44.7351],[29.0007,44.6889],[28.9749,44.7449],[29.0981,44.7753],[29.1386,44.8040],[29.1388,44.8391],[29.0963,44.8750],[29.1037,44.8402],[29.0603,44.8323],[29.0441,44.8655],[29.0520,44.9446],[29.1106,44.9700],[29.0582,45.0009],[28.9832,45.0122],[28.8693,44.9433],[28.8664,44.8826],[28.9524,44.8266],[28.9249,44.8130],[28.9387,44.8062],[28.9254,44.7836],[28.9461,44.7652],[28.8688,44.7535],[28.7983,44.7202],[28.7871,44.6933],[28.8083,44.6963],[28.7854,44.6796],[28.7840,44.6492],[28.8694,44.6618],[28.9119,44.6963],[28.8977,44.7167],[28.9674,44.7009],[28.9875,44.6752],[28.9620,44.6393],[28.9387,44.6342],[28.9753,44.6868],[28.9524,44.6963],[28.9577,44.6787],[28.9182,44.6826],[28.8541,44.6343],[28.7741,44.6007],[28.7946,44.6342],[28.7578,44.6267],[28.7644,44.5958],[28.7878,44.5864],[28.7326,44.5678],[28.7326,44.5523],[28.7469,44.5659],[28.7741,44.5523],[28.7456,44.4861],[28.7584,44.4652],[28.7783,44.5073],[28.9062,44.5877],[28.9249,44.6205],[28.9096,44.5842],[28.8440,44.4937],[28.7967,44.4679],[28.7065,44.3810],[28.6931,44.3461],[28.6643,44.3483],[28.6351,44.3163],[28.6310,44.2643],[28.6717,44.1686],[28.6458,44.1720],[28.6308,44.1544],[28.6717,43.9973],[28.6093,43.8744],[28.5783,43.7412],[28.4345,43.7352],[28.2212,43.7619],[27.9810,43.8493],[27.9120,43.9933],[27.7216,43.9487],[27.6562,44.0238],[27.6334,44.0297],[27.5745,44.0162],[27.3838,44.0150],[27.3416,44.0530],[27.2853,44.0724],[27.2511,44.1223],[27.1002,44.1444],[27.0274,44.1770],[26.8841,44.1565],[26.7536,44.1081],[26.3105,44.0526],[26.1507,44.0124],[26.0793,43.9690],[26.0543,43.9343],[25.9340,43.8703],[25.7811,43.7320],[25.6713,43.7173],[25.5565,43.6703],[25.4031,43.6500],[25.3596,43.6542],[25.2523,43.7046],[25.0816,43.7189],[24.9636,43.7496],[24.7056,43.7437],[24.4663,43.8024],[24.3582,43.7600],[24.1593,43.7529],[23.7999,43.8184],[23.7428,43.8427],[23.5926,43.8374],[23.4846,43.8806],[23.3251,43.8865],[23.1318,43.8479],[22.8887,43.8395],[22.8634,43.8554],[22.8505,43.8969],[22.8858,43.9945],[23.0230,44.0316],[23.0400,44.0623],[23.0309,44.0930],[22.9064,44.1228],[22.6907,44.2288],[22.6815,44.3053],[22.5493,44.3489],[22.4770,44.4639],[22.4841,44.4997],[22.5484,44.5117],[22.5804,44.5654],[22.6211,44.5692],[22.7001,44.5418],[22.7416,44.5518],[22.7651,44.5828],[22.7001,44.6306],[22.5874,44.6493],[22.4837,44.7239],[22.4260,44.7336],[22.3806,44.7005],[22.3049,44.6773],[22.1851,44.5151],[22.1266,44.5026],[22.0869,44.5217],[22.0763,44.5507],[22.0451,44.5692],[21.9943,44.6585],[21.8554,44.6984],[21.7568,44.6772],[21.6562,44.6876],[21.6196,44.7139],[21.5780,44.7776],[21.3959,44.7902],[21.3785,44.8166],[21.3428,44.8319],[21.3555,44.8565],[21.5362,44.8893],[21.5390,44.9084],[21.5163,44.9338],[21.4084,44.9583],[21.3513,44.9982],[21.3633,45.0165],[21.4218,45.0314],[21.4424,45.0929],[21.4941,45.1193],[21.4932,45.1451],[21.4055,45.1996],[21.2392,45.2293],[21.1394,45.3036],[21.0915,45.2880],[20.9814,45.3327],[20.8160,45.4628],[20.7671,45.4793],[20.7607,45.4933],[20.8002,45.5305],[20.7544,45.6055],[20.7772,45.6575],[20.7857,45.7525],[20.7651,45.7667],[20.7268,45.7361],[20.6880,45.7431],[20.6459,45.7887],[20.6367,45.8270],[20.5721,45.8876],[20.4816,45.9127],[20.3539,45.9766],[20.3056,46.0535],[20.2428,46.1080],[20.2832,46.1438],[20.4441,46.1469],[20.4685,46.1741],[20.6001,46.1296],[20.6639,46.1377],[20.6988,46.1564],[20.7102,46.1880],[20.7447,46.1922],[20.7393,46.2374],[20.7986,46.2676],[20.9991,46.2515],[21.0334,46.2313],[21.0992,46.2763],[21.1444,46.2837],[21.1787,46.3844],[21.2806,46.4163],[21.2451,46.4768],[21.2913,46.5467],[21.3009,46.6039],[21.3960,46.6263],[21.4362,46.6737],[21.5017,46.7035],[21.5051,46.7232],[21.4704,46.7430],[21.5029,46.8053],[21.5365,46.8350],[21.5834,46.8479],[21.5899,46.9088],[21.6485,46.9429],[21.6713,46.9933],[21.6328,47.0226],[21.7637,47.1052],[21.7798,47.1407],[21.8198,47.1727],[21.8236,47.2149],[21.8621,47.2974],[21.9190,47.3496],[21.9815,47.3661],[22.0015,47.3938],[21.9888,47.4929],[22.0078,47.5174],[22.0995,47.5709],[22.1620,47.5862],[22.2078,47.6737],[22.2730,47.7237],[22.3958,47.7356],[22.4236,47.7825],[22.4543,47.7873],[22.5629,47.7572],[22.6377,47.7715],[22.7038,47.8171],[22.7518,47.8276],[22.7636,47.8747],[22.8197,47.8923]]]}},{"type":"Feature","properties":{"zone":"RS","eic":"10YCS-SERBIATSOV","name":"Serbia, EMS BZ / CA / MBA","country":"RS"},"geometry":{"type":"Polygon","coordinates":[[[20.3056,46.0535],[20.3539,45.9766],[20.4816,45.9127],[20.5721,45.8876],[20.6367,45.8270],[20.6459,45.7887],[20.7000,45.7354],[20.7268,45.7361],[20.7651,45.7667],[20.7857,45.7525],[20.7772,45.6575],[20.7544,45.6055],[20.8002,45.5305],[20.7607,45.4933],[20.7671,45.4793],[20.8160,45.4628],[20.9814,45.3327],[21.0915,45.2880],[21.1394,45.3036],[21.2392,45.2293],[21.4055,45.1996],[21.4932,45.1451],[21.4941,45.1193],[21.4424,45.0929],[21.4218,45.0314],[21.3633,45.0165],[21.3513,44.9982],[21.4084,44.9583],[21.5163,44.9338],[21.5390,44.9084],[21.5362,44.8893],[21.3555,44.8565],[21.3428,44.8319],[21.3785,44.8166],[21.3959,44.7902],[21.5780,44.7776],[21.6196,44.7139],[21.6562,44.6876],[21.7568,44.6772],[21.8554,44.6984],[21.9943,44.6585],[22.0451,44.5692],[22.0763,44.5507],[22.0869,44.5217],[22.1266,44.5026],[22.1851,44.5151],[22.3049,44.6773],[22.3806,44.7005],[22.4260,44.7336],[22.4837,44.7239],[22.5874,44.6493],[22.7001,44.6306],[22.7651,44.5828],[22.7416,44.5518],[22.7001,44.5418],[22.6211,44.5692],[22.5804,44.5654],[22.5484,44.5117],[22.4841,44.4997],[22.4770,44.4639],[22.5054,44.4350],[22.5226,44.3750],[22.5828,44.3284],[22.6815,44.3053],[22.6916,44.2284],[22.6487,44.2139],[22.6061,44.1745],[22.5929,44.0639],[22.5341,44.0571],[22.5036,44.0198],[22.4343,44.0139],[22.3995,43.9933],[22.3494,43.8079],[22.3885,43.7582],[22.4048,43.6871],[22.4662,43.6491],[22.4784,43.5592],[22.5188,43.4742],[22.5962,43.4291],[22.6378,43.4263],[22.6646,43.3967],[22.7330,43.3815],[22.8045,43.3289],[22.8269,43.2813],[22.8838,43.2305],[22.9813,43.1989],[22.9845,43.1746],[22.9556,43.1082],[22.9016,43.0697],[22.8842,43.0366],[22.8290,42.9935],[22.7764,42.9797],[22.7270,42.8868],[22.6662,42.8719],[22.5636,42.8842],[22.5060,42.8701],[22.4273,42.8136],[22.4828,42.7337],[22.4420,42.6816],[22.4253,42.5728],[22.5121,42.5191],[22.5365,42.4783],[22.5088,42.4049],[22.4697,42.3917],[22.4239,42.3258],[22.3076,42.3193],[22.2769,42.3412],[22.2688,42.3703],[22.0955,42.3058],[22.0276,42.3039],[21.9290,42.3351],[21.8843,42.3095],[21.8172,42.3051],[21.6768,42.2349],[21.5750,42.2420],[21.5148,42.3178],[21.5160,42.3419],[21.6174,42.3866],[21.6189,42.4492],[21.7176,42.5511],[21.7347,42.6242],[21.7727,42.6475],[21.7643,42.6696],[21.7088,42.6871],[21.6294,42.6722],[21.5652,42.7201],[21.3786,42.7441],[21.4084,42.8469],[21.2605,42.8865],[21.2324,42.9108],[21.2097,42.9958],[21.1478,42.9926],[21.1240,43.0582],[21.0925,43.0906],[21.0051,43.0991],[20.8385,43.1704],[20.8399,43.2120],[20.8647,43.2173],[20.8194,43.2574],[20.7695,43.2608],[20.6669,43.2096],[20.6040,43.1979],[20.6001,43.1738],[20.6260,43.1237],[20.6691,43.1097],[20.6438,43.0522],[20.5963,43.0070],[20.5623,43.0094],[20.5304,42.9751],[20.4594,42.9500],[20.4509,42.9220],[20.4988,42.8778],[20.4763,42.8555],[20.3453,42.8274],[20.3536,42.8909],[20.3370,42.9069],[20.1945,42.9668],[20.1169,42.9766],[19.9597,43.0785],[19.9291,43.1139],[19.8722,43.0903],[19.8051,43.0899],[19.7612,43.1087],[19.7135,43.1656],[19.6630,43.1585],[19.5981,43.1762],[19.5124,43.2406],[19.3722,43.3842],[19.2183,43.4382],[19.1759,43.4808],[19.1751,43.5096],[19.1953,43.5327],[19.2174,43.5327],[19.2527,43.5886],[19.3008,43.5882],[19.3465,43.6088],[19.4107,43.5407],[19.4318,43.5711],[19.4895,43.5644],[19.4774,43.6169],[19.5073,43.6471],[19.4616,43.7621],[19.3594,43.8422],[19.2754,43.9332],[19.2293,43.9576],[19.2435,44.0020],[19.2873,44.0130],[19.3646,43.9732],[19.5285,43.9772],[19.5933,44.0055],[19.6188,44.0357],[19.5989,44.0625],[19.5802,44.0515],[19.5220,44.0850],[19.4657,44.1528],[19.4425,44.1431],[19.3623,44.1912],[19.3243,44.2639],[19.1570,44.2935],[19.1166,44.3437],[19.1071,44.3827],[19.1413,44.4308],[19.1299,44.5183],[19.1796,44.5382],[19.1883,44.5760],[19.3180,44.7154],[19.3766,44.8629],[19.3531,44.8990],[19.3101,44.9123],[19.2018,44.9083],[19.1868,44.9275],[19.0845,44.8789],[19.0158,44.8656],[18.9914,44.9149],[19.0184,44.9256],[19.0666,44.9056],[19.1316,44.9531],[19.1185,44.9755],[19.0872,44.9771],[19.0954,45.0209],[19.0822,45.0849],[19.0448,45.1372],[19.1376,45.1460],[19.1218,45.1957],[19.1438,45.1995],[19.1853,45.1680],[19.2259,45.1619],[19.2867,45.1795],[19.3042,45.1665],[19.3906,45.1693],[19.4078,45.2031],[19.3780,45.2295],[19.2897,45.2363],[19.1584,45.2761],[19.1041,45.2987],[19.0829,45.3392],[18.9774,45.3712],[18.9755,45.3911],[19.0313,45.4162],[18.9971,45.4555],[19.0096,45.4986],[19.0772,45.4916],[19.1062,45.5116],[19.0180,45.5674],[18.9417,45.5389],[18.9035,45.5730],[18.9123,45.6192],[18.9684,45.6687],[18.9173,45.7065],[18.9001,45.7649],[18.8449,45.8157],[18.8553,45.8573],[18.9069,45.8679],[18.8728,45.8952],[18.9069,45.9157],[18.9013,45.9312],[18.9875,45.9238],[18.9818,45.9507],[19.0485,45.9634],[19.0654,46.0120],[19.1110,46.0129],[19.1480,45.9840],[19.2634,45.9814],[19.3069,46.0266],[19.3788,46.0336],[19.4537,46.0775],[19.4993,46.1086],[19.4875,46.1342],[19.5499,46.1641],[19.6693,46.1731],[19.7904,46.1290],[19.9291,46.1635],[20.0349,46.1429],[20.0984,46.1549],[20.1380,46.1364],[20.1704,46.1455],[20.3056,46.0535]]]}},{"type":"Feature","properties":{"zone":"SK","eic":"10YSK-SEPS-----K","name":"Slovakia, SEPS BZ / CA / MBA","country":"SK"},"geometry":{"type":"Polygon","coordinates":[[[22.5396,49.0722],[22.5205,48.9929],[22.4489,48.9714],[22.4117,48.8877],[22.3688,48.8564],[22.3656,48.7943],[22.3307,48.7564],[22.3102,48.6816],[22.2432,48.6511],[22.1387,48.5695],[22.1483,48.5088],[22.1328,48.4047],[22.0964,48.3794],[21.9293,48.3729],[21.7893,48.3355],[21.7276,48.3409],[21.6215,48.4296],[21.5916,48.4930],[21.5218,48.5000],[21.4993,48.5350],[21.4245,48.5612],[21.3218,48.5475],[21.2617,48.5031],[21.2199,48.5187],[21.1093,48.4891],[21.0359,48.5146],[20.9458,48.5189],[20.8003,48.5692],[20.5105,48.5337],[20.4816,48.5260],[20.4816,48.4787],[20.4205,48.4292],[20.3242,48.2799],[20.2723,48.2524],[20.2290,48.2709],[20.1708,48.2440],[20.1345,48.2466],[20.1052,48.2027],[19.9286,48.1300],[19.8842,48.1296],[19.8216,48.1579],[19.7760,48.1495],[19.7743,48.1858],[19.7565,48.2003],[19.6869,48.1969],[19.6232,48.2270],[19.5139,48.2039],[19.4817,48.1113],[19.4281,48.0858],[19.2932,48.0877],[19.2225,48.0605],[18.9964,48.0662],[18.8384,48.0400],[18.7942,47.9931],[18.7431,47.9710],[18.7547,47.9518],[18.7487,47.8707],[18.8164,47.8325],[18.7676,47.8223],[18.6928,47.7779],[18.5525,47.7928],[18.2359,47.7538],[17.8257,47.7500],[17.7419,47.7653],[17.6191,47.8292],[17.5726,47.8295],[17.5266,47.8721],[17.4720,47.8888],[17.3378,47.9987],[17.1848,48.0202],[17.1483,48.0054],[17.0696,48.0356],[17.0750,48.0520],[17.0591,48.0604],[17.0802,48.0976],[17.0474,48.1309],[16.9819,48.1612],[16.9543,48.2731],[16.9166,48.2908],[16.8984,48.3161],[16.9019,48.3394],[16.8444,48.3656],[16.8649,48.4580],[16.9469,48.5397],[16.9475,48.6231],[17.0253,48.7463],[17.1137,48.8339],[17.1674,48.8597],[17.2602,48.8577],[17.3743,48.8196],[17.4533,48.8427],[17.5350,48.8129],[17.7272,48.8629],[17.7955,48.9205],[17.8787,48.9335],[17.9140,49.0104],[18.0128,49.0191],[18.0755,49.0471],[18.1029,49.0922],[18.1177,49.2025],[18.1605,49.2587],[18.3851,49.3422],[18.3876,49.3897],[18.4167,49.3854],[18.5146,49.4406],[18.5356,49.4816],[18.6358,49.4967],[18.7325,49.4802],[18.7922,49.5095],[18.9322,49.5043],[18.9611,49.4927],[18.9622,49.3891],[19.0676,49.4061],[19.1417,49.3941],[19.1725,49.4022],[19.1893,49.4422],[19.2089,49.4449],[19.2044,49.4605],[19.2341,49.5072],[19.3395,49.5287],[19.4433,49.6017],[19.5051,49.5633],[19.5567,49.4538],[19.6348,49.4413],[19.6270,49.4018],[19.7692,49.3931],[19.7895,49.3091],[19.7797,49.2933],[19.8086,49.2708],[19.7477,49.2058],[19.7859,49.1881],[19.8542,49.1912],[19.9379,49.2251],[20.0504,49.1732],[20.0700,49.1830],[20.0860,49.2430],[20.1358,49.3088],[20.1603,49.3056],[20.2071,49.3341],[20.2843,49.3386],[20.3176,49.3916],[20.4221,49.3829],[20.4219,49.4001],[20.4375,49.4025],[20.5439,49.3708],[20.6052,49.4000],[20.6895,49.4005],[20.7782,49.3312],[20.9189,49.2903],[21.0172,49.3524],[21.0725,49.3571],[21.0685,49.3814],[21.0332,49.3996],[21.0535,49.4144],[21.1249,49.4236],[21.1940,49.4006],[21.2605,49.4494],[21.4278,49.4098],[21.6199,49.4233],[21.6917,49.4021],[21.7575,49.3489],[21.8195,49.3772],[21.9644,49.3085],[21.9932,49.2781],[22.0124,49.2110],[22.0407,49.1974],[22.1979,49.1719],[22.2159,49.1399],[22.3394,49.1264],[22.3900,49.0930],[22.5050,49.0834],[22.5396,49.0722]]]}},{"type":"Feature","properties":{"zone":"SI","eic":"10YSI-ELES-----O","name":"Slovenia, ELES BZ / CA / MBA","country":"SI"},"geometry":{"type":"Polygon","coordinates":[[[13.6428,45.4594],[13.5895,45.4888],[13.5959,45.5181],[13.5686,45.5392],[13.7529,45.5528],[13.7117,45.5932],[13.8477,45.5846],[13.8946,45.6318],[13.8584,45.6493],[13.7787,45.7434],[13.5812,45.8092],[13.5659,45.8303],[13.5692,45.8645],[13.6228,45.9663],[13.6058,45.9854],[13.5094,45.9674],[13.4617,46.0063],[13.4900,46.0255],[13.4822,46.0448],[13.5050,46.0660],[13.6164,46.1250],[13.6450,46.1617],[13.6373,46.1803],[13.5590,46.1841],[13.4683,46.2234],[13.4228,46.2286],[13.4374,46.2109],[13.4101,46.2079],[13.3652,46.2903],[13.4340,46.3538],[13.5300,46.3883],[13.6001,46.4426],[13.6774,46.4520],[13.7009,46.5197],[13.8606,46.5152],[13.9823,46.4819],[14.0500,46.4843],[14.1498,46.4400],[14.4064,46.4393],[14.4509,46.4144],[14.5021,46.4183],[14.5403,46.3786],[14.5901,46.4344],[14.6799,46.4588],[14.7097,46.4925],[14.7885,46.5066],[14.8503,46.6011],[14.9335,46.6211],[14.9671,46.6002],[15.0043,46.6368],[15.0619,46.6495],[15.3881,46.6455],[15.4626,46.6146],[15.5112,46.6283],[15.5459,46.6718],[15.6269,46.6808],[15.6359,46.7175],[15.7286,46.7029],[15.8507,46.7244],[15.9869,46.6921],[16.0167,46.6706],[16.0145,46.6937],[15.9705,46.7430],[15.9719,46.8206],[16.0940,46.8627],[16.2720,46.8639],[16.3253,46.8394],[16.2981,46.7758],[16.3141,46.7433],[16.3572,46.7158],[16.3575,46.6990],[16.4050,46.6872],[16.4105,46.6683],[16.3684,46.6429],[16.3763,46.6290],[16.5008,46.5448],[16.5153,46.5017],[16.3578,46.5469],[16.2639,46.5159],[16.2336,46.4787],[16.2509,46.4049],[16.2787,46.3873],[16.2756,46.3731],[16.1918,46.3697],[16.1438,46.3947],[16.1060,46.3737],[16.0579,46.3775],[16.0596,46.3323],[16.0192,46.2988],[15.8182,46.2555],[15.7497,46.2107],[15.6397,46.2076],[15.6043,46.1670],[15.5898,46.1135],[15.6315,46.0705],[15.6979,46.0362],[15.6742,45.9931],[15.6755,45.9251],[15.6594,45.8888],[15.6760,45.8416],[15.6260,45.8202],[15.4512,45.8151],[15.4290,45.7752],[15.2550,45.7234],[15.2508,45.7076],[15.2830,45.6801],[15.3307,45.6845],[15.3737,45.6402],[15.2973,45.6256],[15.2685,45.6016],[15.2966,45.5229],[15.3613,45.4820],[15.3251,45.4528],[15.1392,45.4300],[15.0561,45.4799],[15.0073,45.4808],[14.9226,45.5149],[14.9044,45.5144],[14.8816,45.4697],[14.7971,45.4651],[14.7812,45.4933],[14.6684,45.5339],[14.6698,45.5645],[14.6030,45.6035],[14.5809,45.6678],[14.4985,45.5961],[14.4689,45.5255],[14.3727,45.4778],[14.2186,45.4971],[14.0929,45.4739],[13.9718,45.5142],[13.9614,45.4931],[13.9826,45.4753],[13.8890,45.4236],[13.8198,45.4326],[13.7592,45.4631],[13.6428,45.4594]]]}},{"type":"Feature","properties":{"zone":"ES","eic":"10YES-REE------0","name":"Spain, REE BZ / CA / MBA","country":"ES"},"geometry":{"type":"MultiPolygon","coordinates":[[[[-4.2977,35.1715],[-4.3018,35.1726],[-4.2969,35.1722],[-4.2977,35.1715]]],[[[-3.9029,35.2153],[-3.9025,35.2147],[-3.9031,35.2150],[-3.9029,35.2153]]],[[[-5.3988,35.9245],[-5.3093,35.9008],[-5.2830,35.9116],[-5.3407,35.8473],[-5.3988,35.9245]]],[[[-5.4208,35.9142],[-5.4159,35.9135],[-5.4178,35.9108],[-5.4208,35.9142]]],[[[-2.4342,35.1852],[-2.4265,35.1821],[-2.4358,35.1811],[-2.4342,35.1852]]],[[[-3.9010,35.2172],[-3.8999,35.2178],[-3.8998,35.2172],[-3.9010,35.2172]]],[[[-2.9430,35.2678],[-2.9669,35.3138],[-2.9478,35.3297],[-2.9129,35.2769],[-2.9430,35.2678]]],[[[-0.7468,37.6837],[-0.7494,37.7748],[-0.7327,37.7477],[-0.7401,37.7024],[-0.7264,37.6651],[-0.7468,37.6837]]],[[[1.5234,38.6494],[1.4580,38.6813],[1.3829,38.6420],[1.3937,38.7042],[1.3828,38.7115],[1.4181,38.7278],[1.4353,38.7553],[1.4860,38.6945],[1.5263,38.6777],[1.5656,38.6914],[1.5813,38.6530],[1.5234,38.6494]]],[[[1.5932,39.0202],[1.5761,38.9858],[1.5097,38.9301],[1.4147,38.8906],[1.4031,38.8322],[1.3706,38.8318],[1.3435,38.8623],[1.3077,38.8578],[1.2834,38.8746],[1.2599,38.8578],[1.2166,38.8850],[1.2184,38.9540],[1.3009,38.9677],[1.2928,39.0332],[1.3567,39.0776],[1.4033,39.0776],[1.5371,39.1180],[1.6059,39.0912],[1.6230,39.0292],[1.5932,39.0202]]],[[[2.9805,39.1855],[2.9823,39.1391],[2.9621,39.1160],[2.9308,39.1181],[2.9136,39.1519],[2.9805,39.1855]]],[[[3.4743,39.7497],[3.4538,39.6596],[3.4018,39.6232],[3.4060,39.5919],[3.3232,39.5238],[3.2917,39.4757],[3.2824,39.4201],[3.2688,39.4275],[3.2526,39.3861],[3.0608,39.2690],[3.0013,39.3176],[2.9913,39.3472],[2.9588,39.3632],[2.7866,39.3759],[2.7365,39.4621],[2.7548,39.5026],[2.7435,39.5233],[2.6816,39.5586],[2.6552,39.5647],[2.5691,39.5315],[2.5201,39.4728],[2.4926,39.4702],[2.4690,39.5058],[2.4806,39.5162],[2.4539,39.5374],[2.3918,39.5237],[2.3507,39.5764],[2.3576,39.6118],[2.4682,39.6593],[2.5175,39.7001],[2.5696,39.7130],[2.6313,39.7701],[2.6518,39.7701],[2.8132,39.8725],[2.8435,39.8725],[2.9332,39.9144],[3.1794,39.9687],[3.2142,39.9551],[3.1154,39.9087],[3.0969,39.9135],[3.0947,39.8812],[3.2067,39.8930],[3.1871,39.8543],[3.1263,39.8318],[3.1364,39.7887],[3.2238,39.7497],[3.2924,39.7497],[3.3545,39.7843],[3.4743,39.7497]]],[[[-1.7557,43.3185],[-1.7473,43.2910],[-1.6830,43.3049],[-1.6450,43.2923],[-1.6390,43.2556],[-1.6218,43.247],[-1.5875,43.2515],[-1.5590,43.2840],[-1.4322,43.2650],[-1.4035,43.2433],[-1.3996,43.2067],[-1.4257,43.1352],[-1.4878,43.0818],[-1.4571,43.0450],[-1.3661,43.0333],[-1.3482,43.0930],[-1.2860,43.1091],[-1.3150,43.0828],[-1.2936,43.0552],[-1.1499,43.0057],[-1.0284,42.9867],[-0.9432,42.9478],[-0.7596,42.9465],[-0.7402,42.8847],[-0.6483,42.8497],[-0.5690,42.7726],[-0.5356,42.7842],[-0.5338,42.8080],[-0.4239,42.7906],[-0.3227,42.8425],[-0.2351,42.7862],[-0.1614,42.7953],[-0.1577,42.7606],[-0.1190,42.7168],[-0.0389,42.6851],[0.1691,42.7264],[0.2383,42.7103],[0.2753,42.6686],[0.3541,42.7174],[0.4092,42.6822],[0.6567,42.6879],[0.6664,42.7147],[0.6334,42.7447],[0.6507,42.7633],[0.6396,42.7746],[0.6563,42.8384],[0.7067,42.8465],[0.8129,42.8316],[0.9211,42.7843],[0.9502,42.7961],[1.0890,42.7713],[1.1514,42.7067],[1.3425,42.7086],[1.3382,42.6944],[1.3610,42.6867],[1.4292,42.5953],[1.4064,42.5292],[1.4289,42.5314],[1.4499,42.5040],[1.4075,42.4867],[1.4479,42.4346],[1.5166,42.4295],[1.5444,42.4503],[1.6395,42.4664],[1.6539,42.4965],[1.7070,42.5027],[1.9274,42.4368],[1.9637,42.3672],[2.0092,42.3470],[2.0632,42.3579],[2.1369,42.4162],[2.2774,42.4286],[2.4225,42.3836],[2.4455,42.3519],[2.5148,42.3256],[2.5480,42.3522],[2.6621,42.3390],[2.6402,42.3728],[2.6904,42.4061],[2.7885,42.4120],[2.8508,42.4483],[2.9337,42.4702],[3.0296,42.4656],[3.0861,42.4271],[3.1809,42.4314],[3.1701,42.3965],[3.1873,42.3495],[3.3177,42.3229],[3.2630,42.2398],[3.2101,42.2397],[3.1701,42.2596],[3.1188,42.2183],[3.1224,42.1404],[3.2144,42.0683],[3.1958,42.0331],[3.2078,41.9900],[3.2356,41.9655],[3.2321,41.9460],[3.1501,41.8453],[3.1168,41.8475],[3.0786,41.8266],[3.0690,41.7990],[2.9329,41.7124],[2.8401,41.6946],[2.7784,41.6455],[2.4494,41.5352],[2.2673,41.4486],[2.1305,41.3036],[2.0197,41.2658],[1.5392,41.1874],[1.2177,41.1046],[1.1729,41.0586],[1.0976,41.0708],[1.0174,41.0517],[0.7142,40.8152],[0.6948,40.7859],[0.7501,40.7655],[0.7672,40.7710],[0.7501,40.7859],[0.7669,40.7850],[0.8418,40.7321],[0.8737,40.7279],[0.8580,40.6862],[0.7840,40.6609],[0.6770,40.5651],[0.6158,40.5534],[0.5924,40.5820],[0.6631,40.5747],[0.7326,40.6337],[0.5997,40.6137],[0.5634,40.5900],[0.3505,40.2848],[0.2052,40.1715],[0.1445,40.0788],[0.0661,40.0319],[-0.0286,39.9018],[-0.0912,39.8479],[-0.3233,39.5162],[-0.3274,39.4306],[-0.3013,39.3220],[-0.2154,39.1818],[-0.2421,39.1662],[-0.2267,39.1117],[-0.1580,39.0021],[-0.1059,38.9365],[-0.0097,38.8696],[0.1539,38.831],[0.1853,38.8035],[0.1709,38.7960],[0.2277,38.7702],[0.2345,38.7422],[0.1767,38.7240],[0.1450,38.6863],[0.0830,38.6609],[0.0805,38.6310],[-0.0429,38.6117],[-0.0754,38.5399],[-0.1769,38.5272],[-0.3294,38.4700],[-0.3951,38.4137],[-0.4136,38.3648],[-0.4601,38.3600],[-0.4743,38.3367],[-0.5098,38.3383],[-0.5187,38.2986],[-0.5040,38.2072],[-0.5913,38.1896],[-0.6236,38.1624],[-0.6450,38.1160],[-0.6545,37.9893],[-0.7184,37.9430],[-0.7586,37.8633],[-0.7607,37.7961],[-0.7879,37.8228],[-0.8124,37.7700],[-0.8561,37.7424],[-0.8099,37.6668],[-0.7547,37.6413],[-0.7264,37.6515],[-0.7079,37.6430],[-0.7053,37.6195],[-0.7366,37.5994],[-0.9251,37.5558],[-0.9735,37.5764],[-1.0877,37.5808],[-1.1199,37.5590],[-1.1057,37.5321],[-1.2426,37.5792],[-1.2616,37.5576],[-1.3237,37.5619],[-1.4708,37.4822],[-1.4969,37.4278],[-1.5150,37.4332],[-1.6708,37.3633],[-1.7285,37.2824],[-1.8127,37.2070],[-1.8552,37.0766],[-1.9061,36.9876],[-1.9003,36.9411],[-1.9889,36.9004],[-2.0711,36.7753],[-2.1266,36.7363],[-2.2036,36.7371],[-2.2827,36.8100],[-2.3616,36.8367],[-2.4330,36.8162],[-2.4814,36.8299],[-2.5607,36.8187],[-2.6171,36.7284],[-2.6588,36.6948],[-2.7182,36.6820],[-2.7566,36.6803],[-2.8209,36.7138],[-2.8482,36.7002],[-2.9332,36.7516],[-2.9877,36.7371],[-3.2278,36.7548],[-3.3295,36.7449],[-3.4151,36.6955],[-3.4776,36.6960],[-3.5159,36.7210],[-3.5498,36.7123],[-3.6011,36.7425],[-3.7312,36.7240],[-3.8385,36.7519],[-3.9609,36.7267],[-4.0567,36.7479],[-4.1101,36.7257],[-4.2247,36.7123],[-4.4031,36.7238],[-4.4332,36.7106],[-4.5248,36.5807],[-4.5878,36.5738],[-4.6150,36.5305],[-4.6592,36.5076],[-4.7227,36.4929],[-4.9026,36.5065],[-4.9941,36.4570],[-5.0624,36.4522],[-5.1865,36.4112],[-5.2536,36.2971],[-5.2905,36.2774],[-5.2853,36.2608],[-5.3340,36.1878],[-5.3387,36.1411],[-5.3583,36.1411],[-5.3825,36.1723],[-5.4254,36.1797],[-5.4423,36.1487],[-5.4287,36.0807],[-5.4386,36.0628],[-5.6117,36.0064],[-5.6297,36.0367],[-5.6893,36.0671],[-5.7131,36.0599],[-5.7960,36.0855],[-5.9171,36.1840],[-5.9835,36.1769],[-6.0367,36.1895],[-6.1047,36.2807],[-6.1594,36.3043],[-6.1841,36.3707],[-6.2183,36.4024],[-6.2796,36.5112],[-6.3100,36.5341],[-6.2893,36.5372],[-6.2575,36.5137],[-6.2314,36.4726],[-6.1793,36.5135],[-6.2243,36.5108],[-6.2348,36.5757],[-6.2831,36.6123],[-6.3946,36.6369],[-6.4378,36.7333],[-6.4333,36.7512],[-6.3456,36.7949],[-6.3382,36.8837],[-6.3043,36.9072],[-6.2232,36.9023],[-6.1948,36.9321],[-6.2396,36.9133],[-6.2835,36.9259],[-6.3447,36.9012],[-6.3466,36.8198],[-6.3880,36.8081],[-6.4995,36.9596],[-6.7448,37.1013],[-6.8928,37.1665],[-6.9176,37.2150],[-6.8526,37.2952],[-6.9311,37.2338],[-6.9625,37.2338],[-6.9284,37.1723],[-7.1010,37.2242],[-7.1273,37.2147],[-7.0855,37.2064],[-7.3278,37.2015],[-7.3814,37.1799],[-7.4144,37.1928],[-7.4688,37.4755],[-7.5291,37.5567],[-7.5143,37.6014],[-7.4716,37.6369],[-7.4440,37.7301],[-7.3344,37.8119],[-7.3068,37.8507],[-7.2686,37.9492],[-7.2727,37.9770],[-7.1597,37.9968],[-7.1232,38.0400],[-7.0239,38.0225],[-6.9475,38.1966],[-7.0264,38.1996],[-7.1035,38.1735],[-7.1268,38.1909],[-7.1671,38.2720],[-7.3171,38.4245],[-7.3592,38.4463],[-7.3351,38.4694],[-7.3456,38.4941],[-7.3177,38.5562],[-7.2704,38.6176],[-7.2929,38.6562],[-7.2704,38.7375],[-7.1510,38.8192],[-7.0560,38.8551],[-7.0660,38.9046],[-6.9732,39.0139],[-6.9856,39.0667],[-7.0157,39.0968],[-7.0649,39.1147],[-7.1272,39.0974],[-7.1572,39.1054],[-7.1680,39.1706],[-7.2580,39.2113],[-7.2643,39.2523],[-7.2508,39.2706],[-7.3266,39.3413],[-7.3319,39.3847],[-7.3135,39.4574],[-7.3994,39.4936],[-7.4175,39.5242],[-7.5158,39.5937],[-7.5572,39.6798],[-7.3414,39.6718],[-7.2357,39.6865],[-7.1828,39.6750],[-7.0211,39.6940],[-6.9930,39.7742],[-7.0002,39.8025],[-6.9276,39.8619],[-6.9252,39.9179],[-6.8797,40.0091],[-6.9557,40.1029],[-7.0157,40.1190],[-7.0431,40.1813],[-7.0157,40.2255],[-6.8780,40.2652],[-6.8701,40.2955],[-6.7944,40.3564],[-6.8512,40.4095],[-6.8571,40.4421],[-6.8125,40.5146],[-6.8504,40.5822],[-6.8142,40.6471],[-6.8391,40.7575],[-6.8366,40.8402],[-6.8161,40.8568],[-6.8552,40.8872],[-6.9424,41.0159],[-6.9278,41.0479],[-6.9068,41.0561],[-6.8043,41.0644],[-6.7647,41.1088],[-6.7552,41.1588],[-6.6466,41.2676],[-6.5634,41.2707],[-6.4958,41.2949],[-6.3995,41.3774],[-6.3791,41.3774],[-6.3791,41.3973],[-6.3211,41.4110],[-6.2829,41.4656],[-6.2795,41.4970],[-6.2059,41.5702],[-6.2722,41.6282],[-6.3659,41.6636],[-6.4608,41.6765],[-6.5030,41.6530],[-6.5415,41.6589],[-6.5773,41.7397],[-6.5242,41.8674],[-6.5757,41.8828],[-6.5716,41.9426],[-6.6094,41.9623],[-6.6228,41.9409],[-6.7279,41.9308],[-6.7579,41.9375],[-6.7943,41.9797],[-6.8249,41.9837],[-6.8312,41.9539],[-6.8549,41.9429],[-6.9451,41.9433],[-6.9923,41.9663],[-7.0512,41.9420],[-7.1453,41.9874],[-7.1999,41.9637],[-7.1979,41.9015],[-7.2186,41.8790],[-7.3224,41.8454],[-7.3919,41.8420],[-7.4427,41.8059],[-7.4693,41.8525],[-7.5158,41.8649],[-7.5466,41.8320],[-7.6060,41.8255],[-7.6228,41.8417],[-7.6073,41.8731],[-7.6611,41.8749],[-7.7220,41.8992],[-7.8965,41.8579],[-7.9061,41.9138],[-7.9257,41.9081],[-7.9447,41.8669],[-7.9936,41.8636],[-8.0485,41.8163],[-8.1795,41.8107],[-8.1770,41.8498],[-8.2203,41.8681],[-8.2302,41.9046],[-8.1821,41.9654],[-8.1080,42.0108],[-8.0950,42.0409],[-8.1376,42.0729],[-8.2040,42.0695],[-8.2043,42.1287],[-8.2223,42.1536],[-8.3467,42.1016],[-8.6268,42.0510],[-8.6708,41.9998],[-8.7508,41.9689],[-8.7770,41.9371],[-8.8646,41.8889],[-8.8812,41.8932],[-8.8954,42.1190],[-8.8265,42.1305],[-8.8237,42.1476],[-8.8469,42.1608],[-8.7719,42.2222],[-8.6251,42.3019],[-8.6227,42.3474],[-8.6747,42.2990],[-8.7849,42.2600],[-8.8675,42.2564],[-8.8532,42.3048],[-8.8272,42.2966],[-8.8307,42.3416],[-8.7719,42.3427],[-8.6552,42.4413],[-8.6944,42.4396],[-8.7576,42.4072],[-8.8435,42.4037],[-8.8675,42.4147],[-8.8880,42.4556],[-8.9426,42.4693],[-8.8812,42.4965],[-8.8608,42.4850],[-8.8743,42.4693],[-8.8265,42.4618],[-8.8128,42.5027],[-8.8229,42.5695],[-8.7755,42.6047],[-8.7309,42.6884],[-8.7849,42.6405],[-8.8395,42.6824],[-8.8570,42.6491],[-8.8469,42.6405],[-8.8687,42.6174],[-8.9034,42.6254],[-8.9363,42.6064],[-8.9222,42.5936],[-8.9698,42.5791],[-8.9807,42.5512],[-9.0115,42.5307],[-9.0263,42.5431],[-9.0333,42.5781],[-9.0708,42.5961],[-9.0301,42.7077],[-8.8982,42.7923],[-8.8876,42.8311],[-8.9084,42.8394],[-8.9125,42.8165],[-8.9510,42.7951],[-9.0489,42.7947],[-9.0456,42.7780],[-9.0686,42.7597],[-9.1002,42.7575],[-9.1349,42.8127],[-9.1002,42.8332],[-9.1412,42.8574],[-9.1486,42.8844],[-9.1345,42.9175],[-9.1958,42.9493],[-9.1957,42.9265],[-9.2242,42.9402],[-9.2730,42.8933],[-9.2919,42.9287],[-9.2509,43.0167],[-9.2795,43.0549],[-9.2579,43.0608],[-9.2176,43.1144],[-9.1898,43.1023],[-9.1077,43.1411],[-9.2083,43.1378],[-9.2176,43.1553],[-9.1379,43.2015],[-9.0523,43.1963],[-9.0115,43.2387],[-8.9857,43.2268],[-8.9325,43.2352],[-8.9152,43.2450],[-8.9481,43.2499],[-8.9880,43.2830],[-8.8299,43.3412],[-8.7855,43.3124],[-8.6931,43.2934],[-8.5925,43.3242],[-8.5584,43.3132],[-8.4430,43.3753],[-8.3882,43.3858],[-8.3535,43.3486],[-8.3307,43.4056],[-8.2672,43.3859],[-8.2101,43.3132],[-8.2096,43.3906],[-8.1754,43.4163],[-8.2647,43.4273],[-8.3051,43.4510],[-8.1787,43.4732],[-8.1685,43.4920],[-8.2573,43.4777],[-8.2437,43.4851],[-8.2573,43.4920],[-8.2889,43.4729],[-8.3331,43.4715],[-8.3166,43.5228],[-8.2921,43.5329],[-8.3126,43.5671],[-8.2322,43.5755],[-8.0866,43.6564],[-8.0746,43.6396],[-8.0518,43.6428],[-8.0655,43.6428],[-8.0518,43.6564],[-8.0739,43.6785],[-8.0593,43.7094],[-7.9811,43.7178],[-7.9085,43.7663],[-7.8808,43.7632],[-7.8465,43.7179],[-7.8675,43.7179],[-7.8737,43.6844],[-7.9085,43.6701],[-7.8583,43.6681],[-7.8492,43.6756],[-7.8675,43.6974],[-7.8191,43.6974],[-7.8260,43.7117],[-7.8120,43.7230],[-7.7127,43.7606],[-7.6855,43.7934],[-7.6683,43.7725],[-7.6956,43.7459],[-7.6915,43.7272],[-7.6410,43.7526],[-7.6159,43.6885],[-7.5864,43.7179],[-7.5414,43.7316],[-7.3670,43.6800],[-7.3041,43.5985],[-7.2567,43.5816],[-7.2710,43.5611],[-7.0443,43.5593],[-7.0308,43.5332],[-7.0536,43.4965],[-7.0445,43.4791],[-7.0013,43.5566],[-6.9439,43.5659],[-6.7037,43.5575],[-6.6486,43.5790],[-6.5101,43.5474],[-6.4629,43.5549],[-6.4691,43.5753],[-6.4176,43.5611],[-6.3146,43.5686],[-6.2227,43.5958],[-6.1780,43.5753],[-6.0691,43.5696],[-6.0235,43.5884],[-5.9073,43.5884],[-5.9073,43.6368],[-5.8635,43.6414],[-5.8522,43.6629],[-5.8038,43.6504],[-5.7088,43.5686],[-5.6967,43.5828],[-5.6774,43.5611],[-5.3938,43.5552],[-5.4139,43.5065],[-5.3568,43.5386],[-5.2998,43.5376],[-5.1778,43.4893],[-4.9751,43.4587],[-4.9410,43.4717],[-4.7349,43.4171],[-4.5081,43.4024],[-4.4816,43.3836],[-4.4325,43.4026],[-4.3792,43.3836],[-4.3593,43.3996],[-4.1885,43.4053],[-4.0127,43.4525],[-3.9814,43.4382],[-3.9610,43.4450],[-3.9745,43.4587],[-3.9400,43.4771],[-3.8267,43.4970],[-3.7691,43.4791],[-3.8443,43.4450],[-3.8312,43.4245],[-3.8111,43.4254],[-3.7722,43.4525],[-3.7449,43.4382],[-3.7555,43.4717],[-3.7288,43.4655],[-3.7288,43.4791],[-3.5794,43.5182],[-3.5543,43.5169],[-3.5562,43.4997],[-3.5053,43.4791],[-3.4315,43.4668],[-3.4286,43.4468],[-3.4700,43.4541],[-3.5016,43.4307],[-3.4610,43.4124],[-3.4470,43.4307],[-3.4361,43.4190],[-3.2689,43.4041],[-3.1315,43.3557],[-3.0895,43.3668],[-3.0081,43.3209],[-3.0292,43.3761],[-2.9399,43.4171],[-2.9466,43.4307],[-2.7686,43.4525],[-2.7151,43.4245],[-2.6910,43.3675],[-2.6778,43.4061],[-2.6612,43.4119],[-2.4835,43.3706],[-2.4644,43.3492],[-2.3270,43.3068],[-2.1962,43.3147],[-2.1277,43.2874],[-1.9603,43.3430],[-1.9186,43.3209],[-1.9046,43.3284],[-1.9256,43.3426],[-1.8112,43.3950],[-1.7940,43.3860],[-1.7969,43.3411],[-1.7557,43.3185]]],[[[4.3370,39.8671],[4.3029,39.8876],[4.3000,39.8217],[4.2481,39.8164],[3.9813,39.9360],[3.8693,39.9255],[3.8306,39.9360],[3.8505,39.9838],[3.8031,40.0181],[3.8218,40.0476],[4.0520,40.0581],[4.1050,40.0794],[4.1422,40.0248],[4.1705,40.0646],[4.1786,40.0388],[4.2649,39.9863],[4.2723,39.9553],[4.2545,39.9496],[4.2980,39.9419],[4.3370,39.8671]]],[[[1.9566,42.4817],[1.9994,42.4438],[1.9475,42.4512],[1.9566,42.4817]]]]}},{"type":"Feature","properties":{"zone":"CH","eic":"10YCH-SWISSGRIDZ","name":"Switzerland, Swissgrid BZ / CA / MBA","country":"CH"},"geometry":{"type":"Polygon","coordinates":[[[10.4485,46.8322],[10.4172,46.7988],[10.4286,46.7556],[10.3996,46.7355],[10.3943,46.7008],[10.3691,46.6723],[10.3956,46.6388],[10.4590,46.6235],[10.4659,46.5784],[10.4439,46.5377],[10.2953,46.5510],[10.2347,46.5752],[10.2337,46.6179],[10.1921,46.6268],[10.0878,46.6043],[10.0711,46.5643],[10.0327,46.5329],[10.0281,46.4839],[10.0440,46.4669],[10.0263,46.4462],[10.1407,46.4029],[10.0923,46.3381],[10.1589,46.2624],[10.1179,46.2311],[10.0426,46.2204],[10.0317,46.2600],[9.9775,46.2981],[9.9640,46.3560],[9.9184,46.3711],[9.7680,46.3386],[9.7201,46.3508],[9.7084,46.3117],[9.6743,46.2918],[9.5364,46.2986],[9.4826,46.3568],[9.4443,46.3752],[9.4346,46.4983],[9.3846,46.4664],[9.3309,46.5015],[9.2631,46.4851],[9.2379,46.4365],[9.2609,46.4166],[9.2751,46.3313],[9.2248,46.2311],[9.1813,46.2040],[9.1632,46.1722],[9.0905,46.1381],[9.0591,46.0617],[9.0021,46.0393],[9.0155,45.9931],[8.9805,45.9643],[9.0107,45.9266],[9.0630,45.8989],[9.0024,45.8207],[8.9395,45.8348],[8.9000,45.8264],[8.9120,45.8834],[8.8709,45.9470],[8.7679,45.9830],[8.8343,46.0663],[8.8089,46.0897],[8.7238,46.1095],[8.6774,46.0957],[8.6018,46.1228],[8.5102,46.2078],[8.4381,46.2353],[8.4232,46.2758],[8.4457,46.4123],[8.4278,46.4486],[8.3991,46.4521],[8.3162,46.4336],[8.2866,46.4053],[8.2974,46.3875],[8.2815,46.3701],[8.1925,46.3091],[8.0873,46.2718],[8.0730,46.2536],[8.1295,46.1960],[8.1322,46.1593],[8.1105,46.1269],[8.0253,46.0911],[8.0106,46.0296],[7.9858,45.9993],[7.8982,45.9819],[7.8312,45.9144],[7.6939,45.9286],[7.6430,45.9663],[7.5411,45.9841],[7.5037,45.9567],[7.3618,45.9078],[7.2866,45.9134],[7.1535,45.8765],[7.0669,45.8902],[7.0151,45.9333],[6.9876,45.9931],[6.9151,46.0486],[6.8509,46.0496],[6.8485,46.0850],[6.8692,46.1123],[6.7743,46.1348],[6.7748,46.1858],[6.8276,46.2694],[6.7503,46.3455],[6.7820,46.3784],[6.7870,46.4141],[6.6136,46.4558],[6.4829,46.4485],[6.3976,46.4081],[6.3015,46.3944],[6.2141,46.3154],[6.2375,46.2679],[6.2760,46.2631],[6.2811,46.2400],[6.1078,46.1386],[6.0282,46.1479],[5.9588,46.1304],[5.9829,46.1708],[5.9585,46.2119],[6.0896,46.2463],[6.1007,46.3014],[6.1364,46.3593],[6.1081,46.3964],[6.0542,46.4194],[6.0675,46.4336],[6.0641,46.4711],[6.1457,46.5516],[6.1184,46.5834],[6.2663,46.6803],[6.4291,46.7608],[6.4326,46.7859],[6.4171,46.8021],[6.4467,46.8577],[6.4277,46.9090],[6.4426,46.9441],[6.5986,46.9865],[6.6654,47.0212],[6.6882,47.0438],[6.6762,47.0624],[6.6897,47.0782],[6.9562,47.2452],[6.9586,47.2905],[7.0365,47.3295],[7.0443,47.3404],[7.0039,47.3681],[6.8666,47.3541],[6.9245,47.4059],[6.9260,47.4248],[6.9909,47.4522],[6.9733,47.4890],[7.0097,47.4992],[7.1808,47.4882],[7.1683,47.4435],[7.2380,47.4167],[7.4063,47.4382],[7.4292,47.4651],[7.4143,47.4901],[7.4674,47.4819],[7.4844,47.4929],[7.4769,47.5148],[7.5011,47.5173],[7.5051,47.5330],[7.4827,47.5422],[7.6370,47.5949],[7.6596,47.5965],[7.6465,47.5715],[7.6097,47.5647],[7.6834,47.5442],[7.7667,47.5559],[7.8196,47.5953],[7.8982,47.5878],[7.9121,47.5605],[8.0422,47.5605],[8.0872,47.5673],[8.1790,47.6158],[8.2329,47.6219],[8.2885,47.6158],[8.3063,47.5921],[8.3540,47.5810],[8.4488,47.5842],[8.4617,47.6061],[8.5223,47.6219],[8.5606,47.5893],[8.5806,47.6001],[8.5803,47.6390],[8.6016,47.6325],[8.6073,47.6562],[8.5682,47.6629],[8.4582,47.6398],[8.3913,47.6654],[8.3921,47.6995],[8.4379,47.7231],[8.4636,47.7639],[8.5516,47.7792],[8.5423,47.7950],[8.5582,47.8011],[8.6016,47.7946],[8.6174,47.7573],[8.6441,47.7910],[8.6819,47.7587],[8.7131,47.7574],[8.7004,47.7234],[8.7170,47.6945],[8.7698,47.6950],[8.7707,47.7208],[8.7975,47.7200],[8.8560,47.6906],[8.8377,47.6808],[8.8817,47.6561],[8.9453,47.6543],[9.0165,47.6789],[9.1833,47.6704],[9.1969,47.6561],[9.2732,47.6500],[9.5474,47.5345],[9.5845,47.4807],[9.6503,47.4520],[9.6398,47.3945],[9.4873,47.2100],[9.4849,47.1763],[9.5123,47.1080],[9.4770,47.0638],[9.6690,47.0561],[9.8579,47.0154],[9.8705,46.9988],[9.8624,46.9397],[9.8751,46.9274],[10.1113,46.8471],[10.2014,46.8668],[10.2351,46.9233],[10.2956,46.9226],[10.3136,46.9643],[10.3789,46.9955],[10.4584,46.9366],[10.4485,46.8322]]]}},{"type":"Feature","properties":{"zone":"TR","eic":"10YTR-TEIAS----W","name":"Turkey BZ / CA / MBA","country":"TR"},"geometry":{"type":"MultiPolygon","coordinates":[[[[43.4604,41.0228],[43.5654,40.9881],[43.6361,40.9335],[43.6595,40.8519],[43.7206,40.7628],[43.7293,40.6771],[43.6995,40.6345],[43.7071,40.6119],[43.6648,40.5740],[43.6525,40.5294],[43.6314,40.5368],[43.6389,40.5225],[43.5937,40.5090],[43.5594,40.4778],[43.6253,40.4201],[43.5942,40.3454],[43.6759,40.2659],[43.6913,40.2386],[43.6730,40.2277],[43.7213,40.1693],[43.6525,40.1389],[43.6654,40.1101],[43.9121,40.0243],[44.0324,40.0086],[44.1044,40.0359],[44.1354,40.0223],[44.2552,40.0433],[44.3256,40.0346],[44.5221,39.9335],[44.5910,39.8578],[44.5981,39.8310],[44.6115,39.8373],[44.6476,39.8051],[44.6920,39.7930],[44.7843,39.6902],[44.8069,39.6399],[44.6465,39.7195],[44.5904,39.7715],[44.5657,39.7658],[44.4594,39.6984],[44.4576,39.6387],[44.4140,39.5608],[44.4048,39.4343],[44.3879,39.4144],[44.2949,39.3812],[44.1765,39.4115],[44.0613,39.4002],[44.0148,39.3740],[44.0694,39.2870],[44.0777,39.2000],[44.1866,39.1451],[44.1948,39.1205],[44.1698,39.0743],[44.1791,39.0349],[44.1391,38.9939],[44.1519,38.9646],[44.2057,38.8756],[44.2750,38.8435],[44.2798,38.8142],[44.2486,38.7218],[44.2604,38.6792],[44.2443,38.6589],[44.2825,38.6453],[44.2970,38.6223],[44.2895,38.3822],[44.3633,38.3646],[44.4090,38.3817],[44.4587,38.3383],[44.4367,38.2969],[44.3724,38.2495],[44.3605,38.1478],[44.3270,38.1283],[44.3338,38.1008],[44.2958,38.0790],[44.2275,37.9809],[44.2254,37.9293],[44.2020,37.8971],[44.2196,37.8753],[44.3192,37.8768],[44.3671,37.8602],[44.4044,37.8097],[44.4330,37.8061],[44.4364,37.7677],[44.5064,37.7793],[44.5961,37.7163],[44.5452,37.6630],[44.5408,37.6327],[44.5874,37.5840],[44.5659,37.4471],[44.5721,37.4307],[44.6381,37.4126],[44.6616,37.3756],[44.6980,37.3800],[44.7213,37.3432],[44.8015,37.2926],[44.7984,37.2603],[44.7535,37.2153],[44.7661,37.1419],[44.7337,37.1672],[44.6102,37.1783],[44.4544,37.0763],[44.3431,37.0424],[44.3066,36.9772],[44.2848,36.9691],[44.2342,36.9836],[44.1800,37.0876],[44.1892,37.1292],[44.2483,37.1696],[44.2350,37.2367],[44.1844,37.2791],[44.0880,37.3111],[43.9903,37.3125],[43.8936,37.2249],[43.8093,37.1996],[43.7469,37.2306],[43.5942,37.2294],[43.5295,37.2539],[43.4795,37.2433],[43.3361,37.3202],[43.2703,37.3086],[43.1148,37.3711],[42.9370,37.3201],[42.8140,37.3468],[42.7804,37.3754],[42.7156,37.3552],[42.5452,37.1408],[42.3572,37.1099],[42.3545,37.1524],[42.3353,37.1711],[42.3466,37.2397],[42.2920,37.2850],[42.2672,37.2745],[42.2231,37.2881],[42.2112,37.3249],[42.0092,37.1756],[41.4797,37.0755],[41.2013,37.0649],[40.8964,37.1226],[40.7089,37.1004],[40.5257,37.0258],[40.4138,37.0040],[40.1901,36.8844],[39.7652,36.7421],[39.2395,36.6612],[39.1858,36.6595],[39.0321,36.7011],[38.7250,36.6939],[38.6641,36.7195],[38.5293,36.8337],[38.4799,36.8557],[38.2242,36.9083],[38.1229,36.8846],[38.0079,36.8257],[37.8197,36.7605],[37.6540,36.7321],[37.4461,36.6341],[37.2418,36.6585],[37.1044,36.6509],[37.0530,36.6199],[37.0145,36.6422],[37.0184,36.7066],[36.9646,36.7538],[36.6398,36.8280],[36.6432,36.8036],[36.6032,36.7469],[36.5692,36.6201],[36.5653,36.5325],[36.5312,36.4790],[36.5527,36.4081],[36.5933,36.3734],[36.5776,36.3328],[36.6486,36.3058],[36.6700,36.2373],[36.5934,36.2181],[36.4801,36.2255],[36.4507,36.1999],[36.3730,36.2276],[36.3614,36.2181],[36.3757,36.2045],[36.3586,36.1669],[36.3580,35.9939],[36.2973,36.0007],[36.2775,35.9941],[36.2690,35.9587],[36.1968,35.9517],[36.1748,35.9226],[36.1576,35.8225],[36.1384,35.8197],[36.0507,35.8654],[36.0039,35.8691],[35.9802,35.9268],[35.9113,35.9177],[35.9767,36.0009],[35.9754,36.0185],[35.9484,36.0878],[35.7873,36.3042],[35.8244,36.3610],[35.8567,36.3697],[35.9084,36.4181],[35.9187,36.4481],[35.9902,36.4796],[36.0449,36.5376],[36.1787,36.5963],[36.2111,36.6424],[36.1889,36.8017],[36.0954,36.8971],[36.0202,36.9263],[35.9850,36.9155],[35.8054,36.7750],[35.6840,36.7646],[35.6477,36.7539],[35.6135,36.7198],[35.6067,36.7403],[35.5730,36.7006],[35.5794,36.6851],[35.5944,36.7017],[35.6168,36.6962],[35.6198,36.7123],[35.6340,36.6993],[35.6340,36.7267],[35.6481,36.7332],[35.6648,36.7123],[35.7091,36.7198],[35.6225,36.6807],[35.6086,36.6468],[35.6955,36.7062],[35.6579,36.6751],[35.6235,36.6025],[35.5571,36.5874],[35.4900,36.6139],[35.4786,36.5985],[35.5310,36.5827],[35.4454,36.5963],[35.3460,36.5410],[34.9822,36.7207],[34.9004,36.7198],[34.9078,36.7403],[34.7707,36.8160],[34.6928,36.8138],[34.5546,36.7676],[34.4152,36.6629],[34.2762,36.5869],[34.1777,36.4733],[34.0773,36.4138],[34.0778,36.3288],[33.9997,36.3029],[33.9589,36.2135],[33.9414,36.2133],[33.9509,36.2376],[33.9309,36.2904],[33.8711,36.3148],[33.8110,36.2674],[33.8247,36.2599],[33.7990,36.2306],[33.7428,36.2133],[33.7052,36.1817],[33.6882,36.1370],[33.6472,36.1925],[33.5522,36.1275],[33.5305,36.1308],[33.5442,36.1444],[33.4582,36.1581],[33.3864,36.1370],[33.3268,36.1500],[33.3083,36.1322],[33.2124,36.1240],[33.1569,36.1370],[33.0877,36.0828],[32.9409,36.1035],[32.8037,36.0271],[32.6706,36.0466],[32.5678,36.0960],[32.5134,36.1030],[32.3654,36.1779],[32.2872,36.2448],[32.2761,36.2878],[32.1921,36.3583],[32.1743,36.4024],[32.1020,36.4861],[32.0188,36.5465],[31.8167,36.5895],[31.7365,36.6422],[31.3785,36.7676],[31.3763,36.7919],[31.3408,36.8085],[30.9397,36.8570],[30.7758,36.8495],[30.6865,36.8911],[30.6017,36.8381],[30.5698,36.7813],[30.5766,36.6789],[30.5561,36.6378],[30.5835,36.5963],[30.5698,36.5280],[30.5208,36.4897],[30.4746,36.4015],[30.5016,36.3635],[30.4941,36.3493],[30.5198,36.3418],[30.4787,36.3085],[30.4668,36.2878],[30.4879,36.2878],[30.4274,36.2263],[30.3986,36.2059],[30.4004,36.2481],[30.3842,36.2742],[30.3605,36.2686],[30.2545,36.3082],[30.1585,36.2986],[30.1447,36.2543],[30.1310,36.2742],[30.1106,36.2400],[30.0481,36.2587],[30.0348,36.2543],[30.0559,36.2468],[29.9884,36.2177],[29.9165,36.2190],[29.8300,36.1854],[29.8369,36.1779],[29.8025,36.1718],[29.8230,36.1649],[29.7795,36.1393],[29.7617,36.1370],[29.7754,36.1581],[29.7192,36.1626],[29.6723,36.1233],[29.6682,36.1437],[29.6339,36.1570],[29.6238,36.1779],[29.6373,36.1724],[29.6421,36.1869],[29.5835,36.1854],[29.6238,36.1991],[29.4944,36.2110],[29.4321,36.2400],[29.4204,36.2306],[29.4116,36.2674],[29.3816,36.2639],[29.3496,36.2326],[29.2346,36.3242],[29.1584,36.3567],[29.1447,36.3493],[29.1447,36.3771],[29.0963,36.3909],[29.1303,36.4113],[29.1241,36.4535],[29.0963,36.4734],[29.1242,36.4933],[29.1149,36.5526],[29.0144,36.5479],[29.0368,36.5614],[29.0205,36.5895],[29.0417,36.6242],[29.0558,36.6142],[29.0963,36.6441],[29.0905,36.6271],[29.1168,36.6342],[29.0963,36.6652],[28.9563,36.7275],[28.9389,36.7512],[28.8908,36.7123],[28.8977,36.6993],[28.8635,36.6925],[28.8624,36.6679],[28.8499,36.6652],[28.8703,36.6305],[28.8880,36.6484],[28.8840,36.6714],[28.9017,36.6582],[28.8635,36.6168],[28.8696,36.6066],[28.8288,36.6025],[28.8186,36.6207],[28.8425,36.6378],[28.7878,36.6509],[28.7827,36.6773],[28.7463,36.6976],[28.7016,36.7050],[28.6648,36.6925],[28.6491,36.7183],[28.6233,36.6993],[28.6035,36.7335],[28.6167,36.7669],[28.6103,36.8160],[28.5966,36.7949],[28.5758,36.8195],[28.5461,36.8234],[28.5244,36.8133],[28.5278,36.7887],[28.4868,36.8017],[28.5004,36.8160],[28.4560,36.8285],[28.4526,36.8495],[28.4663,36.8533],[28.4519,36.8836],[28.4362,36.8647],[28.3767,36.8544],[28.4248,36.8290],[28.3960,36.7894],[28.3149,36.8160],[28.3149,36.7949],[28.2781,36.7964],[28.2783,36.8141],[28.3149,36.8290],[28.2731,36.8519],[28.2571,36.8461],[28.2366,36.8132],[28.2488,36.7668],[28.2885,36.7425],[28.2950,36.7198],[28.2672,36.7309],[28.2465,36.7123],[28.2335,36.7198],[28.2335,36.6993],[28.1622,36.6726],[28.1115,36.6041],[28.0881,36.5890],[28.0616,36.5963],[28.0358,36.5647],[28.0138,36.5758],[28.0036,36.5619],[27.9777,36.5657],[27.9592,36.6025],[28.0344,36.6025],[28.0896,36.6441],[28.0759,36.6577],[28.0480,36.6378],[28.0612,36.6647],[28.0379,36.6906],[28.0296,36.6703],[27.9660,36.6887],[28.0418,36.7198],[28.1163,36.7188],[28.1168,36.7335],[28.0822,36.7471],[28.1100,36.7750],[28.1305,36.7539],[28.1184,36.8006],[28.0949,36.8014],[28.0472,36.7633],[28.0344,36.7750],[27.9176,36.7403],[27.9124,36.7541],[27.8562,36.7403],[27.8064,36.7608],[27.7194,36.7562],[27.6842,36.7267],[27.6711,36.6577],[27.5545,36.6851],[27.4726,36.6509],[27.4043,36.6652],[27.3940,36.6841],[27.3628,36.6851],[27.3558,36.7123],[27.4143,36.7092],[27.4495,36.7539],[27.6115,36.7653],[27.6233,36.8017],[27.6453,36.8064],[27.6911,36.7843],[27.7600,36.7813],[27.7990,36.8066],[27.8971,36.8123],[28.0275,36.7813],[28.0554,36.8085],[28.0395,36.8266],[28.0070,36.8290],[28.0245,36.8390],[28.0070,36.8570],[28.0554,36.8706],[28.0212,36.9116],[28.0418,36.9116],[28.0275,36.9259],[28.0616,36.9259],[28.0418,36.9389],[28.1572,36.9321],[28.1652,36.9116],[28.1572,36.9457],[28.1852,36.9389],[28.2124,36.9730],[28.1989,36.9805],[28.2124,37.0004],[28.2446,36.9881],[28.2465,37.0078],[28.3293,37.0367],[28.3046,37.0508],[28.1262,37.0358],[28.1072,37.0321],[28.1100,37.0141],[27.9865,37.0351],[27.7878,37.0078],[27.7804,36.9935],[27.6876,37.0054],[27.6364,36.9805],[27.5671,36.9966],[27.5620,36.9730],[27.5283,36.9912],[27.4726,36.9935],[27.4384,37.0277],[27.4080,37.0168],[27.3968,37.0277],[27.3833,36.9935],[27.3764,37.0277],[27.3286,37.0141],[27.3265,36.9859],[27.3006,36.9730],[27.3081,36.9594],[27.2631,36.9633],[27.2287,37.0618],[27.2391,37.0829],[27.2944,37.1102],[27.2604,37.1102],[27.2529,37.1239],[27.3217,37.1239],[27.3217,37.1586],[27.3422,37.1301],[27.3833,37.1518],[27.3865,37.1300],[27.4384,37.1239],[27.4598,37.0895],[27.5651,37.1256],[27.5755,37.1376],[27.5545,37.1301],[27.5278,37.1928],[27.5876,37.1987],[27.5755,37.1785],[27.6098,37.1996],[27.5885,37.2111],[27.5893,37.2306],[27.6159,37.2747],[27.5532,37.2729],[27.5146,37.2293],[27.5000,37.2338],[27.5177,37.2459],[27.5088,37.2680],[27.4636,37.2520],[27.4913,37.3273],[27.4726,37.3436],[27.4685,37.3156],[27.4461,37.3056],[27.3968,37.3231],[27.3967,37.3656],[27.4384,37.3908],[27.4072,37.4127],[27.3702,37.4050],[27.3462,37.3705],[27.3217,37.3709],[27.3303,37.3516],[27.2461,37.3361],[27.1907,37.3573],[27.2050,37.3982],[27.2262,37.4050],[27.2225,37.4767],[27.1777,37.4665],[27.1904,37.5126],[27.1804,37.5445],[27.2093,37.5633],[27.2085,37.5968],[27.0114,37.6657],[27.0207,37.6862],[27.1272,37.6885],[27.2131,37.7134],[27.2495,37.7443],[27.2615,37.8035],[27.2391,37.8644],[27.2747,37.9290],[27.2391,37.9879],[27.1411,37.9860],[27.0701,38.0200],[27.0559,38.0457],[26.9754,38.0652],[26.8934,38.0562],[26.8730,38.0351],[26.8420,38.0760],[26.8352,38.1312],[26.7936,38.1722],[26.7760,38.1652],[26.7602,38.2167],[26.6359,38.2035],[26.6228,38.1387],[26.6092,38.1449],[26.6121,38.1178],[26.5949,38.1039],[26.5676,38.1449],[26.5568,38.1223],[26.5237,38.1474],[26.5192,38.1796],[26.4917,38.1740],[26.4174,38.2206],[26.4174,38.2001],[26.3901,38.2238],[26.3901,38.2616],[26.3540,38.2282],[26.2330,38.2802],[26.2387,38.2958],[26.2653,38.2866],[26.2858,38.3186],[26.3076,38.3230],[26.2889,38.3406],[26.2941,38.3698],[26.3076,38.3578],[26.3211,38.3776],[26.3143,38.3367],[26.3850,38.3184],[26.3833,38.3435],[26.4174,38.3367],[26.4759,38.3668],[26.4515,38.4260],[26.4891,38.4061],[26.5130,38.4329],[26.4407,38.4728],[26.3878,38.4542],[26.4038,38.4875],[26.3696,38.5353],[26.3489,38.6354],[26.3562,38.6616],[26.4140,38.6793],[26.5056,38.6526],[26.6303,38.5192],[26.6433,38.4677],[26.5881,38.4608],[26.6052,38.4538],[26.5881,38.4186],[26.6220,38.4053],[26.6731,38.3071],[26.6999,38.3257],[26.6775,38.3435],[26.6706,38.3851],[26.7024,38.4301],[26.7253,38.4329],[26.7668,38.3640],[26.7873,38.3715],[26.7950,38.3586],[26.9245,38.3776],[27.0133,38.4125],[27.0886,38.4022],[27.1642,38.4466],[27.1544,38.4594],[27.0223,38.4624],[26.9353,38.4348],[26.9450,38.4466],[26.8976,38.4946],[26.8492,38.5123],[26.8147,38.5427],[26.8898,38.5080],[26.8352,38.5490],[26.8488,38.5973],[26.8342,38.6082],[26.7936,38.5973],[26.8010,38.6117],[26.7531,38.6179],[26.7594,38.6384],[26.7190,38.6526],[26.7531,38.6663],[26.7190,38.7209],[26.8182,38.7554],[26.9034,38.7345],[26.8972,38.7482],[26.9314,38.7550],[26.9350,38.7704],[26.8972,38.8165],[26.9376,38.8302],[26.9438,38.8087],[26.9607,38.8061],[26.9714,38.8191],[26.9587,38.8444],[27.0133,38.8711],[27.0335,38.8605],[27.0626,38.8868],[27.0412,38.8916],[27.0578,38.9185],[27.0412,38.9400],[26.9825,38.9196],[26.9624,38.9400],[26.9245,38.9400],[26.8662,38.9133],[26.8064,38.9501],[26.7991,38.9983],[26.8147,39.0219],[26.7936,39.0219],[26.8730,39.0629],[26.8752,39.0908],[26.8237,39.1490],[26.7378,39.1972],[26.7187,39.2628],[26.6092,39.2752],[26.6455,39.3175],[26.6538,39.3064],[26.6359,39.2969],[26.6706,39.2826],[26.6702,39.3059],[26.8147,39.3993],[26.8010,39.4061],[26.8010,39.4335],[26.8508,39.4397],[26.8679,39.4715],[26.9298,39.4877],[26.9450,39.5396],[26.9376,39.5747],[26.8934,39.5843],[26.8328,39.5568],[26.8078,39.5707],[26.4567,39.5211],[26.3621,39.4813],[26.2866,39.4876],[26.2492,39.4656],[26.1129,39.4591],[26.0742,39.4745],[26.0699,39.4962],[26.1106,39.5978],[26.1567,39.6492],[26.1635,39.7041],[26.1364,39.7556],[26.1549,39.8261],[26.1364,39.8375],[26.1676,39.9735],[26.1977,40.0088],[26.2511,39.9948],[26.3110,40.0194],[26.3621,40.0634],[26.3693,40.1029],[26.3932,40.1082],[26.4079,40.1936],[26.5007,40.2129],[26.7356,40.4035],[26.8972,40.4061],[26.9914,40.3886],[27.0963,40.4522],[27.2153,40.4476],[27.2869,40.4682],[27.3286,40.4135],[27.2944,40.4061],[27.3375,40.3703],[27.4523,40.3220],[27.5512,40.3088],[27.6129,40.331],[27.7627,40.3153],[27.8835,40.3862],[27.7917,40.3928],[27.7501,40.4575],[27.6842,40.4961],[27.7600,40.5370],[27.7804,40.5153],[27.9699,40.5029],[28.0344,40.4744],[28.0167,40.4510],[27.9039,40.3998],[27.9084,40.3742],[27.9446,40.3660],[28.1119,40.3960],[28.3479,40.4040],[28.4868,40.3998],[28.4588,40.3794],[28.5454,40.3913],[28.6377,40.3651],[28.7719,40.4025],[28.9387,40.3651],[29.0516,40.3673],[29.0900,40.4272],[29.1515,40.4340],[29.0656,40.4818],[29.0109,40.4818],[28.9694,40.4613],[28.9166,40.4708],[28.7741,40.5227],[28.7926,40.5532],[28.8977,40.5917],[28.9863,40.6447],[29.2815,40.6659],[29.3918,40.7078],[29.4168,40.6867],[29.4905,40.7272],[29.5275,40.7215],[29.5599,40.6910],[29.7532,40.7245],[29.9241,40.7164],[29.9393,40.7350],[29.9292,40.7580],[29.7754,40.7487],[29.6661,40.7835],[29.4287,40.7760],[29.3777,40.7565],[29.3291,40.7903],[29.3395,40.8078],[29.3154,40.8244],[29.2545,40.8107],[29.2745,40.8387],[29.2949,40.8387],[29.2639,40.8697],[29.1447,40.9141],[29.0280,40.9821],[29.0075,41.0305],[29.0623,41.0763],[29.0905,41.1409],[29.0691,41.1527],[29.1696,41.2331],[29.2317,41.2407],[29.8846,41.1489],[30.1368,41.1437],[30.2170,41.1671],[30.2824,41.2155],[30.3699,41.1813],[30.6992,41.1215],[30.7480,41.0919],[30.8332,41.0799],[31.2312,41.0919],[31.3235,41.1338],[31.3927,41.1884],[31.4196,41.2803],[31.3961,41.2954],[31.4035,41.3164],[31.4710,41.3247],[31.4983,41.3520],[31.6589,41.3979],[31.8715,41.5045],[32.1618,41.6120],[32.2633,41.7201],[32.3518,41.7294],[32.3825,41.7560],[32.3996,41.7424],[32.5348,41.8107],[32.5778,41.8113],[32.6125,41.8395],[32.6792,41.8363],[32.9261,41.8818],[33.3244,42.0190],[33.8735,41.9744],[34.0035,41.9826],[34.3313,41.9479],[34.4826,41.9752],[34.5617,41.9518],[34.6941,41.9459],[34.7985,41.9622],[34.8890,42.0077],[34.9419,42.0692],[34.9480,42.0987],[35.0239,42.0925],[35.0444,42.0515],[35.0815,42.0292],[35.1338,42.0236],[35.1712,42.0441],[35.2163,42.0236],[35.1167,42.0069],[35.0921,41.9280],[35.1257,41.8753],[35.2094,41.8113],[35.1958,41.8045],[35.2247,41.7618],[35.2981,41.7151],[35.4010,41.6915],[35.4858,41.6450],[35.5766,41.6297],[35.8938,41.7074],[35.9567,41.7362],[35.9289,41.7089],[35.9152,41.6462],[35.9343,41.6921],[35.9729,41.7285],[36.0380,41.6878],[36.0449,41.7014],[36.1344,41.5990],[36.1199,41.4943],[36.1344,41.4619],[36.2047,41.4064],[36.2368,41.3588],[36.3318,41.3231],[36.3437,41.2887],[36.3950,41.2564],[36.4510,41.2404],[36.5179,41.2626],[36.5793,41.3073],[36.6198,41.3750],[36.7580,41.3662],[36.9848,41.2945],[37.0319,41.2428],[37.0397,41.1815],[37.1355,41.1466],[37.2993,41.1403],[37.3953,41.1084],[37.5247,41.0371],[37.6079,41.0504],[37.6401,41.1015],[37.6897,41.1403],[37.7150,41.1147],[37.7838,41.1226],[37.7851,41.0600],[37.8679,41.0155],[37.8957,40.9821],[37.9347,40.9951],[38.2014,40.9413],[38.2683,40.9503],[38.3309,40.9178],[38.5393,40.9269],[38.6370,40.9760],[38.6779,40.9486],[38.7176,40.9547],[38.7837,41.0017],[38.9083,41.0376],[39.0417,41.0434],[39.1683,41.0797],[39.2732,41.0504],[39.4301,41.1124],[39.4929,41.1010],[39.6300,41.0084],[39.7299,41.0171],[39.8956,40.9547],[39.9993,40.9821],[40.0857,40.9264],[40.1427,40.9227],[40.3010,40.9684],[40.4648,41.0504],[40.5573,41.0424],[40.6261,41.0821],[40.6982,41.0981],[40.7575,41.1583],[40.8274,41.1979],[40.9220,41.1906],[41.0427,41.2324],[41.1213,41.2855],[41.1907,41.2957],[41.2850,41.3538],[41.3903,41.3793],[41.4241,41.4078],[41.4381,41.4513],[41.5207,41.5142],[41.6399,41.4787],[41.7026,41.4890],[41.7068,41.4631],[41.7609,41.4535],[41.8129,41.4218],[41.8940,41.4855],[41.9479,41.5055],[42.0195,41.4850],[42.1583,41.4998],[42.1892,41.4817],[42.2624,41.4823],[42.4630,41.4318],[42.5355,41.4934],[42.5651,41.5671],[42.6609,41.5882],[42.8199,41.5723],[42.8026,41.5341],[42.7665,41.5043],[42.8299,41.4725],[42.8680,41.5002],[42.8889,41.4699],[42.9577,41.4370],[43.0020,41.3826],[43.1239,41.3129],[43.1840,41.2989],[43.1572,41.2697],[43.1031,41.2488],[43.1720,41.2423],[43.2162,41.1805],[43.3517,41.1936],[43.4375,41.1561],[43.4517,41.1325],[43.4362,41.0832],[43.4604,41.0228]]],[[[26.0749,39.7848],[25.9970,39.8141],[25.9780,39.8341],[26.0771,39.8446],[26.0749,39.7848]]],[[[26.0122,40.1460],[25.7659,40.0971],[25.6632,40.1323],[25.7590,40.2067],[25.9382,40.2416],[25.9718,40.2211],[25.9630,40.1571],[26.0122,40.1665],[26.0122,40.1460]]],[[[27.6565,40.4494],[27.5963,40.4579],[27.5799,40.4765],[27.6072,40.5054],[27.6404,40.4941],[27.6351,40.4667],[27.6565,40.4494]]],[[[27.7326,40.6251],[27.6047,40.5768],[27.5359,40.6019],[27.5263,40.6391],[27.5459,40.6603],[27.5545,40.6469],[27.6313,40.6634],[27.7024,40.6530],[27.7326,40.6251]]],[[[28.0423,41.9048],[28.0358,41.8858],[27.9775,41.8873],[27.9720,41.8222],[28.0883,41.6769],[28.0759,41.6605],[28.0971,41.6266],[28.2327,41.5189],[28.3842,41.4474],[28.9084,41.2665],[29.0242,41.2428],[29.0686,41.2537],[29.1092,41.2352],[29.0867,41.1918],[29.0407,41.1642],[29.0706,41.1301],[29.0421,41.0663],[28.9895,41.0310],[28.9923,41.0082],[28.9461,41.0094],[28.8220,40.9616],[28.7701,40.9793],[28.6252,40.9684],[28.5952,40.9779],[28.6035,41.0094],[28.5755,41.0236],[28.5825,41.0463],[28.5519,41.0805],[28.5278,41.0851],[28.5625,41.0367],[28.5413,40.9895],[28.5124,40.9926],[28.4353,41.0429],[28.2366,41.0851],[28.1652,41.0851],[28.0130,41.0407],[27.9412,40.9710],[27.7378,41.0126],[27.5241,40.9892],[27.4931,40.9752],[27.4716,40.9418],[27.4248,40.8312],[27.3308,40.7609],[27.2879,40.7035],[27.1777,40.6326],[27.0475,40.6122],[26.9897,40.5637],[26.9116,40.5507],[26.6833,40.4554],[26.6743,40.4256],[26.6315,40.4000],[26.6015,40.3461],[26.4972,40.2899],[26.4265,40.2302],[26.3455,40.1997],[26.3758,40.1535],[26.2306,40.0648],[26.1574,40.0553],[26.2719,40.2304],[26.2669,40.2577],[26.2181,40.2968],[26.2317,40.3101],[26.2099,40.3219],[26.2190,40.3314],[26.3211,40.3651],[26.4327,40.4398],[26.5644,40.4994],[26.6837,40.5153],[26.7327,40.5637],[26.7882,40.5629],[26.8289,40.6019],[26.7903,40.6605],[26.6092,40.6394],[26.5056,40.5985],[26.4446,40.6190],[26.3997,40.6041],[26.3730,40.6144],[26.3025,40.6011],[26.0913,40.6054],[26.0537,40.6605],[26.0581,40.6976],[26.0332,40.7350],[26.1122,40.7469],[26.1582,40.8121],[26.2120,40.8474],[26.2058,40.865],[26.2261,40.8993],[26.2392,40.8856],[26.2603,40.9204],[26.3040,40.9090],[26.2943,40.9266],[26.3590,40.9646],[26.3331,40.9907],[26.3680,41.0077],[26.3741,41.0311],[26.3476,41.0409],[26.3250,41.0740],[26.3394,41.1144],[26.3173,41.1222],[26.3360,41.1525],[26.3210,41.1876],[26.3360,41.2289],[26.3205,41.2462],[26.4121,41.2656],[26.5401,41.3517],[26.5911,41.3293],[26.6317,41.3575],[26.6363,41.3995],[26.5954,41.5374],[26.5954,41.6124],[26.5764,41.5910],[26.4644,41.6485],[26.4761,41.6757],[26.3333,41.7130],[26.3163,41.7437],[26.3341,41.7895],[26.3755,41.8166],[26.5261,41.8242],[26.5589,41.9017],[26.5429,41.9203],[26.6056,41.9674],[26.7367,41.9589],[26.7805,41.9834],[26.8194,41.9656],[26.8607,41.9879],[26.9389,41.9962],[27.0465,42.0829],[27.1738,42.0570],[27.2037,42.0881],[27.2382,42.0979],[27.3052,42.0775],[27.3968,41.9893],[27.5464,41.9011],[27.5627,41.9064],[27.5507,41.9242],[27.6033,41.9386],[27.6093,41.9534],[27.6870,41.9686],[27.8153,41.9467],[27.8027,41.9600],[27.8079,41.9934],[27.8430,41.9957],[28.0167,41.9725],[28.0423,41.9048]]]]}},{"type":"Feature","properties":{"zone":"UA","eic":"10Y1001C--00003F","name":"Ukraine, Ukraine BZ, MBA","country":"UA"},"geometry":{"type":"MultiPolygon","coordinates":[[[[30.1259,45.8114],[29.8074,45.6143],[29.7309,45.5913],[29.8147,45.6410],[29.8567,45.6491],[30.1259,45.8114]]],[[[33.0574,46.0252],[33.0400,46.0121],[32.6193,46.0600],[32.7832,46.0463],[32.8816,46.0554],[32.9135,46.0388],[32.9786,46.0532],[32.9993,46.0353],[33.0450,46.0379],[33.0574,46.0252]]],[[[32.1662,46.1493],[31.7371,46.2207],[31.5803,46.2627],[31.5219,46.3132],[31.5044,46.3733],[31.5219,46.3684],[31.5543,46.2963],[31.6181,46.2592],[32.0708,46.1824],[32.1662,46.1493]]],[[[31.8820,52.0864],[31.8920,52.0361],[31.9103,52.0290],[31.9805,52.0476],[32.0955,52.0407],[32.2776,52.1026],[32.3067,52.1411],[32.3282,52.2191],[32.3669,52.2472],[32.3395,52.2872],[32.3535,52.3215],[32.4805,52.3071],[32.5284,52.3162],[32.7254,52.2520],[32.8441,52.2623],[32.9089,52.2411],[33.0301,52.3036],[33.0796,52.3055],[33.1828,52.3672],[33.3589,52.3575],[33.4193,52.3383],[33.4805,52.3577],[33.4994,52.3409],[33.4930,52.3031],[33.5100,52.2875],[33.6879,52.3558],[33.8040,52.3546],[33.9577,52.2246],[34.0219,52.1979],[34.0653,52.1586],[34.0625,52.0502],[34.1011,51.9925],[34.0962,51.9518],[34.1461,51.9516],[34.2284,51.8992],[34.2342,51.8782],[34.2945,51.8738],[34.3857,51.8176],[34.4127,51.7776],[34.4141,51.7364],[34.3763,51.7086],[34.0891,51.6666],[34.0795,51.6431],[34.1400,51.6211],[34.1529,51.5839],[34.2236,51.5147],[34.2170,51.4170],[34.1869,51.4083],[34.1858,51.3941],[34.2473,51.3634],[34.3001,51.3683],[34.3087,51.3346],[34.2836,51.3012],[34.1859,51.2489],[34.2817,51.2264],[34.3717,51.2568],[34.5134,51.2295],[34.6083,51.2340],[34.6427,51.1806],[34.6749,51.1676],[34.8175,51.1747],[34.9461,51.2142],[35.0787,51.2076],[35.1436,51.0584],[35.1725,51.0406],[35.3086,51.0473],[35.3550,51.0255],[35.3325,50.9999],[35.2780,50.9926],[35.2848,50.9443],[35.3417,50.9158],[35.3414,50.8764],[35.3777,50.8337],[35.3790,50.7972],[35.4384,50.7623],[35.4454,50.6875],[35.4688,50.6685],[35.3915,50.6463],[35.3777,50.6218],[35.4252,50.5004],[35.4464,50.4760],[35.5408,50.4500],[35.5701,50.3764],[35.6113,50.3517],[35.6968,50.3451],[35.7376,50.3815],[35.8374,50.4232],[36.1058,50.4211],[36.1692,50.3836],[36.2690,50.2813],[36.3158,50.2748],[36.4100,50.3045],[36.5364,50.2675],[36.5346,50.2199],[36.5943,50.2044],[36.6358,50.2140],[36.6826,50.2606],[36.8486,50.3236],[36.9140,50.3390],[37.0517,50.3353],[37.1970,50.3624],[37.2851,50.4152],[37.4152,50.4318],[37.4352,50.4249],[37.4800,50.3400],[37.5991,50.2908],[37.5971,50.1969],[37.7276,50.0787],[37.9158,50.0033],[38.0003,49.8997],[38.0665,49.9272],[38.1190,49.9191],[38.1661,49.9405],[38.1739,50.0601],[38.2999,50.0605],[38.3560,49.9805],[38.4975,49.9481],[38.6646,49.9651],[38.6872,49.9138],[38.7478,49.8854],[38.8522,49.8657],[38.9373,49.8034],[39.0491,49.8105],[39.1171,49.8643],[39.1557,49.8735],[39.1827,49.8585],[39.2608,49.7445],[39.3276,49.7263],[39.4436,49.7495],[39.5575,49.7239],[39.6229,49.6134],[39.8015,49.5421],[39.8893,49.5532],[39.9981,49.6082],[40.1155,49.5905],[40.1307,49.5798],[40.1260,49.5590],[40.0543,49.5197],[40.0349,49.4870],[40.0619,49.4258],[40.1595,49.3335],[40.1416,49.2457],[39.9521,49.1245],[39.9187,49.0478],[39.6982,49.0283],[39.6811,49.0203],[39.6739,48.9701],[39.7587,48.8954],[39.9081,48.8784],[39.9503,48.8527],[40.0088,48.8878],[40.0342,48.8855],[40.0527,48.8497],[39.9752,48.7896],[39.8241,48.8156],[39.7794,48.8077],[39.7029,48.7465],[39.6317,48.5869],[39.8091,48.5837],[39.8550,48.5561],[39.8695,48.5099],[39.8421,48.4990],[39.8447,48.4835],[39.9241,48.3761],[39.8158,48.3081],[39.8848,48.2789],[39.9788,48.2900],[39.9906,48.2537],[39.8937,48.1829],[39.8430,48.1197],[39.8290,48.0767],[39.8429,48.0363],[39.7598,48.0149],[39.7961,47.9613],[39.7755,47.8580],[39.7338,47.8159],[39.5700,47.8309],[39.3916,47.8226],[39.3196,47.8460],[39.1135,47.8285],[39.0390,47.8569],[38.8772,47.8612],[38.7962,47.8199],[38.7345,47.6771],[38.6621,47.6832],[38.5622,47.6266],[38.3529,47.6070],[38.3190,47.5913],[38.2603,47.4929],[38.2579,47.3932],[38.1887,47.3009],[38.2918,47.2870],[38.2981,47.2560],[38.2034,47.1923],[38.2014,47.1307],[38.2166,47.1032],[38.1422,47.0376],[38.1080,47.0263],[38.1300,47.0746],[38.0715,47.0997],[38.0262,47.0816],[37.8610,47.1015],[37.7532,47.0752],[37.5463,47.0816],[37.4829,47.0359],[37.3352,46.8824],[37.3129,46.8755],[37.3173,46.9008],[37.2954,46.9202],[37.2270,46.9369],[37.0288,46.8755],[36.8536,46.8004],[36.8624,46.7769],[36.8122,46.6805],[36.7692,46.6373],[36.7438,46.6496],[36.7716,46.6434],[36.8025,46.7247],[36.6960,46.7799],[36.6339,46.7799],[36.5900,46.7588],[36.5240,46.7588],[36.4001,46.7239],[36.3034,46.6592],[36.2783,46.6074],[36.2675,46.6255],[36.2457,46.6108],[36.2443,46.6353],[36.1894,46.6690],[35.9016,46.6527],[35.7711,46.6012],[35.6286,46.4984],[35.4914,46.4479],[35.3801,46.3684],[35.1617,46.1282],[34.9821,46.0778],[35.0519,46.1282],[35.0444,46.1419],[35.2004,46.1830],[35.3421,46.3357],[35.3460,46.3610],[35.3115,46.3376],[35.2675,46.3510],[35.2585,46.3733],[35.2845,46.4374],[35.2146,46.4626],[35.1883,46.5124],[35.1666,46.4931],[35.2019,46.4404],[35.2094,46.3964],[35.1084,46.2977],[35.0307,46.2517],[34.9265,46.2350],[34.8935,46.2517],[34.8821,46.2217],[34.8388,46.2076],[34.8122,46.1766],[34.8242,46.0779],[34.8743,45.9260],[35.0018,45.7290],[34.9756,45.7173],[34.7889,45.8036],[34.7843,45.8993],[34.7633,45.9320],[34.6886,45.9740],[34.5299,45.9810],[34.5042,45.9506],[34.4646,45.9553],[34.4109,45.9880],[34.3619,46.0556],[34.3339,46.0696],[34.2359,46.0976],[34.1612,46.0906],[34.0679,46.1046],[33.8462,46.1957],[33.7157,46.1957],[33.6702,46.2181],[33.6604,46.1481],[33.6285,46.1249],[33.5965,46.1557],[33.5498,46.1364],[33.5312,46.1068],[33.5578,46.0873],[33.4957,46.0678],[33.5162,46.0463],[33.4238,46.0532],[33.3577,46.1038],[33.3310,46.1074],[33.3108,46.0873],[33.2902,46.0947],[33.3156,46.1310],[33.2146,46.1282],[33.2351,46.2238],[33.1750,46.1531],[33.1228,46.1358],[33.0234,46.1698],[33.0324,46.1410],[33.0182,46.1276],[32.8992,46.1152],[32.7662,46.1356],[32.5034,46.0761],[32.2624,46.1282],[32.2419,46.1766],[32.2692,46.2045],[32.2131,46.1930],[32.1286,46.2097],[32.0501,46.2660],[32.0180,46.2575],[31.8857,46.3200],[31.8823,46.2791],[31.8011,46.2850],[31.7673,46.3181],[31.7998,46.3422],[31.9682,46.3510],[32.0618,46.3937],[32.0078,46.4489],[31.9106,46.4558],[31.7485,46.4999],[31.6902,46.4785],[31.6865,46.4298],[31.6635,46.4721],[31.5083,46.5875],[31.5815,46.5452],[31.7563,46.5542],[31.8618,46.5192],[32.1116,46.5124],[32.3175,46.4643],[32.3996,46.4783],[32.4270,46.4988],[32.4083,46.5172],[32.4357,46.5431],[32.5247,46.5927],[32.5883,46.6043],[32.6455,46.6496],[32.4090,46.5689],[32.3357,46.5621],[32.2482,46.6074],[32.1463,46.5602],[32.1179,46.6068],[32.0227,46.6291],[31.9798,46.6770],[31.9402,46.7588],[31.9362,46.8003],[32.0074,46.9152],[31.9959,46.9403],[31.9358,46.9548],[31.9768,47.0093],[31.8652,47.0263],[31.8968,47.0927],[31.8823,47.1185],[31.8455,47.1340],[31.8305,47.1867],[31.7576,47.2162],[31.7417,47.2591],[31.7268,47.2205],[31.8061,47.1926],[31.8156,47.1226],[31.8742,47.0938],[31.8447,47.0536],[31.8374,47.0084],[31.9471,46.9990],[31.8994,46.9438],[31.9256,46.9229],[31.9682,46.9369],[31.9728,46.9153],[31.9450,46.8595],[31.8986,46.8429],[31.8647,46.8065],[31.8652,46.7799],[31.9067,46.7382],[31.8994,46.6496],[31.8147,46.6230],[31.6740,46.6532],[31.5971,46.6432],[31.5788,46.6173],[31.4930,46.6287],[31.4809,46.6464],[31.4908,46.6633],[31.6181,46.8134],[31.6061,46.8264],[31.5839,46.7936],[31.5083,46.7451],[31.4406,46.8004],[31.4558,46.7545],[31.5058,46.7204],[31.4161,46.6291],[31.3376,46.6012],[31.1595,46.6289],[30.9913,46.6012],[30.8669,46.5558],[30.7907,46.5529],[30.7548,46.5158],[30.7981,46.4464],[30.7724,46.3964],[30.7145,46.3479],[30.6518,46.3445],[30.6865,46.3200],[30.6823,46.2995],[30.5232,46.1337],[30.4941,46.0804],[30.3712,45.9979],[30.2614,45.8954],[30.1384,45.8197],[30.1274,45.8913],[30.0945,45.8148],[30.0612,45.8134],[29.9907,45.8470],[29.9685,45.8389],[29.9528,45.7719],[29.9262,45.8137],[29.9177,45.7829],[29.9393,45.7515],[29.9323,45.7241],[29.8877,45.7651],[29.8024,45.7374],[29.8032,45.7041],[29.8601,45.6689],[29.8095,45.6485],[29.7890,45.6552],[29.7890,45.6354],[29.7337,45.6143],[29.7239,45.6674],[29.6826,45.6968],[29.6792,45.7515],[29.6938,45.7813],[29.6381,45.8263],[29.6313,45.8135],[29.6518,45.7890],[29.6227,45.7362],[29.6375,45.7099],[29.6032,45.6913],[29.5896,45.5590],[29.6484,45.5453],[29.7070,45.5733],[29.6057,45.4781],[29.6407,45.4417],[29.6560,45.4741],[29.6723,45.4771],[29.6753,45.4496],[29.7021,45.4566],[29.7132,45.4362],[29.7322,45.4757],[29.7558,45.4278],[29.7277,45.4156],[29.7501,45.3858],[29.7561,45.3212],[29.7297,45.2377],[29.6744,45.2135],[29.6590,45.2158],[29.6722,45.2729],[29.6502,45.3461],[29.5696,45.3949],[29.4306,45.4304],[29.3221,45.4438],[29.2818,45.4222],[29.2281,45.4237],[29.1743,45.3889],[28.9736,45.3236],[28.9528,45.2850],[28.9298,45.2790],[28.8318,45.3222],[28.7897,45.3214],[28.7901,45.2920],[28.7596,45.2741],[28.8026,45.2441],[28.7100,45.2269],[28.5770,45.2480],[28.3302,45.3229],[28.2811,45.4018],[28.2864,45.4217],[28.1994,45.4617],[28.2172,45.4933],[28.2705,45.5215],[28.5020,45.5087],[28.4982,45.5587],[28.5368,45.5798],[28.5113,45.6350],[28.4740,45.6579],[28.5152,45.7020],[28.5614,45.7165],[28.5766,45.7619],[28.6697,45.7773],[28.6697,45.8120],[28.7382,45.8375],[28.7464,45.8705],[28.7284,45.9219],[28.7402,45.9532],[28.9568,46.0013],[28.9387,46.0892],[29.0153,46.1826],[29.0098,46.2043],[28.9335,46.2589],[28.9448,46.3207],[28.9192,46.4046],[28.9458,46.4547],[29.1842,46.5380],[29.2067,46.5025],[29.2056,46.4061],[29.1834,46.3776],[29.2006,46.3571],[29.2832,46.3974],[29.2891,46.4516],[29.3067,46.4719],[29.3747,46.4161],[29.4576,46.4847],[29.4864,46.4758],[29.4808,46.4251],[29.5414,46.4130],[29.5829,46.3696],[29.6156,46.3618],[29.6455,46.3755],[29.6543,46.4226],[29.7028,46.4283],[29.7141,46.4711],[29.8003,46.3983],[29.8081,46.3546],[29.8281,46.3393],[29.9186,46.3736],[30.0811,46.3741],[30.1315,46.4228],[30.0770,46.4228],[30.0140,46.4620],[30.0217,46.4706],[30.0028,46.4942],[29.9705,46.4917],[29.9019,46.5308],[29.8988,46.5531],[29.9381,46.5573],[29.9496,46.5788],[29.9312,46.6191],[29.9511,46.7431],[29.9281,46.8097],[29.8896,46.8071],[29.8436,46.8541],[29.7541,46.8580],[29.6961,46.9046],[29.5586,46.9457],[29.5724,47.0117],[29.6021,47.0610],[29.5701,47.0914],[29.5201,47.0599],[29.4778,47.1115],[29.5448,47.1355],[29.5440,47.2342],[29.5801,47.2604],[29.5565,47.3240],[29.4808,47.3382],[29.4591,47.2934],[29.4095,47.2797],[29.3675,47.3082],[29.3458,47.3658],[29.3008,47.3781],[29.2326,47.4463],[29.1820,47.4298],[29.1556,47.4499],[29.1174,47.5333],[29.1820,47.6132],[29.1969,47.7175],[29.2386,47.7560],[29.1778,47.7897],[29.2360,47.8707],[29.1725,47.8910],[29.1479,47.9553],[29.1239,47.9759],[29.0610,47.9697],[29.0172,47.9310],[28.9503,47.9348],[28.8325,48.0248],[28.7992,48.1117],[28.5736,48.1549],[28.5193,48.1491],[28.4795,48.0649],[28.4190,48.1222],[28.4368,48.1498],[28.4115,48.1707],[28.3886,48.1685],[28.3495,48.1297],[28.3174,48.1353],[28.3221,48.1632],[28.3633,48.1910],[28.3577,48.2386],[28.2944,48.2364],[28.2169,48.2081],[28.1893,48.2230],[28.1785,48.2588],[28.0932,48.2374],[28.0786,48.2449],[28.0983,48.2841],[28.0764,48.3149],[27.9264,48.3394],[27.8648,48.3989],[27.7852,48.4415],[27.6270,48.4512],[27.6068,48.4578],[27.6048,48.4841],[27.5829,48.4860],[27.5038,48.4723],[27.4034,48.4114],[27.3421,48.4361],[27.2085,48.3606],[27.0373,48.3996],[27.0254,48.3898],[27.0330,48.3602],[26.9432,48.3512],[26.8319,48.3913],[26.8169,48.3717],[26.7775,48.3661],[26.7900,48.3070],[26.7743,48.2871],[26.7359,48.2918],[26.6797,48.3301],[26.6251,48.2828],[26.6178,48.2589],[26.5874,48.2493],[26.3034,48.2120],[26.2707,48.0936],[26.1730,47.9931],[25.9012,47.9659],[25.7525,47.9345],[25.2617,47.8985],[25.2189,47.8784],[25.0799,47.7429],[24.8965,47.7100],[24.8082,47.7957],[24.6791,47.8401],[24.6336,47.9082],[24.5420,47.9438],[24.4091,47.9520],[24.3471,47.9208],[24.2310,47.8970],[24.1311,47.9145],[24.0087,47.9612],[23.8552,47.9342],[23.7800,47.9875],[23.5632,48.0057],[23.4608,47.9713],[23.3600,47.9931],[23.2313,48.0797],[23.1390,48.0981],[23.0989,48.0712],[23.0631,48.0074],[23.0044,47.9830],[22.9241,48.0048],[22.9158,47.9591],[22.8776,47.9467],[22.8324,47.9789],[22.8615,48.0283],[22.8547,48.0473],[22.8014,48.0909],[22.7457,48.1162],[22.6054,48.0970],[22.5557,48.1771],[22.4814,48.2425],[22.3571,48.2431],[22.3081,48.2936],[22.2987,48.3491],[22.2567,48.3572],[22.2718,48.4034],[22.2019,48.4181],[22.1328,48.4047],[22.1483,48.5088],[22.1387,48.5695],[22.2432,48.6511],[22.3102,48.6816],[22.3307,48.7564],[22.3656,48.7943],[22.3688,48.8564],[22.4117,48.8877],[22.4489,48.9714],[22.5205,48.9929],[22.5396,49.0722],[22.5607,49.0855],[22.6428,49.0431],[22.7553,49.0447],[22.8552,48.9940],[22.8669,49.0099],[22.8431,49.0431],[22.8534,49.0847],[22.8413,49.0948],[22.7057,49.1688],[22.6817,49.1612],[22.7377,49.2753],[22.7197,49.3829],[22.6795,49.4189],[22.6409,49.5287],[22.6658,49.5673],[22.7661,49.6742],[22.8266,49.6973],[22.8882,49.7697],[22.9331,49.7910],[22.9511,49.8266],[23.1014,49.9571],[23.4364,50.1934],[23.6441,50.3126],[23.6822,50.3682],[23.7475,50.3893],[23.9286,50.3908],[23.9813,50.4047],[24.0077,50.4484],[24.0106,50.4927],[24.1077,50.5408],[24.0852,50.6044],[24.1084,50.6298],[24.0749,50.6901],[24.0810,50.7129],[24.0268,50.7280],[24.0128,50.7433],[24.0258,50.7670],[23.9742,50.7761],[23.9576,50.8080],[23.9928,50.8362],[24.1308,50.8390],[24.1431,50.8564],[23.9793,50.9375],[23.9550,50.9835],[23.9117,51.0068],[23.9042,51.0627],[23.8544,51.1215],[23.8747,51.1361],[23.8635,51.1482],[23.7426,51.2162],[23.6872,51.2924],[23.6351,51.3046],[23.6340,51.3392],[23.6838,51.3702],[23.6788,51.3940],[23.6976,51.4044],[23.6487,51.4539],[23.6627,51.4801],[23.6080,51.5112],[23.6286,51.5312],[23.5933,51.5969],[23.6166,51.6247],[23.7496,51.6444],[23.8848,51.6198],[23.9413,51.5819],[23.9813,51.586],[24.2441,51.7182],[24.2723,51.7428],[24.3115,51.8275],[24.3907,51.8800],[24.6397,51.8921],[24.7218,51.8823],[25.0027,51.9104],[25.1380,51.9489],[25.3519,51.9214],[25.7679,51.9285],[26.0807,51.9006],[26.1753,51.8567],[26.4077,51.8506],[26.4192,51.8209],[26.4456,51.8055],[26.6657,51.8013],[26.8547,51.7493],[26.9208,51.7425],[27.0215,51.7645],[27.1510,51.7567],[27.1778,51.7470],[27.1890,51.6637],[27.2774,51.6511],[27.2540,51.5953],[27.2674,51.5874],[27.4090,51.5917],[27.4772,51.6236],[27.6926,51.5892],[27.7051,51.5683],[27.6641,51.4928],[27.7142,51.4637],[27.7925,51.5172],[27.7995,51.5851],[27.8312,51.6129],[27.8755,51.6080],[27.9547,51.5607],[28.0708,51.5576],[28.2100,51.6519],[28.2451,51.6406],[28.2577,51.6017],[28.3109,51.5744],[28.3338,51.5283],[28.4612,51.5716],[28.6039,51.5535],[28.6373,51.4496],[28.6635,51.4339],[28.7039,51.4426],[28.7287,51.4012],[28.7516,51.4287],[28.7522,51.4837],[28.7998,51.5326],[28.8636,51.5589],[28.9808,51.5694],[29.0236,51.6140],[29.0632,51.6305],[29.1238,51.6250],[29.1604,51.6033],[29.2265,51.5190],[29.2277,51.4556],[29.2648,51.4329],[29.2970,51.3737],[29.3199,51.3655],[29.4027,51.3961],[29.4662,51.3850],[29.5054,51.4374],[29.5682,51.4496],[29.6377,51.4908],[29.6999,51.4837],[29.7379,51.4394],[29.8286,51.4299],[29.8862,51.4647],[30.1486,51.4844],[30.3201,51.4020],[30.3300,51.3703],[30.3170,51.3405],[30.3551,51.3052],[30.4280,51.2917],[30.5396,51.2351],[30.5799,51.3036],[30.6383,51.3358],[30.6324,51.3641],[30.6455,51.3674],[30.6181,51.4187],[30.5878,51.4273],[30.5860,51.4518],[30.6181,51.4671],[30.5889,51.4818],[30.5853,51.5093],[30.5628,51.5217],[30.5840,51.5422],[30.5225,51.5627],[30.5431,51.5825],[30.5151,51.6036],[30.5566,51.6236],[30.5703,51.6999],[30.6249,51.7060],[30.6461,51.7545],[30.6181,51.7613],[30.6705,51.7905],[30.6619,51.8194],[30.7345,51.8737],[30.7416,51.8979],[30.7881,51.9006],[30.8106,51.9183],[30.8030,51.9391],[30.8580,51.9576],[30.8969,51.9983],[30.9412,51.9938],[30.9405,52.0200],[30.9112,52.0225],[30.9344,52.0697],[31.1348,52.0766],[31.2289,52.0382],[31.3044,52.0974],[31.3830,52.1174],[31.6499,52.0968],[31.8258,52.1040],[31.8820,52.0864]]]]}},{"type":"Feature","properties":{"zone":"XK","eic":"10Y1001C--00100H","name":"Kosovo/ XK CA / XK BZN","country":"XK"},"geometry":{"type":"Polygon","coordinates":[[[20.0649,42.5467],[20.0757,42.6030],[20.1039,42.6531],[20.0247,42.7234],[20.0346,42.7514],[20.0763,42.7734],[20.1833,42.7425],[20.2260,42.8067],[20.4763,42.8555],[20.4988,42.8778],[20.4509,42.9220],[20.4594,42.9500],[20.5304,42.9751],[20.5623,43.0094],[20.5963,43.0070],[20.6649,43.0854],[20.6691,43.1097],[20.6205,43.1333],[20.6040,43.1979],[20.7944,43.2630],[20.8647,43.2173],[20.8399,43.2120],[20.8385,43.1704],[21.0051,43.0991],[21.0925,43.0906],[21.1240,43.0582],[21.1478,42.9926],[21.2097,42.9958],[21.2324,42.9108],[21.2605,42.8865],[21.4084,42.8469],[21.3786,42.7441],[21.5652,42.7201],[21.6294,42.6722],[21.7386,42.6821],[21.7727,42.6475],[21.7347,42.6242],[21.7176,42.5511],[21.6189,42.4492],[21.6174,42.3866],[21.5160,42.3419],[21.5148,42.3178],[21.5640,42.2462],[21.4815,42.2477],[21.4675,42.2351],[21.4363,42.2468],[21.4199,42.2400],[21.4298,42.2158],[21.3667,42.2238],[21.2949,42.1489],[21.2992,42.0914],[21.2378,42.0973],[21.1644,42.1670],[21.0984,42.1959],[21.0039,42.1419],[20.7849,42.0820],[20.7653,42.0643],[20.7430,41.9934],[20.7504,41.9067],[20.7233,41.8666],[20.6814,41.8440],[20.6434,41.8736],[20.6023,41.8498],[20.5671,41.8731],[20.5624,41.9001],[20.5992,41.9605],[20.5521,42.0737],[20.5493,42.1234],[20.5007,42.2112],[20.3333,42.3178],[20.2377,42.3199],[20.2188,42.3714],[20.1928,42.3936],[20.1997,42.4277],[20.1355,42.5096],[20.0649,42.5467]]]}},{"type":"Feature","properties":{"zone":"DE_LU","eic":"10Y1001A1001A82H","name":"DE-LU BZ / MBA","country":"DE"},"geometry":{"type":"MultiPolygon","coordinates":[[[[6.3538,49.4547],[6.2219,49.4974],[6.1360,49.4952],[6.1426,49.4860],[6.1072,49.4825],[6.0780,49.4520],[5.9607,49.4413],[5.9281,49.4823],[5.8395,49.4998],[5.7906,49.5377],[5.8374,49.5611],[5.8469,49.5767],[5.8299,49.5827],[5.8854,49.6435],[5.8422,49.6739],[5.8560,49.7080],[5.8053,49.7218],[5.7784,49.7730],[5.7382,49.7888],[5.7216,49.8127],[5.7318,49.8599],[5.7581,49.8581],[5.7189,49.8913],[5.7637,49.9468],[5.8125,49.9775],[5.8026,50.0024],[5.8363,50.0185],[5.8377,50.0474],[5.8643,50.0674],[5.8724,50.0968],[5.9410,50.1283],[5.9616,50.1656],[5.9983,50.1749],[6.0386,50.1484],[6.0842,50.1593],[6.1174,50.1204],[6.1294,50.1340],[6.1158,50.1454],[6.1231,50.1648],[6.1651,50.1818],[6.1468,50.2140],[6.1571,50.2227],[6.2717,50.2674],[6.2859,50.3038],[6.3745,50.3154],[6.3377,50.3680],[6.3511,50.4335],[6.3232,50.4660],[6.3369,50.4810],[6.2555,50.4945],[6.2071,50.4863],[6.1825,50.5065],[6.1905,50.5152],[6.1708,50.5179],[6.1773,50.5301],[6.1606,50.5435],[6.2329,50.5871],[6.2490,50.6144],[6.1594,50.6223],[6.1477,50.6367],[6.1611,50.6421],[6.0810,50.7134],[6.0115,50.7085],[6.0108,50.7370],[5.9729,50.7818],[5.9687,50.7946],[5.9983,50.8007],[6.0092,50.8404],[6.0567,50.8526],[6.0637,50.9075],[5.9998,50.9293],[6.0036,50.9737],[5.8746,50.9653],[5.8581,51.0193],[5.8524,51.0427],[5.8804,51.0520],[5.9379,51.0309],[5.9829,51.0746],[6.1472,51.1522],[6.1262,51.1645],[6.1570,51.1792],[6.0843,51.1626],[6.0608,51.1709],[6.0566,51.2117],[6.1477,51.3181],[6.1935,51.3445],[6.2078,51.3876],[6.1927,51.3989],[6.2053,51.4584],[6.1933,51.5093],[6.0864,51.5955],[6.0991,51.6444],[6.0085,51.6811],[6.0219,51.7095],[6.0120,51.7158],[5.9393,51.7318],[5.9641,51.7765],[5.9280,51.8067],[6.084,51.8536],[6.1561,51.8420],[6.0929,51.8853],[6.1269,51.8967],[6.2251,51.8625],[6.2646,51.8661],[6.2873,51.8461],[6.3419,51.8366],[6.3449,51.8211],[6.3824,51.8275],[6.3784,51.8601],[6.4628,51.8483],[6.5286,51.8764],[6.7437,51.9083],[6.8107,51.9605],[6.8091,51.9795],[6.6750,52.0348],[6.6798,52.0604],[6.7114,52.0672],[6.7498,52.1028],[6.8306,52.1128],[6.8848,52.1603],[7.0263,52.2306],[7.0124,52.2849],[7.0482,52.3650],[6.9733,52.4513],[6.9002,52.4319],[6.7148,52.4615],[6.6950,52.4756],[6.6717,52.5416],[6.7437,52.5597],[6.7039,52.5830],[6.7017,52.6191],[6.7370,52.6346],[6.8654,52.6419],[7.0184,52.6259],[7.0366,52.6473],[7.0619,52.8240],[7.1619,52.9326],[7.1928,52.9980],[7.1719,53.1377],[7.1954,53.1849],[7.1945,53.2450],[7.2335,53.2736],[7.2295,53.2965],[7.2547,53.3195],[7.3665,53.3028],[7.3029,53.3327],[7.0382,53.3485],[7.0236,53.3764],[7.0232,53.4505],[7.0514,53.5126],[7.1196,53.5163],[7.1417,53.5371],[7.0867,53.5868],[7.2260,53.6664],[7.3050,53.6848],[7.4588,53.6951],[7.5039,53.6786],[7.9514,53.7219],[8.0314,53.7080],[8.0249,53.6725],[8.0529,53.6362],[8.1276,53.5907],[8.1191,53.5719],[8.1679,53.5532],[8.1554,53.5260],[8.0587,53.5020],[8.0861,53.4561],[8.1523,53.4497],[8.2053,53.4107],[8.2594,53.4122],[8.3151,53.4749],[8.3204,53.5092],[8.2915,53.5293],[8.2312,53.5252],[8.2488,53.5902],[8.2706,53.6128],[8.3293,53.6181],[8.3877,53.5771],[8.5520,53.5436],[8.4900,53.4863],[8.4850,53.4011],[8.5044,53.3580],[8.4975,53.4747],[8.5566,53.5182],[8.5657,53.5466],[8.5083,53.6251],[8.4860,53.7004],[8.5732,53.8576],[8.6518,53.8924],[8.7824,53.8424],[8.8606,53.831],[9.0162,53.8405],[9.1145,53.8651],[9.2746,53.8651],[9.4026,53.7424],[9.4847,53.6900],[9.4983,53.6598],[9.5670,53.5995],[9.6966,53.5566],[9.8320,53.5436],[9.7820,53.5697],[9.6923,53.5759],[9.5836,53.6124],[9.5507,53.6345],[9.5322,53.7111],[9.4358,53.7486],[9.3951,53.831],[9.2578,53.8855],[9.0299,53.9071],[8.9846,53.8970],[8.9160,53.9374],[8.8333,54.0364],[8.8906,54.0477],[8.9972,54.0302],[9.0183,54.0978],[8.9744,54.1280],[8.9773,54.1456],[8.9528,54.1500],[8.8606,54.1251],[8.8128,54.1804],[8.8466,54.2335],[8.8396,54.2555],[8.9220,54.2742],[8.9631,54.3176],[8.8811,54.2902],[8.8879,54.3039],[8.7389,54.2938],[8.6784,54.2691],[8.6233,54.2901],[8.5998,54.3380],[8.6955,54.3585],[8.6506,54.3779],[8.6347,54.3654],[8.6291,54.3876],[8.6484,54.4063],[8.8860,54.4177],[9.0047,54.4658],[9.0115,54.5063],[8.8787,54.6065],[8.8258,54.5981],[8.8190,54.6056],[8.8532,54.6192],[8.8054,54.6875],[8.6887,54.7352],[8.6943,54.7602],[8.6427,54.8441],[8.6607,54.8963],[8.9041,54.8979],[9.1947,54.8504],[9.2440,54.8017],[9.3850,54.8193],[9.4514,54.8103],[9.5799,54.8662],[9.5831,54.8302],[9.7346,54.8073],[9.8017,54.7833],[9.8237,54.7567],[9.8953,54.7694],[9.8914,54.7902],[9.9475,54.7795],[10.0182,54.7012],[9.9704,54.7012],[9.9294,54.6738],[10.0390,54.6668],[10.0268,54.5599],[9.9655,54.5061],[9.8400,54.4752],[9.8833,54.4621],[10.1434,54.4918],[10.2038,54.4610],[10.1839,54.4493],[10.1912,54.3967],[10.1417,54.3722],[10.1555,54.3434],[10.1417,54.3244],[10.1803,54.3411],[10.2243,54.4138],[10.3183,54.4433],[10.6010,54.3654],[10.6901,54.3162],[10.7312,54.3102],[10.7771,54.3151],[10.9353,54.3795],[11.0188,54.3858],[10.9758,54.3784],[11.0339,54.3676],[11.1041,54.3928],[11.1355,54.3858],[11.0877,54.3517],[11.0665,54.3585],[11.0944,54.2835],[11.0901,54.2079],[11.0665,54.1839],[10.8928,54.1025],[10.8054,54.0948],[10.7526,54.0501],[10.7996,54.0005],[10.8754,53.9954],[10.8873,53.9639],[10.9226,53.9613],[11.0534,54.0084],[11.1750,54.0180],[11.2043,53.9892],[11.2453,53.9784],[11.2429,53.9452],[11.2937,53.9408],[11.3341,53.9613],[11.4576,53.9061],[11.4724,53.9688],[11.4978,53.9818],[11.4917,54.0023],[11.5258,54.0227],[11.5190,54.0364],[11.5734,54.0390],[11.6245,54.0836],[11.6252,54.1098],[11.6897,54.1552],[11.8122,54.1498],[12.0881,54.1940],[12.0916,54.114],[12.1150,54.0978],[12.0950,54.1456],[12.1428,54.1804],[12.1013,54.1736],[12.1088,54.1830],[12.1868,54.2433],[12.3421,54.3039],[12.5019,54.4735],[12.5338,54.4882],[12.5483,54.4620],[12.5914,54.4517],[12.8796,54.4487],[12.9211,54.4334],[12.8707,54.4168],[12.6945,54.4336],[12.6241,54.4229],[12.5817,54.4063],[12.5947,54.3858],[12.5540,54.3908],[12.5270,54.3722],[12.4909,54.3900],[12.4384,54.3875],[12.4184,54.3606],[12.4240,54.3449],[12.3967,54.3517],[12.3916,54.3211],[12.3625,54.3102],[12.3801,54.2770],[12.3688,54.2691],[12.4124,54.2514],[12.4581,54.2555],[12.4103,54.2691],[12.4724,54.3102],[12.4786,54.3318],[12.5605,54.3585],[12.5407,54.3722],[12.5929,54.3693],[12.6772,54.3920],[12.6808,54.4108],[12.7175,54.4138],[12.6923,54.3961],[12.6840,54.3722],[12.7046,54.3996],[12.7350,54.3781],[12.7871,54.3920],[12.8180,54.3579],[12.8546,54.3578],[12.9293,54.4143],[13.0341,54.4336],[13.0214,54.4264],[13.0285,54.4018],[13.0955,54.3722],[13.0766,54.3525],[13.1149,54.2800],[13.1706,54.2765],[13.1434,54.2630],[13.2888,54.2342],[13.3488,54.1804],[13.3215,54.1668],[13.4034,54.1736],[13.3829,54.1531],[13.4177,54.1531],[13.4650,54.0984],[13.5070,54.0910],[13.4792,54.1251],[13.6027,54.1394],[13.7119,54.1736],[13.6982,54.1531],[13.8081,54.1046],[13.7732,54.0463],[13.7461,54.0364],[13.8386,53.9863],[13.8486,53.9555],[13.9075,53.9335],[13.8185,53.8779],[13.8170,53.8529],[14.0374,53.7552],[14.1865,53.7398],[14.2341,53.7617],[14.2644,53.7516],[14.2595,53.7279],[14.2127,53.7080],[14.2639,53.6999],[14.2609,53.6562],[14.2970,53.5977],[14.3041,53.5085],[14.3598,53.4440],[14.4032,53.2787],[14.4416,53.2518],[14.3806,53.1898],[14.3895,53.1316],[14.3433,53.0486],[14.1444,52.9599],[14.1649,52.8956],[14.1504,52.8646],[14.1239,52.8506],[14.3822,52.7381],[14.4319,52.6860],[14.6448,52.5769],[14.6090,52.5178],[14.6323,52.4967],[14.5915,52.4497],[14.5398,52.4218],[14.5453,52.3821],[14.5901,52.3094],[14.5841,52.2912],[14.7124,52.2359],[14.6925,52.1995],[14.7070,52.1794],[14.6863,52.1210],[14.7614,52.0766],[14.6990,51.9925],[14.6870,51.9118],[14.5959,51.8424],[14.5858,51.8038],[14.6341,51.7690],[14.6484,51.7172],[14.7324,51.6583],[14.7439,51.6066],[14.7127,51.5674],[14.7100,51.5302],[14.9109,51.4689],[14.9553,51.4354],[14.9609,51.3352],[15.0194,51.2716],[15.0220,51.2367],[14.9913,51.1889],[14.9552,51.0640],[14.9106,50.9926],[14.8602,50.9168],[14.8104,50.8770],[14.7850,50.8200],[14.7375,50.8106],[14.6131,50.8455],[14.6292,50.9207],[14.5503,50.9120],[14.5743,50.9754],[14.5029,51.0085],[14.4821,51.0371],[14.4620,51.0196],[14.3978,51.0131],[14.3565,51.0323],[14.2875,51.0368],[14.2383,50.9824],[14.3037,50.9697],[14.2928,50.9534],[14.3818,50.9208],[14.3758,50.8959],[14.3465,50.8802],[14.2321,50.8793],[14.1907,50.8479],[14.0349,50.8025],[13.9595,50.8020],[13.8925,50.7804],[13.8821,50.7427],[13.8345,50.7236],[13.5565,50.7067],[13.5156,50.6910],[13.5232,50.6621],[13.4479,50.5972],[13.4070,50.6013],[13.3687,50.6283],[13.3218,50.6023],[13.3056,50.5757],[13.2323,50.5820],[13.1990,50.5253],[13.1601,50.4970],[13.0096,50.4926],[12.9966,50.4336],[12.9525,50.4041],[12.8173,50.4430],[12.7379,50.4315],[12.6918,50.3946],[12.5102,50.3887],[12.4750,50.3694],[12.4668,50.3418],[12.3981,50.3151],[12.3364,50.2585],[12.3086,50.2170],[12.3143,50.1673],[12.3004,50.1608],[12.2732,50.1723],[12.2543,50.2174],[12.2299,50.2348],[12.2396,50.2565],[12.1780,50.2687],[12.1685,50.3029],[12.1493,50.3117],[12.0761,50.3151],[12.1109,50.2766],[12.0795,50.2427],[12.1750,50.1826],[12.1791,50.1179],[12.2325,50.0805],[12.2468,50.0449],[12.4513,49.9805],[12.4681,49.9702],[12.4626,49.9312],[12.5240,49.9049],[12.4825,49.8272],[12.4624,49.8312],[12.4526,49.7797],[12.3836,49.7428],[12.4195,49.7002],[12.4963,49.6699],[12.5019,49.6197],[12.5466,49.5955],[12.5828,49.5224],[12.6229,49.5098],[12.6435,49.4294],[12.7293,49.3911],[12.7779,49.3325],[12.8566,49.3222],[12.8846,49.3395],[12.9998,49.2949],[13.0112,49.2677],[13.1785,49.1183],[13.2995,49.0936],[13.3723,49.0385],[13.3985,48.9776],[13.4588,48.9450],[13.4822,48.9376],[13.5159,48.9702],[13.6086,48.9461],[13.6373,48.8934],[13.7246,48.8673],[13.8157,48.7664],[13.7835,48.7152],[13.8168,48.6955],[13.8009,48.6752],[13.8023,48.6117],[13.7742,48.5692],[13.7338,48.5597],[13.7165,48.5216],[13.6243,48.5653],[13.5207,48.5845],[13.4545,48.5734],[13.4400,48.5609],[13.4592,48.5163],[13.4055,48.3765],[13.2742,48.3071],[13.0327,48.2635],[12.9330,48.2092],[12.8625,48.1966],[12.7389,48.1134],[12.7602,48.0648],[12.8306,48.0154],[12.8620,47.9625],[12.9310,47.9248],[12.9912,47.8471],[12.8920,47.7235],[12.9640,47.7053],[13.0198,47.7129],[13.0720,47.6594],[13.0720,47.6224],[13.0382,47.5840],[13.0281,47.5416],[13.0373,47.4930],[13.0018,47.4660],[12.9315,47.4735],[12.7789,47.5548],[12.7858,47.6026],[12.8131,47.6118],[12.7516,47.6493],[12.7619,47.6668],[12.6530,47.6751],[12.4965,47.6289],[12.4446,47.6562],[12.4241,47.6915],[12.2387,47.6789],[12.2233,47.6959],[12.2422,47.7320],[12.1766,47.7058],[12.2051,47.6722],[12.2067,47.6455],[12.1736,47.6050],[11.9358,47.6107],[11.8519,47.5991],[11.8203,47.5752],[11.6204,47.5896],[11.5891,47.5703],[11.5512,47.5136],[11.4126,47.5060],[11.3654,47.4693],[11.3886,47.4622],[11.3838,47.4448],[11.3056,47.4354],[11.2370,47.3939],[11.2130,47.3958],[11.2152,47.4229],[11.1938,47.4289],[11.0837,47.3895],[10.9794,47.3905],[10.9552,47.4096],[10.9598,47.4325],[10.8584,47.4851],[10.8516,47.4930],[10.8922,47.5148],[10.8586,47.5306],[10.7607,47.5136],[10.5837,47.5624],[10.5369,47.5298],[10.4825,47.5328],[10.4535,47.5462],[10.4571,47.5792],[10.4292,47.5770],[10.4142,47.5730],[10.4309,47.5421],[10.4196,47.4930],[10.4476,47.4725],[10.4519,47.4387],[10.4282,47.3960],[10.3716,47.3673],[10.3059,47.3021],[10.2393,47.2777],[10.1598,47.2711],[10.1907,47.2982],[10.2092,47.3724],[10.0828,47.3590],[10.0532,47.4048],[10.0759,47.4168],[10.0718,47.4391],[10.0226,47.4879],[9.9826,47.4810],[9.9459,47.5407],[9.8334,47.5346],[9.8131,47.5417],[9.8079,47.5763],[9.7821,47.5884],[9.7526,47.5820],[9.7039,47.5314],[9.6126,47.5218],[9.5498,47.5335],[9.2732,47.6500],[9.1969,47.6561],[9.1833,47.6704],[9.0165,47.6789],[8.9453,47.6543],[8.8817,47.6561],[8.8377,47.6808],[8.8560,47.6906],[8.7975,47.7200],[8.7707,47.7208],[8.7698,47.6950],[8.7170,47.6945],[8.7004,47.7234],[8.7131,47.7574],[8.6819,47.7587],[8.6441,47.7910],[8.6174,47.7573],[8.6016,47.7946],[8.5582,47.8011],[8.5423,47.7950],[8.5516,47.7792],[8.4636,47.7639],[8.4379,47.7231],[8.3921,47.6995],[8.3913,47.6654],[8.4582,47.6398],[8.5682,47.6629],[8.6073,47.6562],[8.6016,47.6325],[8.5803,47.6390],[8.5741,47.5924],[8.5223,47.6219],[8.4617,47.6061],[8.4488,47.5842],[8.3540,47.5810],[8.3063,47.5921],[8.2885,47.6158],[8.2329,47.6219],[8.1790,47.6158],[8.0872,47.5673],[8.0422,47.5605],[7.9121,47.5605],[7.8982,47.5878],[7.8196,47.5953],[7.7667,47.5559],[7.6614,47.5462],[7.6097,47.5647],[7.6358,47.5645],[7.6596,47.5965],[7.5860,47.5846],[7.5903,47.6079],[7.5146,47.6857],[7.5118,47.7073],[7.5378,47.7318],[7.5259,47.7831],[7.5428,47.8294],[7.5619,47.8392],[7.5590,47.8827],[7.5849,47.9404],[7.6211,47.9714],[7.6189,48.0026],[7.5757,48.0537],[7.5789,48.1144],[7.6133,48.1792],[7.6871,48.2529],[7.7024,48.3111],[7.7507,48.3413],[7.7383,48.4066],[7.7764,48.4981],[7.8134,48.5194],[7.8016,48.5475],[7.8102,48.6150],[7.8524,48.6586],[7.9591,48.7213],[7.9701,48.7572],[8.0172,48.7618],[8.0387,48.7907],[8.0903,48.8075],[8.2003,48.9585],[8.0904,48.9791],[7.9318,49.0348],[7.7736,49.0481],[7.6349,49.0377],[7.6086,49.0619],[7.5208,49.0836],[7.4710,49.1283],[7.4761,49.1515],[7.4104,49.1689],[7.3509,49.1591],[7.3340,49.1341],[7.2971,49.1281],[7.2743,49.1050],[7.1549,49.1144],[7.0798,49.1420],[7.0732,49.1203],[7.0425,49.1075],[7.0205,49.1189],[7.0094,49.1817],[6.9143,49.2066],[6.8334,49.2094],[6.8390,49.1627],[6.8217,49.1477],[6.7255,49.1555],[6.7009,49.1728],[6.7025,49.2136],[6.6806,49.2074],[6.6396,49.2711],[6.5564,49.3263],[6.5555,49.3471],[6.5777,49.3558],[6.5188,49.4021],[6.5116,49.4247],[6.4027,49.4654],[6.3538,49.4547]]],[[[6.7475,53.5659],[6.6770,53.5756],[6.6595,53.5991],[6.7846,53.6200],[6.7981,53.6044],[6.7224,53.5907],[6.7475,53.5659]]],[[[6.8737,53.6727],[7.0470,53.6941],[7.0854,53.6869],[6.8737,53.6727]]],[[[7.1331,53.7080],[7.2329,53.7294],[7.3466,53.7232],[7.1331,53.7080]]],[[[8.1959,53.7279],[8.1201,53.7143],[8.1523,53.7391],[8.1959,53.7279]]],[[[7.3665,53.7279],[7.4034,53.7367],[7.4355,53.7279],[7.3665,53.7279]]],[[[7.4819,53.7271],[7.4695,53.7453],[7.4869,53.7614],[7.6267,53.7552],[7.5139,53.7455],[7.5112,53.7279],[7.4819,53.7271]]],[[[7.8128,53.7831],[7.6608,53.7621],[7.6862,53.7809],[7.8128,53.7831]]],[[[7.8932,53.7889],[7.8737,53.7763],[7.8545,53.7845],[7.8976,53.7962],[7.9555,53.7829],[7.8932,53.7889]]],[[[7.9006,54.1906],[7.8977,54.1823],[7.8798,54.1939],[7.9006,54.1906]]],[[[7.9176,54.1869],[7.9123,54.1922],[7.9334,54.1898],[7.9176,54.1869]]],[[[8.3603,54.7148],[8.3323,54.6937],[8.4013,54.6329],[8.3536,54.6189],[8.2915,54.6670],[8.3603,54.7148]]],[[[11.4470,53.9971],[11.4231,53.9677],[11.3756,53.9818],[11.4266,54.0229],[11.4978,54.0227],[11.4576,53.9613],[11.4453,53.9611],[11.4470,53.9971]]],[[[14.0250,53.8638],[13.8752,53.8440],[13.8217,53.8651],[13.9316,53.8993],[13.9389,53.9282],[13.9018,53.9697],[13.9044,53.9954],[13.9726,53.9892],[13.9589,53.9408],[13.9874,53.9614],[14.0278,53.9613],[14.0143,53.9470],[14.0483,53.9408],[14.0512,54.0050],[13.9460,54.0665],[13.9158,54.0563],[13.9248,54.0364],[13.8908,54.0101],[13.8559,54.0023],[13.8763,54.0364],[13.8636,54.0499],[13.7942,54.0181],[13.7740,54.0227],[13.8149,54.1012],[13.7529,54.1531],[13.7622,54.1644],[13.8149,54.1736],[13.8824,54.1024],[14.0166,54.0600],[14.2100,53.9384],[14.1752,53.9064],[14.2008,53.8781],[14.0483,53.8793],[14.0250,53.8638]]],[[[11.5339,54.0848],[11.6018,54.1041],[11.6158,54.1121],[11.5395,54.0569],[11.5339,54.0848]]],[[[13.6909,54.2835],[13.7119,54.2865],[13.7119,54.3039],[13.6633,54.2938],[13.6511,54.3039],[13.7119,54.3318],[13.6169,54.3176],[13.6909,54.3449],[13.6640,54.3532],[13.6268,54.3390],[13.5992,54.3517],[13.4996,54.3449],[13.4060,54.2852],[13.3596,54.2754],[13.3557,54.2487],[13.3631,54.2630],[13.4177,54.2660],[13.4230,54.2327],[13.4072,54.2282],[13.3115,54.2511],[13.3352,54.2835],[13.3147,54.2630],[13.2679,54.2564],[13.2101,54.2758],[13.2048,54.2971],[13.1496,54.2902],[13.1489,54.3047],[13.1775,54.3102],[13.1154,54.3380],[13.1489,54.3772],[13.2233,54.3725],[13.2668,54.3858],[13.2392,54.3936],[13.2390,54.4200],[13.2115,54.4310],[13.1569,54.4268],[13.1818,54.4530],[13.2731,54.4821],[13.2332,54.4930],[13.2327,54.5162],[13.1853,54.5082],[13.1434,54.5429],[13.2595,54.5537],[13.2978,54.5196],[13.3010,54.5503],[13.3693,54.5851],[13.3420,54.5503],[13.3631,54.5429],[13.3488,54.5236],[13.3838,54.5318],[13.3898,54.5429],[13.3631,54.5503],[13.3767,54.5646],[13.4306,54.4927],[13.5070,54.4882],[13.5207,54.5236],[13.4996,54.5571],[13.5207,54.5707],[13.4414,54.5571],[13.3691,54.6121],[13.2732,54.5609],[13.2532,54.5646],[13.2568,54.5949],[13.2934,54.6422],[13.2247,54.6349],[13.2535,54.6650],[13.3907,54.6881],[13.4450,54.6800],[13.3829,54.6363],[13.4077,54.5934],[13.4663,54.5768],[13.5959,54.5913],[13.6706,54.5662],[13.6772,54.5404],[13.5754,54.4718],[13.6095,54.4138],[13.6982,54.3920],[13.7664,54.3449],[13.7301,54.3168],[13.7231,54.2783],[13.6909,54.2835]]],[[[11.1032,54.4438],[11.0324,54.4473],[11.0057,54.4684],[11.0337,54.5088],[11.1212,54.5359],[11.2321,54.5016],[11.3142,54.4138],[11.1884,54.4261],[11.1701,54.4200],[11.1790,54.4142],[11.1126,54.4152],[11.1032,54.4438]]],[[[8.8128,54.4821],[8.8255,54.4911],[8.8128,54.5019],[8.8444,54.5197],[8.9631,54.5236],[8.8879,54.4684],[8.8128,54.4821]]],[[[8.6274,54.5399],[8.6989,54.5585],[8.7009,54.5477],[8.6928,54.5232],[8.6412,54.4923],[8.5958,54.5136],[8.6274,54.5399]]],[[[13.1025,54.5299],[13.0613,54.4684],[13.1023,54.5960],[13.1510,54.6049],[13.1496,54.5777],[13.1434,54.5981],[13.1189,54.5864],[13.1025,54.5299]]],[[[8.5657,54.6875],[8.4528,54.6938],[8.3945,54.7148],[8.4641,54.7547],[8.5532,54.7544],[8.5937,54.7285],[8.5657,54.6875]]],[[[8.3706,54.8682],[8.3439,54.8790],[8.3020,54.8626],[8.2844,54.7423],[8.2885,54.8913],[8.3737,55.0349],[8.4157,55.0653],[8.4633,55.0506],[8.3945,55.0438],[8.4304,55.0300],[8.3619,54.9868],[8.3545,54.9127],[8.4365,54.8872],[8.6544,54.8936],[8.3706,54.8682]]]]}},{"type":"Feature","properties":{"zone":"GB","eic":"10YGB----------A","name":"National Grid BZ / CA/ MBA","country":"GB"},"geometry":{"type":"MultiPolygon","coordinates":[[[[-6.2922,49.9320],[-6.2875,49.9140],[-6.3091,49.9136],[-6.3074,49.9274],[-6.2922,49.9320]]],[[[-6.3489,49.9643],[-6.3264,49.9492],[-6.3325,49.9417],[-6.3489,49.9643]]],[[[-4.2285,50.3973],[-4.2899,50.3973],[-4.2730,50.3819],[-4.1937,50.3768],[-4.2285,50.3706],[-4.1800,50.3563],[-4.1979,50.3422],[-4.1937,50.3222],[-4.2523,50.3563],[-4.3377,50.3706],[-4.4953,50.3284],[-4.6734,50.3154],[-4.6943,50.3434],[-4.7632,50.3220],[-4.7554,50.3017],[-4.7798,50.2843],[-4.7765,50.2608],[-4.8001,50.2295],[-4.8497,50.2345],[-4.9472,50.1993],[-5.0024,50.1441],[-5.0203,50.1919],[-5.0529,50.1957],[-5.0645,50.1583],[-5.0434,50.1441],[-5.1259,50.0963],[-5.0707,50.0895],[-5.0565,50.0606],[-5.0980,50.0143],[-5.1464,50.0105],[-5.1911,49.9591],[-5.2452,49.9931],[-5.2526,50.0277],[-5.3043,50.0802],[-5.4748,50.1304],[-5.5409,50.1134],[-5.5455,50.0689],[-5.6194,50.0462],[-5.7051,50.0523],[-5.7156,50.0827],[-5.6944,50.0895],[-5.7092,50.1326],[-5.6846,50.1615],[-5.5109,50.2194],[-5.4379,50.1943],[-5.3875,50.2403],[-5.3148,50.2536],[-5.1498,50.3501],[-5.1536,50.3994],[-5.0502,50.4286],[-5.0252,50.5242],[-4.9955,50.5481],[-4.9472,50.5624],[-4.9335,50.5202],[-4.8448,50.5140],[-4.9218,50.5548],[-4.9205,50.5891],[-4.7924,50.5952],[-4.7492,50.6444],[-4.7519,50.6700],[-4.6572,50.7111],[-4.6378,50.7411],[-4.5772,50.7747],[-4.5501,50.8095],[-4.5549,50.8977],[-4.5226,50.9727],[-4.5264,51.0149],[-4.3377,50.9966],[-4.2079,51.0763],[-4.2557,51.1515],[-4.2148,51.1515],[-4.2098,51.1728],[-4.2285,51.1924],[-3.7691,51.2477],[-3.4341,51.2097],[-3.3849,51.1862],[-3.0292,51.2204],[-3.0355,51.1992],[-3.0218,51.1924],[-2.9995,51.2332],[-3.0218,51.3228],[-2.9921,51.3219],[-2.9595,51.3742],[-2.9746,51.3842],[-2.9210,51.3944],[-2.7985,51.4826],[-2.7164,51.4995],[-2.5804,51.6186],[-2.5563,51.6592],[-2.4649,51.7258],[-2.3807,51.7619],[-2.3980,51.7821],[-2.4204,51.7531],[-2.4820,51.7428],[-2.7131,51.5866],[-2.8587,51.5461],[-2.9433,51.5425],[-2.9746,51.5629],[-3.1727,51.4531],[-3.1600,51.4318],[-3.1848,51.3976],[-3.2894,51.3842],[-3.5574,51.4050],[-3.6631,51.4762],[-3.6954,51.4715],[-3.7376,51.4908],[-3.7701,51.5633],[-3.8548,51.6238],[-3.9899,51.6065],[-3.9999,51.5908],[-3.9745,51.5629],[-4.0265,51.5540],[-4.0464,51.5684],[-4.0702,51.5555],[-4.1216,51.5659],[-4.2005,51.5387],[-4.2899,51.5555],[-4.2973,51.5692],[-4.2783,51.5781],[-4.2899,51.6170],[-4.2347,51.6449],[-4.2210,51.6238],[-4.0912,51.6398],[-4.0705,51.6759],[-4.1068,51.6642],[-4.2005,51.6858],[-4.3152,51.6774],[-4.3792,51.7268],[-4.3104,51.7337],[-4.3625,51.7428],[-4.3651,51.7890],[-4.3991,51.7616],[-4.4457,51.7732],[-4.4265,51.7473],[-4.4607,51.7357],[-4.6453,51.7321],[-4.6782,51.7174],[-4.7123,51.6500],[-4.7349,51.6592],[-4.7591,51.6449],[-4.8635,51.6441],[-4.9460,51.5976],[-5.0457,51.6268],[-5.0366,51.6374],[-5.0511,51.6569],[-5.1197,51.6784],[-5.0366,51.6784],[-5.0434,51.6926],[-4.9881,51.6858],[-4.8448,51.7138],[-4.8790,51.7620],[-4.8243,51.7957],[-4.9335,51.7752],[-4.9005,51.7621],[-4.9062,51.7473],[-4.8920,51.7394],[-4.9105,51.7182],[-5.0099,51.7063],[-5.1492,51.7180],[-5.1669,51.7138],[-5.1569,51.6975],[-5.1828,51.6892],[-5.1806,51.7063],[-5.2495,51.7337],[-5.1102,51.7785],[-5.1258,51.8560],[-5.2215,51.8776],[-5.3109,51.864],[-5.2905,51.8919],[-5.2983,51.9109],[-5.1195,51.9589],[-5.0880,51.9760],[-5.0702,52.0263],[-4.9617,52.0075],[-4.9136,52.0148],[-4.9205,52.0285],[-4.8414,52.0148],[-4.8380,52.0490],[-4.7775,52.0648],[-4.7202,52.1133],[-4.6734,52.0973],[-4.6756,52.1269],[-4.6375,52.1384],[-4.5022,52.1383],[-4.3855,52.2034],[-4.3158,52.2162],[-4.1971,52.2792],[-4.1096,52.3653],[-4.0565,52.4878],[-4.0565,52.5294],[-4.0161,52.5219],[-3.9473,52.5492],[-4.0531,52.5424],[-4.1254,52.6039],[-4.1059,52.6535],[-4.0565,52.7006],[-3.9882,52.7342],[-4.0488,52.7215],[-4.1490,52.8120],[-4.1173,52.8307],[-4.1298,52.8892],[-4.0640,52.9191],[-4.0776,52.9266],[-4.1004,52.9141],[-4.1185,52.9266],[-4.1443,52.9147],[-4.2285,52.9191],[-4.3373,52.8920],[-4.4066,52.8925],[-4.4816,52.8508],[-4.5009,52.8268],[-4.4891,52.8031],[-4.5164,52.7894],[-4.5946,52.8167],[-4.7628,52.7894],[-4.7349,52.8304],[-4.5960,52.9284],[-4.5239,52.9442],[-4.3582,53.0284],[-4.3408,53.1127],[-4.3206,53.1015],[-4.1779,53.2175],[-4.1222,53.2334],[-4.0668,53.2290],[-3.8312,53.2891],[-3.8784,53.3375],[-3.7688,53.3191],[-3.7162,53.2869],[-3.6022,53.2888],[-3.3303,53.3517],[-3.0877,53.2346],[-3.0845,53.2754],[-3.1863,53.3927],[-3.0582,53.4347],[-3.0121,53.4166],[-2.9529,53.3239],[-2.8815,53.2883],[-2.7755,53.2998],[-2.7481,53.3096],[-2.7431,53.3385],[-2.6997,53.3517],[-2.7643,53.3451],[-2.7997,53.3210],[-2.9249,53.3500],[-2.9808,53.3927],[-3.1019,53.5580],[-3.0218,53.6528],[-2.8990,53.7354],[-2.9848,53.7360],[-3.0491,53.7695],[-3.0449,53.8784],[-3.0566,53.9061],[-3.0175,53.9319],[-2.9256,53.9527],[-2.8885,53.9460],[-2.8579,53.9675],[-2.8692,53.9788],[-2.8300,54.0160],[-2.8954,54.0023],[-2.9182,54.0343],[-2.8267,54.0888],[-2.7959,54.1251],[-2.8542,54.1940],[-2.8102,54.2119],[-2.7959,54.2487],[-2.9391,54.1550],[-2.9977,54.1595],[-3.0153,54.2119],[-3.0491,54.2220],[-3.0610,54.1619],[-3.1452,54.1000],[-3.1453,54.0637],[-3.1897,54.0978],[-3.2409,54.1121],[-3.2331,54.1591],[-3.2484,54.1736],[-3.2151,54.1798],[-3.2073,54.2630],[-3.2313,54.2472],[-3.2321,54.2025],[-3.3067,54.1918],[-3.4073,54.2777],[-3.4134,54.3429],[-3.6341,54.5128],[-3.5903,54.5646],[-3.5638,54.6427],[-3.5091,54.7216],[-3.4395,54.7614],[-3.4401,54.7974],[-3.3879,54.8833],[-3.3449,54.9025],[-3.3064,54.8861],[-3.2546,54.8998],[-3.3172,54.9203],[-3.2765,54.9434],[-3.2136,54.9544],[-3.1227,54.9326],[-3.0218,54.9544],[-3.0907,54.9544],[-3.0218,54.9755],[-3.1354,54.9680],[-3.5010,54.9924],[-3.5260,54.9771],[-3.5705,54.9954],[-3.5836,54.9680],[-3.5687,54.9160],[-3.5816,54.8836],[-3.7176,54.8808],[-3.7392,54.8598],[-3.8101,54.8662],[-3.8123,54.8551],[-3.8312,54.8662],[-3.8101,54.8725],[-3.8169,54.8861],[-3.8579,54.8445],[-3.8238,54.8246],[-3.9641,54.7719],[-4.0117,54.7682],[-4.0557,54.7825],[-4.0477,54.8130],[-4.0640,54.8315],[-4.0900,54.8097],[-4.0838,54.7769],[-4.1229,54.7730],[-4.1739,54.7923],[-4.2091,54.8262],[-4.2005,54.8662],[-4.2707,54.8394],[-4.3569,54.8655],[-4.4029,54.9072],[-4.4265,54.8694],[-4.4172,54.8459],[-4.3444,54.7945],[-4.3581,54.7709],[-4.3438,54.7564],[-4.3565,54.7418],[-4.3481,54.7019],[-4.3823,54.6800],[-4.4967,54.7006],[-4.5966,54.7752],[-4.7810,54.8330],[-4.7996,54.8612],[-4.8591,54.8662],[-4.9257,54.8373],[-4.9548,54.8047],[-4.8959,54.7045],[-4.8672,54.6901],[-4.8720,54.6492],[-4.8591,54.6329],[-4.9440,54.6527],[-4.9598,54.6755],[-4.9472,54.7012],[-4.9547,54.7285],[-4.9881,54.7352],[-5.0032,54.7713],[-5.1571,54.8790],[-5.1806,54.9544],[-5.1708,55.0086],[-5.1245,55.0167],[-5.1151,55.0315],[-5.0694,54.9860],[-5.0608,54.9311],[-5.0309,54.9113],[-4.9955,54.9203],[-4.9881,54.9345],[-5.0502,55.0268],[-5.0078,55.1411],[-4.8672,55.2224],[-4.8325,55.3311],[-4.7731,55.3693],[-4.7492,55.4137],[-4.6505,55.4484],[-4.6177,55.4955],[-4.6507,55.5370],[-4.6871,55.5441],[-4.6662,55.5622],[-4.6927,55.6052],[-4.8181,55.6371],[-4.8106,55.6539],[-4.9205,55.7085],[-4.8610,55.7567],[-4.8827,55.8213],[-4.8864,55.9196],[-4.8493,55.9482],[-4.7993,55.9579],[-4.6725,55.9337],[-4.4816,55.9282],[-4.6734,55.9618],[-4.7834,56.0176],[-4.8243,56.0785],[-4.8443,56.0729],[-4.8375,56.0506],[-4.7789,55.9920],[-4.8515,55.9880],[-4.8653,56.0667],[-4.7554,56.1883],[-4.7555,56.2065],[-4.8516,56.1126],[-4.8806,56.1198],[-4.8935,56.1742],[-4.9205,56.1679],[-4.8862,56.0803],[-4.9043,56.0543],[-4.8926,55.9897],[-4.9547,55.9965],[-4.9136,55.9618],[-4.9689,55.8798],[-4.9947,55.8698],[-5.0424,55.8847],[-5.0707,55.9586],[-5.1236,56.0099],[-5.1396,56.0027],[-5.0856,55.9318],[-5.0865,55.9012],[-5.1715,55.9355],[-5.1806,55.9693],[-5.2420,55.8928],[-5.2010,55.8314],[-5.2967,55.8526],[-5.3382,55.9037],[-5.3239,55.9586],[-5.3382,55.9965],[-5.2044,56.1194],[-5.1046,56.1515],[-5.0434,56.2162],[-4.9400,56.2514],[-4.9205,56.2777],[-4.9750,56.2479],[-5.0495,56.2370],[-5.1088,56.1747],[-5.2281,56.1292],[-5.3109,56.0580],[-5.3456,56.0512],[-5.3686,56.0094],[-5.4338,56.0101],[-5.4444,56.0275],[-5.4549,55.9556],[-5.4307,55.9481],[-5.4003,55.8928],[-5.4072,55.8798],[-5.3928,55.8737],[-5.4072,55.8662],[-5.3517,55.8324],[-5.3177,55.7830],[-5.4334,55.7210],[-5.4686,55.6539],[-5.4901,55.6445],[-5.4838,55.6100],[-5.4549,55.5919],[-5.4887,55.5690],[-5.4822,55.5502],[-5.5096,55.5167],[-5.5109,55.4844],[-5.5846,55.4274],[-5.5436,55.4069],[-5.5149,55.3736],[-5.5250,55.3586],[-5.6162,55.3065],[-5.7722,55.3012],[-5.7967,55.3790],[-5.7914,55.3986],[-5.7156,55.4479],[-5.7219,55.5138],[-5.7077,55.5433],[-5.7218,55.5646],[-5.6733,55.6406],[-5.6808,55.6744],[-5.6265,55.7006],[-5.5812,55.7576],[-5.5046,55.7893],[-5.4549,55.8457],[-5.5994,55.7642],[-5.6603,55.7973],[-5.6740,55.8457],[-5.5710,55.9345],[-5.6717,55.8869],[-5.6964,55.9159],[-5.5710,56.0375],[-5.6256,56.0244],[-5.6748,55.9777],[-5.6907,55.9376],[-5.7075,55.9425],[-5.6964,55.9821],[-5.5774,56.0969],[-5.5316,56.0863],[-5.5587,56.1308],[-5.5096,56.1883],[-5.6057,56.1399],[-5.5505,56.2162],[-5.5594,56.2295],[-5.4928,56.2604],[-5.5126,56.2709],[-5.5921,56.2498],[-5.5725,56.3280],[-5.5436,56.3528],[-5.4481,56.3596],[-5.5375,56.3596],[-5.4570,56.4408],[-5.3228,56.4549],[-5.2087,56.4468],[-5.1185,56.5077],[-5.0645,56.5651],[-5.2010,56.4621],[-5.3501,56.4729],[-5.3780,56.4589],[-5.4105,56.5036],[-5.4549,56.4695],[-5.4686,56.4757],[-5.4276,56.5378],[-5.3566,56.5196],[-5.2420,56.5651],[-5.3724,56.5303],[-5.4139,56.5446],[-5.3607,56.6062],[-5.2984,56.6464],[-5.3177,56.6613],[-5.2189,56.6886],[-5.1533,56.6812],[-4.9955,56.7159],[-5.1605,56.6958],[-5.2382,56.7166],[-5.1197,56.8184],[-5.2334,56.7606],[-5.2684,56.7130],[-5.3098,56.7064],[-5.3880,56.6552],[-5.4343,56.6428],[-5.5995,56.5290],[-5.6740,56.4968],[-5.7702,56.5378],[-5.7491,56.5719],[-5.7938,56.5432],[-5.8543,56.5504],[-6.0034,56.6187],[-6.0081,56.6422],[-5.9335,56.6547],[-5.8391,56.6265],[-5.8316,56.6339],[-5.8658,56.6613],[-5.7599,56.7007],[-5.6473,56.6812],[-5.5436,56.6954],[-5.6365,56.6886],[-5.7499,56.7145],[-5.8967,56.6751],[-6.0986,56.6969],[-6.1617,56.6782],[-6.2227,56.6954],[-6.2363,56.7190],[-6.1805,56.7546],[-6.0269,56.7637],[-5.9651,56.7848],[-5.8522,56.7469],[-5.8863,56.7848],[-5.7566,56.7848],[-5.8316,56.8053],[-5.8511,56.8289],[-5.7338,56.8447],[-5.6603,56.8729],[-5.7444,56.8541],[-5.7839,56.8599],[-5.7355,56.8941],[-5.9211,56.8941],[-5.8522,56.9003],[-5.8801,56.9220],[-5.8316,56.9971],[-5.7552,57.0265],[-5.6585,56.9794],[-5.5232,56.9971],[-5.6288,56.9918],[-5.6855,57.0095],[-5.6800,57.0362],[-5.7423,57.0380],[-5.7911,57.0592],[-5.7156,57.1200],[-5.6458,57.1294],[-5.5582,57.1004],[-5.4003,57.1063],[-5.4200,57.1206],[-5.5406,57.1063],[-5.5846,57.1336],[-5.6808,57.1579],[-5.6256,57.2162],[-5.6441,57.2332],[-5.5782,57.2667],[-5.5436,57.2709],[-5.4462,57.2230],[-5.4072,57.2299],[-5.5019,57.2776],[-5.4406,57.3192],[-5.4649,57.3249],[-5.5784,57.2776],[-5.7205,57.2844],[-5.7293,57.2981],[-5.7019,57.3323],[-5.6543,57.3539],[-5.6131,57.3419],[-5.5012,57.3709],[-5.4566,57.3935],[-5.4481,57.4216],[-5.5634,57.3631],[-5.6399,57.3739],[-5.6070,57.3891],[-5.6196,57.4166],[-5.7071,57.3597],[-5.8077,57.3549],[-5.8248,57.3943],[-5.8111,57.4011],[-5.8252,57.4289],[-5.8111,57.4422],[-5.8590,57.4527],[-5.8726,57.4937],[-5.8470,57.5589],[-5.8316,57.5588],[-5.8391,57.5792],[-5.8036,57.5813],[-5.6399,57.5110],[-5.6535,57.5315],[-5.5126,57.5414],[-5.5883,57.5610],[-5.6603,57.5445],[-5.6944,57.5663],[-5.6808,57.5792],[-5.7142,57.5827],[-5.7628,57.6339],[-5.8058,57.6426],[-5.8054,57.6671],[-5.7850,57.6795],[-5.7907,57.6959],[-5.7344,57.7079],[-5.6924,57.6910],[-5.6740,57.7096],[-5.7205,57.7333],[-5.8038,57.7438],[-5.8111,57.8331],[-5.7765,57.8679],[-5.6986,57.8690],[-5.6740,57.8605],[-5.6603,57.7922],[-5.6057,57.7704],[-5.6256,57.7922],[-5.5846,57.7848],[-5.5852,57.8314],[-5.6503,57.8777],[-5.6399,57.8878],[-5.6535,57.8946],[-5.6126,57.9287],[-5.5505,57.9151],[-5.5562,57.8877],[-5.4870,57.8558],[-5.4549,57.8537],[-5.4371,57.8976],[-5.4149,57.9081],[-5.2215,57.8468],[-5.3928,57.9181],[-5.3928,57.9356],[-5.3717,57.9310],[-5.3662,57.9430],[-5.2973,57.9082],[-5.2562,57.9151],[-5.1988,57.8977],[-5.0707,57.8331],[-5.0971,57.8709],[-5.2215,57.9213],[-5.1939,57.9359],[-5.2044,57.9601],[-5.2926,57.9806],[-5.3593,58.0113],[-5.3669,58.0288],[-5.4276,58.0311],[-5.4139,58.0523],[-5.4470,58.0843],[-5.4280,58.0979],[-5.3900,58.0921],[-5.3662,58.0659],[-5.3007,58.0701],[-5.2767,58.0864],[-5.2905,58.1205],[-5.2767,58.1273],[-5.2973,58.1348],[-5.2420,58.1478],[-5.3314,58.1820],[-5.3239,58.2031],[-5.3928,58.2446],[-5.3920,58.2613],[-5.2938,58.2409],[-5.2160,58.2614],[-5.1732,58.2509],[-5.1293,58.2713],[-5.0676,58.2509],[-5.0024,58.2509],[-4.9335,58.2230],[-4.9820,58.2509],[-4.9267,58.2645],[-5.0501,58.2599],[-5.1362,58.3055],[-5.1732,58.3539],[-5.1533,58.3539],[-5.1629,58.3744],[-5.1430,58.4147],[-5.0161,58.3881],[-5.0570,58.4221],[-5.0980,58.4147],[-5.0850,58.4290],[-5.1055,58.4365],[-5.0501,58.4538],[-4.9955,58.4365],[-5.1055,58.4873],[-5.1056,58.5055],[-5.0279,58.5440],[-5.0049,58.6177],[-4.9881,58.6283],[-4.8359,58.6050],[-4.8038,58.5593],[-4.8181,58.5246],[-4.7918,58.5416],[-4.7765,58.6071],[-4.6600,58.5558],[-4.6673,58.5320],[-4.7144,58.5056],[-4.7609,58.4479],[-4.6121,58.5246],[-4.5849,58.5741],[-4.5174,58.5755],[-4.4265,58.5463],[-4.4265,58.5246],[-4.4953,58.4495],[-4.3438,58.5388],[-4.3069,58.5463],[-4.2347,58.5246],[-4.2489,58.5320],[-4.2210,58.5519],[-4.0814,58.5618],[-4.0290,58.5951],[-4.0037,58.5706],[-3.8957,58.5656],[-3.8101,58.5730],[-3.5975,58.6271],[-3.5425,58.6208],[-3.5562,58.614],[-3.5320,58.6021],[-3.4470,58.614],[-3.3640,58.6008],[-3.3508,58.6208],[-3.4129,58.6555],[-3.3748,58.6770],[-3.3405,58.6481],[-3.2040,58.6611],[-3.1519,58.6412],[-3.0528,58.6481],[-3.0191,58.6403],[-3.0253,58.6221],[-3.1180,58.5320],[-3.1293,58.4964],[-3.0975,58.4774],[-3.0644,58.4829],[-3.0533,58.4657],[-3.1297,58.3692],[-3.2205,58.3055],[-3.3849,58.2645],[-3.5152,58.1684],[-3.8091,58.0519],[-3.8517,58.0038],[-3.9909,57.9603],[-4.0019,57.9356],[-4.0843,57.9641],[-4.0776,57.9430],[-4.0161,57.9321],[-3.9882,57.9082],[-4.0093,57.8679],[-4.0702,57.8741],[-4.1049,57.8537],[-4.2181,57.8741],[-4.2988,57.8627],[-4.3924,57.9082],[-4.3077,57.8514],[-4.2082,57.8591],[-4.1497,57.8298],[-4.1334,57.8301],[-4.1390,57.8468],[-4.0399,57.8181],[-3.9835,57.8423],[-3.9514,57.8383],[-3.9337,57.8256],[-3.9473,57.8126],[-3.9147,57.8076],[-3.7984,57.8665],[-3.7794,57.8556],[-3.7900,57.8307],[-3.9882,57.6959],[-4.0236,57.6978],[-4.0161,57.7233],[-4.0429,57.7372],[-4.1685,57.6894],[-4.2947,57.6801],[-4.3088,57.6548],[-4.4031,57.6095],[-4.4284,57.5775],[-4.2018,57.6749],[-4.0967,57.6581],[-4.0093,57.6885],[-4.0252,57.6552],[-4.1185,57.5929],[-4.1049,57.5792],[-4.1706,57.5707],[-4.1849,57.5481],[-4.2626,57.5520],[-4.2079,57.5383],[-4.2489,57.4974],[-4.1948,57.4916],[-4.0349,57.5568],[-4.0838,57.5861],[-3.8374,57.5929],[-3.6848,57.6544],[-3.6251,57.6619],[-3.6456,57.6414],[-3.5909,57.6414],[-3.6115,57.6681],[-3.5357,57.6619],[-3.5054,57.6786],[-3.4918,57.7131],[-3.4091,57.7233],[-3.2847,57.7204],[-3.2100,57.6939],[-3.0349,57.6686],[-2.9160,57.7028],[-2.7580,57.7028],[-2.7310,57.6885],[-2.6589,57.6974],[-2.5419,57.6823],[-2.5261,57.6686],[-2.4979,57.6823],[-2.4328,57.6681],[-2.3605,57.6823],[-2.3289,57.6740],[-2.2956,57.6959],[-2.2099,57.6755],[-2.1081,57.7049],[-1.9976,57.7028],[-1.9735,57.6755],[-1.9324,57.6823],[-1.8294,57.6134],[-1.8000,57.5258],[-1.7611,57.4974],[-1.7812,57.4804],[-1.7593,57.4735],[-1.8301,57.4261],[-1.8499,57.3943],[-1.9802,57.3192],[-2.0685,57.1746],[-2.0714,57.1355],[-2.0493,57.1188],[-2.1869,56.9846],[-2.2001,56.9487],[-2.1863,56.9145],[-2.2198,56.8726],[-2.3198,56.8015],[-2.4264,56.7512],[-2.4516,56.6909],[-2.4874,56.6538],[-2.4806,56.6265],[-2.5145,56.5914],[-2.6997,56.5036],[-2.7276,56.4695],[-3.0606,56.4517],[-3.2381,56.3677],[-3.3234,56.3659],[-3.2306,56.3560],[-2.8849,56.4579],[-2.8028,56.4279],[-2.8082,56.3910],[-2.8375,56.3659],[-2.8129,56.3659],[-2.8028,56.3454],[-2.6771,56.3284],[-2.5768,56.2839],[-2.6483,56.2287],[-2.8061,56.1883],[-2.8920,56.2088],[-2.9643,56.2056],[-3.1275,56.1228],[-3.1635,56.0638],[-3.3426,56.0271],[-3.6714,56.0508],[-3.8170,56.1122],[-3.8374,56.1064],[-3.7608,56.0724],[-3.7214,56.0307],[-3.6866,56.0307],[-3.6562,56.0101],[-3.5773,56.0170],[-3.4054,55.9897],[-3.3310,55.9940],[-3.3034,55.9776],[-3.1218,55.9693],[-3.0782,55.9468],[-2.9399,55.9693],[-2.8579,56.0101],[-2.8709,56.0307],[-2.8231,56.0597],[-2.6351,56.0580],[-2.5694,56.0244],[-2.5836,56.0027],[-2.5289,55.9965],[-2.5079,56.0101],[-2.3077,55.9350],[-2.1380,55.9146],[-2.1287,55.8897],[-2.0801,55.8693],[-2.0096,55.7908],[-1.8164,55.6328],[-1.7814,55.6456],[-1.7476,55.6192],[-1.7679,55.6129],[-1.6991,55.6129],[-1.6308,55.5851],[-1.6346,55.5643],[-1.6171,55.5502],[-1.6308,55.5372],[-1.6029,55.5236],[-1.6113,55.5080],[-1.5849,55.4837],[-1.5893,55.3765],[-1.5558,55.3113],[-1.5682,55.2796],[-1.5079,55.1946],[-1.5179,55.1571],[-1.4129,55.0003],[-1.3626,54.9647],[-1.3558,54.9042],[-1.2754,54.7484],[-1.1722,54.7012],[-1.1924,54.6892],[-1.1647,54.6527],[-1.2037,54.6257],[-1.1526,54.6131],[-1.1380,54.6465],[-1.1036,54.6246],[-0.7879,54.5607],[-0.5629,54.4773],[-0.5228,54.4470],[-0.5204,54.4200],[-0.4477,54.3731],[-0.4145,54.2973],[-0.3907,54.2835],[-0.3975,54.2691],[-0.3704,54.2477],[-0.2770,54.2177],[-0.2603,54.1769],[-0.2338,54.1604],[-0.0755,54.1121],[-0.1639,54.0834],[-0.2194,54.0227],[-0.1511,53.8993],[0.1334,53.6426],[0.1492,53.6096],[0.1311,53.5734],[0.1096,53.5628],[0.1359,53.6106],[0.1202,53.6181],[0.0345,53.6460],[-0.0450,53.6255],[-0.0922,53.6310],[-0.2603,53.7354],[-0.5444,53.7094],[-0.6370,53.7320],[-0.7264,53.7006],[-0.6924,53.6869],[-0.6774,53.7028],[-0.6195,53.7118],[-0.5299,53.6776],[-0.4863,53.6944],[-0.2793,53.7070],[-0.1886,53.6204],[-0.0959,53.5771],[-0.0466,53.5703],[0.0959,53.4883],[0.1518,53.4758],[0.1757,53.4376],[0.2194,53.4195],[0.2119,53.4126],[0.2561,53.3750],[0.3421,53.2263],[0.3566,53.1457],[0.3298,53.0864],[0.1608,53.0089],[0.0821,52.9386],[0.0221,52.9125],[0.0102,52.8864],[0.1056,52.8893],[0.1709,52.8621],[0.2467,52.7957],[0.3255,52.8031],[0.3845,52.7683],[0.3792,52.7908],[0.4386,52.8407],[0.4856,52.9334],[0.5695,52.9693],[0.6847,52.9863],[0.9684,52.9474],[1.0139,52.9601],[0.9660,52.9744],[1.2746,52.9291],[1.3960,52.8914],[1.6733,52.7556],[1.7472,52.6251],[1.7475,52.5327],[1.7711,52.4859],[1.6836,52.3245],[1.6305,52.2704],[1.6308,52.1997],[1.5822,52.0814],[1.4868,52.0490],[1.4720,52.0562],[1.4638,52.0351],[1.3435,51.9428],[1.2644,51.9943],[1.1578,52.0285],[1.2143,51.9914],[1.2707,51.9815],[1.2744,51.9608],[1.2057,51.9534],[1.1652,51.9670],[1.0691,51.9534],[1.2819,51.9466],[1.2784,51.9279],[1.1995,51.8776],[1.2644,51.864],[1.2866,51.8816],[1.2763,51.8447],[1.1678,51.7902],[1.0654,51.7752],[1.0372,51.7821],[0.9798,51.8435],[0.9620,51.8137],[0.8869,51.7821],[0.8737,51.7473],[0.6985,51.7200],[0.7607,51.6926],[0.9300,51.7435],[0.9455,51.7337],[0.9381,51.7063],[0.9518,51.6784],[0.9347,51.6358],[0.9114,51.6238],[0.9518,51.6170],[0.9244,51.5883],[0.7712,51.5282],[0.6505,51.5357],[0.5688,51.5083],[0.5527,51.5179],[0.4560,51.5055],[0.4284,51.4671],[0.3845,51.4530],[0.5348,51.4916],[0.6948,51.4770],[0.7231,51.4467],[0.6409,51.4441],[0.5545,51.4121],[0.5859,51.3910],[0.7129,51.3842],[0.7003,51.4098],[0.7264,51.4190],[0.7644,51.3644],[0.9772,51.3491],[1.1009,51.3732],[1.4482,51.3828],[1.4251,51.3329],[1.3776,51.3262],[1.4130,51.2217],[1.3844,51.1516],[1.3571,51.1310],[1.2181,51.1009],[1.1920,51.0825],[1.0669,51.0643],[0.9664,50.9827],[0.9798,50.9181],[0.9451,50.9093],[0.8022,50.9391],[0.7624,50.9308],[0.6241,50.8587],[0.3652,50.8189],[0.2710,50.7473],[0.1220,50.7608],[-0.1731,50.8290],[-0.2696,50.8312],[-0.3975,50.8020],[-0.5689,50.8020],[-0.7327,50.7672],[-0.7582,50.7770],[-0.7731,50.7660],[-0.7709,50.7368],[-0.7899,50.7300],[-0.9041,50.7718],[-0.9058,50.7880],[-0.8636,50.8082],[-0.9046,50.8293],[-0.9289,50.8228],[-0.9190,50.8361],[-0.9391,50.8432],[-1.0207,50.8436],[-1.0562,50.7830],[-1.0827,50.7809],[-1.1030,50.7954],[-1.0691,50.8436],[-1.1647,50.8436],[-1.1237,50.8187],[-1.1249,50.7887],[-1.1511,50.7813],[-1.4664,50.9181],[-1.3230,50.8257],[-1.3172,50.8002],[-1.4186,50.7883],[-1.4049,50.7747],[-1.4875,50.7577],[-1.5247,50.7610],[-1.5611,50.7189],[-1.6930,50.7399],[-1.7717,50.7201],[-1.8574,50.7269],[-1.9400,50.6908],[-1.9492,50.7133],[-2.0219,50.7201],[-2.0389,50.7399],[-2.0826,50.6989],[-2.0356,50.7133],[-2.0025,50.6813],[-1.9527,50.6765],[-1.9529,50.6518],[-1.9324,50.6444],[-1.9672,50.6170],[-1.9651,50.6022],[-2.0651,50.5955],[-2.1573,50.6205],[-2.3983,50.6455],[-2.4359,50.6375],[-2.4600,50.6065],[-2.4656,50.5851],[-2.4287,50.5575],[-2.4533,50.5276],[-2.4603,50.5654],[-2.4835,50.5903],[-2.6929,50.6928],[-2.8648,50.7337],[-3.2598,50.6745],[-3.2955,50.6375],[-3.3681,50.6170],[-3.4209,50.6294],[-3.4644,50.6785],[-3.4333,50.6102],[-3.4817,50.5685],[-3.5059,50.5208],[-3.4874,50.4594],[-3.5321,50.4547],[-3.5562,50.4321],[-3.5493,50.4155],[-3.4874,50.4047],[-3.5269,50.3497],[-3.5705,50.3563],[-3.5777,50.3340],[-3.6319,50.3123],[-3.6533,50.2510],[-3.6456,50.2260],[-3.6606,50.2210],[-3.7889,50.2123],[-3.9610,50.3222],[-4.0329,50.2949],[-4.0543,50.3003],[-4.0702,50.3092],[-4.0640,50.3222],[-4.1082,50.3366],[-4.1187,50.3518],[-4.1049,50.3706],[-4.1527,50.3706],[-4.1838,50.4010],[-4.1914,50.4176],[-4.1595,50.4594],[-4.2005,50.4594],[-4.2347,50.4383],[-4.2161,50.4157],[-4.2285,50.3973]]],[[[-4.6764,51.1931],[-4.6634,51.1648],[-4.6704,51.1601],[-4.6764,51.1931]]],[[[-4.6325,53.2829],[-4.6766,53.2851],[-4.6939,53.3096],[-4.6673,53.3239],[-4.6188,53.3170],[-4.5809,53.2854],[-4.5636,53.2419],[-4.6024,53.2530],[-4.6325,53.2829]]],[[[-5.2630,55.4472],[-5.3456,55.4826],[-5.3593,55.5304],[-5.3456,55.5502],[-5.3978,55.6142],[-5.3793,55.6681],[-5.3243,55.7050],[-5.2905,55.7085],[-5.2973,55.7228],[-5.1983,55.7043],[-5.1599,55.6762],[-5.1259,55.6055],[-5.1374,55.5920],[-5.0942,55.5665],[-5.0918,55.5441],[-5.1252,55.5369],[-5.1197,55.5236],[-5.0707,55.5093],[-5.0930,55.5004],[-5.0782,55.4553],[-5.0920,55.4461],[-5.1635,55.4348],[-5.2630,55.4472]]],[[[-6.0235,55.6818],[-6.1319,55.6318],[-6.2153,55.6266],[-6.2269,55.6017],[-6.2873,55.5784],[-6.3111,55.5832],[-6.3192,55.6282],[-6.2432,55.6601],[-6.2770,55.7040],[-6.3251,55.7153],[-6.3209,55.7334],[-6.2499,55.7768],[-6.3004,55.7857],[-6.3490,55.7734],[-6.3865,55.7223],[-6.4629,55.6744],[-6.5035,55.6813],[-6.4896,55.7153],[-6.5038,55.7228],[-6.4486,55.7768],[-6.4821,55.7904],[-6.4608,55.8032],[-6.4452,55.8488],[-6.3313,55.8899],[-6.3183,55.8867],[-6.3382,55.8457],[-6.3109,55.8184],[-6.3184,55.8449],[-6.2969,55.8671],[-6.1401,55.9413],[-6.1202,55.9294],[-6.0992,55.8010],[-6.0497,55.7663],[-6.0582,55.7427],[-6.0303,55.7290],[-6.0235,55.6818]]],[[[-5.1259,55.8010],[-5.1396,55.8419],[-5.1806,55.8627],[-5.1995,55.9110],[-5.1669,55.9208],[-5.0809,55.8795],[-5.0218,55.8056],[-5.0114,55.7744],[-5.0297,55.7494],[-5.0093,55.7293],[-5.0287,55.7233],[-5.1259,55.8010]]],[[[-5.7402,56.0764],[-5.8863,55.8867],[-5.9454,55.8585],[-5.9620,55.8047],[-6.0266,55.7960],[-6.0624,55.8094],[-6.0869,55.8829],[-6.0751,55.9159],[-5.9974,55.9517],[-5.8863,55.9761],[-5.9807,55.9699],[-5.9955,55.9860],[-5.9551,56.0347],[-5.7464,56.1417],[-5.6944,56.1474],[-5.6893,56.1117],[-5.7402,56.0764]]],[[[-6.1380,56.1247],[-6.1743,56.0437],[-6.2698,56.0375],[-6.2057,56.1027],[-6.1743,56.1064],[-6.1817,56.1194],[-6.1380,56.1247]]],[[[-5.6808,56.1945],[-5.6736,56.1789],[-5.6942,56.1686],[-5.7491,56.1610],[-5.7222,56.1870],[-5.6808,56.1945]]],[[[-5.6374,56.1892],[-5.6666,56.2224],[-5.6453,56.2559],[-5.6126,56.2634],[-5.6374,56.1892]]],[[[-5.6402,56.2827],[-5.6331,56.3187],[-5.5846,56.3255],[-5.6053,56.2969],[-5.5989,56.2839],[-5.6402,56.2827]]],[[[-5.5846,56.3870],[-5.5579,56.4142],[-5.5027,56.4211],[-5.5579,56.3864],[-5.5846,56.3870]]],[[[-5.7278,56.4142],[-5.7839,56.3659],[-5.7122,56.3801],[-5.6959,56.3754],[-5.7027,56.3645],[-5.8087,56.3189],[-5.8801,56.3255],[-5.8535,56.3436],[-5.8726,56.3577],[-6.0659,56.2892],[-6.1023,56.2982],[-6.2398,56.2839],[-6.2668,56.2634],[-6.3275,56.2772],[-6.3661,56.3221],[-6.3102,56.3473],[-6.2472,56.3116],[-6.2289,56.3255],[-6.2499,56.3323],[-6.0849,56.3528],[-6.0208,56.3820],[-6.1540,56.3589],[-6.2032,56.3803],[-6.1572,56.4073],[-6.1265,56.4484],[-6.0098,56.4695],[-6.0032,56.4894],[-6.0166,56.5036],[-6.1274,56.4743],[-6.1743,56.5166],[-6.3382,56.5520],[-6.2903,56.5719],[-6.3251,56.6061],[-6.2562,56.6203],[-6.2302,56.6085],[-6.2202,56.6322],[-6.1512,56.6518],[-6.0582,56.6402],[-6.0644,56.6203],[-6.0087,56.5987],[-5.9625,56.5261],[-5.7943,56.5166],[-5.7566,56.4900],[-5.7103,56.4848],[-5.6808,56.4518],[-5.6484,56.4477],[-5.6535,56.4279],[-5.6883,56.4348],[-5.6576,56.4000],[-5.6703,56.3937],[-5.7174,56.3973],[-5.7278,56.4142]]],[[[-6.2153,56.5036],[-6.1600,56.4695],[-6.2636,56.4832],[-6.2153,56.5036]]],[[[-6.7292,56.5303],[-6.8875,56.4621],[-6.8815,56.4442],[-6.9024,56.4437],[-6.9651,56.4598],[-6.9898,56.5036],[-6.7672,56.5485],[-6.7418,56.5478],[-6.7292,56.5303]]],[[[-6.6163,56.5751],[-6.6689,56.5777],[-6.6778,56.5582],[-6.7018,56.5856],[-6.6481,56.6028],[-6.5592,56.6652],[-6.4525,56.6884],[-6.4972,56.6343],[-6.6163,56.5751]]],[[[-6.3418,56.9418],[-6.3761,56.9711],[-6.4554,57.0039],[-6.3642,57.0556],[-6.3251,57.0585],[-6.2509,57.0265],[-6.2698,57.0175],[-6.2432,57.0101],[-6.2760,56.9531],[-6.3418,56.9418]]],[[[-7.3735,56.9828],[-7.4608,56.9431],[-7.5567,56.9530],[-7.5165,56.9811],[-7.5243,57.0101],[-7.4571,57.0315],[-7.4492,57.0585],[-7.4144,57.0449],[-7.4349,57.0238],[-7.3939,57.0101],[-7.3735,56.9828]]],[[[-6.4896,57.0585],[-6.6063,57.0517],[-6.5374,57.0728],[-6.4896,57.0585]]],[[[-7.1954,57.3056],[-7.2761,57.2317],[-7.3530,57.2429],[-7.2710,57.2162],[-7.2577,57.1797],[-7.2710,57.1479],[-7.3076,57.1558],[-7.3461,57.1479],[-7.2772,57.1479],[-7.2158,57.1138],[-7.2391,57.1005],[-7.3216,57.1099],[-7.3530,57.0995],[-7.3906,57.1290],[-7.4166,57.1815],[-7.4144,57.2162],[-7.4554,57.2367],[-7.3897,57.3119],[-7.4281,57.3876],[-7.3530,57.4080],[-7.2635,57.3739],[-7.2984,57.3670],[-7.2226,57.3397],[-7.2503,57.3318],[-7.3710,57.3876],[-7.3939,57.3807],[-7.3704,57.3551],[-7.1954,57.3056]]],[[[-5.9848,57.2904],[-6.0139,57.3174],[-5.9557,57.3216],[-5.9254,57.2916],[-5.9848,57.2904]]],[[[-6.7224,57.4564],[-6.7471,57.4879],[-6.7263,57.5114],[-6.6068,57.4439],[-6.6125,57.4626],[-6.5994,57.4694],[-6.6306,57.5017],[-6.5641,57.5036],[-6.5993,57.5375],[-6.6547,57.5520],[-6.6310,57.5768],[-6.6404,57.6073],[-6.5722,57.5825],[-6.5545,57.5524],[-6.4649,57.5125],[-6.4207,57.5178],[-6.4434,57.4881],[-6.4002,57.5209],[-6.3109,57.4626],[-6.3246,57.4968],[-6.3895,57.5524],[-6.3598,57.5929],[-6.4002,57.5997],[-6.4156,57.6458],[-6.3109,57.7028],[-6.1538,57.5895],[-6.1333,57.4762],[-6.1469,57.4251],[-6.1879,57.3943],[-6.1265,57.4080],[-6.1179,57.3977],[-6.1401,57.3739],[-6.1352,57.3573],[-6.0992,57.3323],[-6.1538,57.3056],[-6.0454,57.3082],[-6.0781,57.2776],[-6.0084,57.2867],[-5.9232,57.2669],[-5.9006,57.2429],[-5.7678,57.2774],[-5.6473,57.2646],[-5.6629,57.2127],[-5.6909,57.1895],[-5.7820,57.1662],[-5.8003,57.1237],[-5.9349,57.0412],[-6.0067,57.0283],[-6.0303,57.0449],[-6.0272,57.0621],[-5.9869,57.1182],[-5.9415,57.1547],[-5.8453,57.1883],[-5.9862,57.1746],[-6.0440,57.2299],[-6.0235,57.1957],[-6.0886,57.1274],[-6.1129,57.1883],[-6.1644,57.2013],[-6.1743,57.1957],[-6.1598,57.1876],[-6.1771,57.1812],[-6.3183,57.1610],[-6.2767,57.2019],[-6.3456,57.1883],[-6.3797,57.2230],[-6.3456,57.2429],[-6.4081,57.2433],[-6.4821,57.3118],[-6.4164,57.3345],[-6.3109,57.2981],[-6.3238,57.3114],[-6.4061,57.3515],[-6.4629,57.3465],[-6.4486,57.3602],[-6.4759,57.3670],[-6.4629,57.3739],[-6.4788,57.3819],[-6.4759,57.4011],[-6.5237,57.3807],[-6.5306,57.4154],[-6.5715,57.3876],[-6.5641,57.3465],[-6.5805,57.3388],[-6.6959,57.3644],[-6.7316,57.4169],[-6.7731,57.4340],[-6.7838,57.4564],[-6.7224,57.4564]]],[[[-6.0166,57.4626],[-6.0258,57.4962],[-5.9955,57.4899],[-6.0098,57.5110],[-5.9825,57.4974],[-6.0176,57.4181],[-6.0166,57.3876],[-5.9894,57.3473],[-6.0547,57.3264],[-6.0719,57.3323],[-6.0754,57.3550],[-6.0690,57.4361],[-6.0616,57.4527],[-6.0166,57.4626]]],[[[-7.3696,57.4893],[-7.2021,57.4626],[-7.2635,57.4489],[-7.2054,57.4186],[-7.3182,57.4080],[-7.4076,57.4456],[-7.3696,57.4893]]],[[[-5.9686,57.5765],[-5.9551,57.5724],[-5.9682,57.5178],[-5.9899,57.5329],[-5.9686,57.5765]]],[[[-7.0991,57.6073],[-7.1711,57.6414],[-7.2158,57.6414],[-7.1972,57.6312],[-7.2021,57.6134],[-7.1644,57.6099],[-7.1542,57.5873],[-7.1060,57.5929],[-7.1499,57.5617],[-7.2363,57.5520],[-7.2567,57.5724],[-7.3120,57.5520],[-7.2400,57.5445],[-7.1813,57.5539],[-7.1339,57.5383],[-7.1575,57.5110],[-7.2363,57.5036],[-7.3146,57.5145],[-7.3461,57.5445],[-7.3182,57.5520],[-7.4423,57.5792],[-7.4708,57.5672],[-7.5448,57.5929],[-7.4765,57.6619],[-7.3871,57.6619],[-7.4144,57.6482],[-7.3965,57.6353],[-7.3120,57.6885],[-7.3325,57.6619],[-7.2567,57.6482],[-7.2772,57.6619],[-7.1817,57.6885],[-7.1653,57.6698],[-7.1891,57.6550],[-7.0926,57.6520],[-7.0650,57.6339],[-7.0991,57.6073]]],[[[-13.6885,57.5962],[-13.6904,57.5978],[-13.6876,57.5971],[-13.6885,57.5962]]],[[[-7.1520,57.7263],[-7.1989,57.7079],[-7.2226,57.7096],[-7.1801,57.7346],[-7.1520,57.7263]]],[[[-8.6210,57.8331],[-8.5522,57.8189],[-8.5908,57.8047],[-8.6210,57.8331]]],[[[-7.0377,57.9163],[-6.9973,57.9151],[-6.9970,57.8935],[-7.0445,57.9020],[-7.0793,57.8803],[-7.0793,57.8946],[-7.0377,57.9163]]],[[[-7.1250,57.8369],[-7.0969,57.8380],[-7.0793,57.8126],[-6.9848,57.8648],[-6.9141,57.8679],[-6.9625,57.8946],[-6.8817,57.9142],[-6.8322,57.9020],[-6.8658,57.9213],[-6.8391,57.9356],[-7.0097,57.9552],[-7.1127,57.9902],[-7.0519,58.0113],[-7.0582,58.0249],[-6.9346,58.0523],[-7.0582,58.0386],[-7.0240,58.0523],[-7.0519,58.0585],[-7.0240,58.0795],[-7.0755,58.0622],[-7.1264,58.1239],[-7.0930,58.1684],[-7.1127,58.1820],[-7.0172,58.1894],[-7.0582,58.2133],[-7.0308,58.2446],[-6.9073,58.2167],[-6.9370,58.2110],[-6.8596,58.1068],[-6.8596,58.1348],[-6.8875,58.1684],[-6.8694,58.1894],[-6.7984,58.2023],[-6.7366,58.1684],[-6.7093,58.1894],[-6.7429,58.2031],[-6.7571,58.2304],[-6.7838,58.2304],[-6.8118,58.2645],[-6.7912,58.2713],[-6.8185,58.2851],[-6.7155,58.3396],[-6.5574,58.3685],[-6.2674,58.5120],[-6.2230,58.4992],[-6.1699,58.4299],[-6.2153,58.3676],[-6.1674,58.3465],[-6.3178,58.2682],[-6.3183,58.2446],[-6.3661,58.2372],[-6.3477,58.2211],[-6.2709,58.2164],[-6.1507,58.2583],[-6.1674,58.2304],[-6.1600,58.2167],[-6.2335,58.1842],[-6.4002,58.2099],[-6.3661,58.1620],[-6.3729,58.1410],[-6.4896,58.1000],[-6.5237,58.1068],[-6.6193,58.0864],[-6.5812,58.0790],[-6.4070,58.1068],[-6.3839,58.0917],[-6.3661,58.0585],[-6.4002,58.0454],[-6.3524,58.0386],[-6.4008,58.0073],[-6.5506,58.0100],[-6.4554,57.9765],[-6.4896,57.9430],[-6.5510,57.9430],[-6.5374,57.9213],[-6.5598,57.9152],[-6.6298,57.9567],[-6.6193,57.9151],[-6.6609,57.9287],[-6.7093,58.0038],[-6.6658,58.0446],[-6.5920,58.0585],[-6.6883,58.0585],[-6.6926,58.0409],[-6.7640,58.0038],[-6.6739,57.9287],[-6.6956,57.9213],[-6.6677,57.9082],[-6.6609,57.8803],[-6.7776,57.9020],[-6.8055,57.8803],[-6.7640,57.8679],[-6.7419,57.8314],[-6.7912,57.8257],[-6.7838,57.8126],[-6.8526,57.8331],[-6.8391,57.8126],[-6.8875,57.7848],[-6.8732,57.7779],[-6.9735,57.7333],[-7.1127,57.8158],[-7.1250,57.8369]]],[[[-6.8611,58.2533],[-6.7912,58.2099],[-6.8732,58.2099],[-6.8596,58.2230],[-6.8862,58.2476],[-6.8611,58.2533]]],[[[-4.1955,53.2202],[-4.2220,53.1821],[-4.2801,53.1549],[-4.3543,53.1299],[-4.4128,53.1320],[-4.4119,53.1555],[-4.3851,53.1824],[-4.4475,53.1594],[-4.4953,53.1798],[-4.4996,53.2112],[-4.5710,53.2754],[-4.5586,53.3633],[-4.5710,53.3927],[-4.4253,53.4267],[-4.3246,53.4195],[-4.2767,53.4010],[-4.2669,53.3689],[-4.2347,53.3580],[-4.2032,53.2984],[-4.1219,53.3170],[-4.0428,53.3028],[-4.0980,53.2501],[-4.1955,53.2202]]],[[[-3.2993,58.7791],[-3.3787,58.8535],[-3.3787,58.8740],[-3.4301,58.8748],[-3.4163,58.9082],[-3.3371,58.9286],[-3.2460,58.8961],[-3.1931,58.8535],[-3.2073,58.8399],[-3.1727,58.8200],[-3.2484,58.7921],[-3.1317,58.8064],[-3.1563,58.7867],[-3.2993,58.7791]]],[[[-2.8080,58.8880],[-2.9150,58.8991],[-2.9811,58.9601],[-3.0238,58.9404],[-3.0845,58.9430],[-3.0703,58.9286],[-3.1180,58.9157],[-3.2027,58.9159],[-3.2385,58.9509],[-3.2073,59.0050],[-3.2278,59.0385],[-3.2458,59.0305],[-3.2409,59.0112],[-3.2757,59.0112],[-3.2569,58.9783],[-3.2653,58.9691],[-3.2894,58.9503],[-3.3232,58.9571],[-3.3666,59.0160],[-3.3439,59.0528],[-3.3502,59.0979],[-3.3238,59.1274],[-3.2792,59.1435],[-3.1827,59.1471],[-3.1215,59.1239],[-3.0845,59.1279],[-3.0491,59.1081],[-3.0703,59.1012],[-2.9944,59.0733],[-3.0081,59.0665],[-2.9944,59.0597],[-3.0628,59.0494],[-3.0909,59.0187],[-3.1317,59.0050],[-3.0597,58.9914],[-3.0119,59.0174],[-2.9744,58.9990],[-2.9330,59.0112],[-2.8953,58.9910],[-2.8784,58.9982],[-2.8853,58.9771],[-2.8647,58.9748],[-2.7806,58.9903],[-2.7818,58.9739],[-2.8375,58.9503],[-2.7947,58.9260],[-2.7753,58.9286],[-2.7959,58.9566],[-2.7136,58.9668],[-2.7147,58.9254],[-2.7850,58.9107],[-2.8080,58.8880]]],[[[-3.0480,59.1948],[-3.0355,59.1831],[-2.9524,59.1781],[-2.9771,59.1633],[-2.9752,59.1337],[-3.0047,59.1279],[-3.0655,59.1336],[-3.1146,59.1583],[-3.1204,59.1765],[-3.1024,59.1902],[-3.0480,59.1948]]],[[[-2.9263,58.7791],[-2.9110,58.7486],[-2.9399,58.7306],[-2.9877,58.7573],[-2.9743,58.7720],[-3.0156,58.8126],[-2.9671,58.8200],[-3.0355,58.8263],[-2.9529,58.8399],[-2.8836,58.8321],[-2.9194,58.8064],[-2.9139,58.7848],[-2.9263,58.7791]]],[[[-2.5994,59.0958],[-2.6518,59.1012],[-2.6491,59.0855],[-2.6861,59.0891],[-2.6177,59.1279],[-2.6655,59.1552],[-2.6115,59.1614],[-2.6177,59.1484],[-2.5900,59.1488],[-2.5694,59.1422],[-2.5928,59.1385],[-2.5836,59.1205],[-2.5352,59.1279],[-2.5484,59.1090],[-2.5147,59.0938],[-2.5973,59.0733],[-2.5994,59.0958]]],[[[-2.7879,59.2472],[-2.7610,59.2521],[-2.7686,59.2378],[-2.7276,59.2241],[-2.7610,59.1931],[-2.7589,59.1642],[-2.7344,59.1484],[-2.7813,59.1414],[-2.8016,59.1681],[-2.8300,59.1757],[-2.8300,59.1968],[-2.7859,59.1968],[-2.7879,59.2472]]],[[[-2.4669,59.2682],[-2.5147,59.2304],[-2.5162,59.2521],[-2.5768,59.2241],[-2.5694,59.2446],[-2.6041,59.2446],[-2.6926,59.1922],[-2.6879,59.2179],[-2.5955,59.2648],[-2.5911,59.2787],[-2.6115,59.2930],[-2.5221,59.3067],[-2.5768,59.2713],[-2.5632,59.2650],[-2.4048,59.3163],[-2.3924,59.2854],[-2.4669,59.2682]]],[[[-2.9651,59.3609],[-2.9463,59.3495],[-2.9639,59.3402],[-2.9603,59.3265],[-2.9877,59.3197],[-2.8954,59.3029],[-2.8300,59.2521],[-2.8853,59.2304],[-2.8709,59.2582],[-2.9474,59.2912],[-2.9746,59.2930],[-2.9603,59.2713],[-3.0081,59.2713],[-3.0770,59.3340],[-3.0081,59.3340],[-2.9651,59.3609]]],[[[-1.1563,50.6507],[-1.1684,50.6034],[-1.2792,50.5825],[-1.4859,50.6693],[-1.5694,50.6580],[-1.5059,50.7077],[-1.4186,50.7337],[-1.4253,50.7201],[-1.4008,50.7219],[-1.2957,50.7731],[-1.1091,50.7328],[-1.0623,50.6928],[-1.1563,50.6507]]],[[[-1.5831,59.5599],[-1.6104,59.5394],[-1.5967,59.5320],[-1.6454,59.5141],[-1.6436,59.5456],[-1.5831,59.5599]]],[[[-1.3390,60.0438],[-1.3346,60.0763],[-1.3538,60.0512],[-1.3698,60.0491],[-1.3380,60.0934],[-1.3456,60.1089],[-1.3158,60.1154],[-1.3233,60.0882],[-1.3047,60.0865],[-1.3390,60.0438]]],[[[-2.1122,60.1380],[-2.0532,60.1555],[-2.0480,60.1292],[-2.0629,60.1179],[-2.1122,60.1380]]],[[[-1.1175,60.3739],[-1.0814,60.3962],[-1.0623,60.3854],[-1.0791,60.3550],[-1.1722,60.3476],[-1.0753,60.3209],[-1.1379,60.2907],[-1.1343,60.2755],[-1.0897,60.2725],[-1.1478,60.2488],[-1.1926,60.2725],[-1.1851,60.2451],[-1.2193,60.2383],[-1.1790,60.2321],[-1.1994,60.2042],[-1.1578,60.2246],[-1.1926,60.1763],[-1.1551,60.1925],[-1.1439,60.1875],[-1.1578,60.1701],[-1.1237,60.1496],[-1.1994,60.1290],[-1.1898,60.1133],[-1.2132,60.1073],[-1.1851,60.0943],[-1.2022,60.0830],[-1.1928,60.0698],[-1.1647,60.0602],[-1.1851,60.0382],[-1.2193,60.0397],[-1.1926,59.9975],[-1.2012,59.9863],[-1.2473,59.9975],[-1.2452,59.9557],[-1.2745,59.9298],[-1.2634,59.9071],[-1.2745,59.8820],[-1.2609,59.8664],[-1.2745,59.8541],[-1.2950,59.8746],[-1.3111,59.8655],[-1.3014,59.8889],[-1.3759,59.9086],[-1.3557,59.9454],[-1.3229,59.9509],[-1.3497,59.9776],[-1.3229,59.9776],[-1.3287,59.9955],[-1.2626,60.1150],[-1.2677,60.1421],[-1.2888,60.1558],[-1.2693,60.1854],[-1.3124,60.1806],[-1.2677,60.2451],[-1.2869,60.2462],[-1.3292,60.2042],[-1.3576,60.2443],[-1.4111,60.2588],[-1.3497,60.2110],[-1.3565,60.1967],[-1.3981,60.2110],[-1.4046,60.1795],[-1.4186,60.1906],[-1.4554,60.1561],[-1.5272,60.1929],[-1.4664,60.2172],[-1.5036,60.2433],[-1.5250,60.2123],[-1.5482,60.2297],[-1.6246,60.2172],[-1.6697,60.2395],[-1.6901,60.2851],[-1.6387,60.3114],[-1.5484,60.2929],[-1.5558,60.3066],[-1.5209,60.2997],[-1.5284,60.3134],[-1.4814,60.3164],[-1.4664,60.2787],[-1.4459,60.2862],[-1.4595,60.3066],[-1.4227,60.3261],[-1.3742,60.3084],[-1.3640,60.2862],[-1.3360,60.3066],[-1.3640,60.3209],[-1.3434,60.3476],[-1.2603,60.3550],[-1.3375,60.3744],[-1.3434,60.3959],[-1.3734,60.3810],[-1.3950,60.3899],[-1.3844,60.4233],[-1.4390,60.4308],[-1.4459,60.4922],[-1.4800,60.4574],[-1.4990,60.4690],[-1.4800,60.4854],[-1.6093,60.4833],[-1.5861,60.5121],[-1.5558,60.5121],[-1.5269,60.5568],[-1.4550,60.5088],[-1.3844,60.5121],[-1.4800,60.5393],[-1.4527,60.5673],[-1.4111,60.5803],[-1.4253,60.5878],[-1.4186,60.6083],[-1.3668,60.6122],[-1.3155,60.5940],[-1.3239,60.6213],[-1.3014,60.6430],[-1.2921,60.5995],[-1.3087,60.5878],[-1.3014,60.5648],[-1.3360,60.5331],[-1.3155,60.5331],[-1.3360,60.5257],[-1.3155,60.5189],[-1.3360,60.4854],[-1.2950,60.4922],[-1.3087,60.4574],[-1.3702,60.4021],[-1.3229,60.4096],[-1.3243,60.4277],[-1.2969,60.4379],[-1.2336,60.4437],[-1.2950,60.4711],[-1.2719,60.4842],[-1.2603,60.4649],[-1.2175,60.4979],[-1.1862,60.4822],[-1.1926,60.4711],[-1.1699,60.4631],[-1.1517,60.4308],[-1.2241,60.4114],[-1.1654,60.4120],[-1.1517,60.3885],[-1.1034,60.4308],[-1.0970,60.4164],[-1.0727,60.4445],[-1.0344,60.4506],[-1.1192,60.3913],[-1.1175,60.3739]]],[[[-0.9725,50.8297],[-0.9503,50.8237],[-0.9598,50.8020],[-0.9388,50.7809],[-1.0207,50.7883],[-0.9725,50.8297]]],[[[-1.1222,60.1231],[-1.1192,60.1555],[-1.1349,60.1786],[-1.0794,60.1883],[-1.0699,60.1642],[-1.0505,60.1696],[-1.0738,60.1077],[-1.1222,60.1231]]],[[[-1.0289,60.3456],[-1.0064,60.3689],[-0.9126,60.3867],[-0.9759,60.3403],[-1.0152,60.3341],[-1.0289,60.3456]]],[[[-0.8704,60.5803],[-0.8561,60.5673],[-0.8835,60.5705],[-0.9388,60.6287],[-0.8221,60.6287],[-0.8090,60.6083],[-0.7691,60.6131],[-0.7547,60.5989],[-0.7852,60.5763],[-0.8704,60.5803]]],[[[-1.0623,60.6629],[-1.0139,60.6151],[-1.0691,60.6151],[-1.0110,60.5777],[-1.0225,60.5556],[-1.0418,60.5530],[-1.0237,60.5029],[-1.1006,60.5150],[-1.0970,60.4922],[-1.1538,60.5083],[-1.1800,60.6246],[-1.1713,60.6459],[-1.1380,60.6492],[-1.1301,60.6193],[-1.1034,60.6151],[-1.1237,60.6598],[-1.1039,60.7257],[-0.9934,60.7311],[-0.9857,60.6459],[-0.9934,60.6356],[-1.0623,60.6629]]],[[[-0.9432,60.7260],[-0.9524,60.7523],[-0.9261,60.7695],[-0.9388,60.8001],[-0.9041,60.8139],[-0.8815,60.8450],[-0.8561,60.8239],[-0.8883,60.7897],[-0.8531,60.8035],[-0.8221,60.8478],[-0.7639,60.8254],[-0.7607,60.8131],[-0.7879,60.8069],[-0.7607,60.8001],[-0.8084,60.7786],[-0.8016,60.7591],[-0.8214,60.7585],[-0.8016,60.7448],[-0.8500,60.7181],[-0.8218,60.6850],[-0.8364,60.6765],[-0.9661,60.6901],[-0.9661,60.7250],[-0.9432,60.7260]]],[[[0.7338,51.4121],[0.7669,51.4479],[0.9005,51.4175],[0.9421,51.3830],[0.9114,51.3644],[0.7947,51.3705],[0.7338,51.4121]]]]}},{"type":"Feature","properties":{"zone":"IE_SEM","eic":"10Y1001A1001A59C","name":"Ireland (SEM) BZ / MBA","country":"IE"},"geometry":{"type":"MultiPolygon","coordinates":[[[[-9.9026,51.6143],[-9.9155,51.6290],[-9.8816,51.6410],[-9.7993,51.6367],[-9.9026,51.6143]]],[[[-10.4058,51.8841],[-10.4290,51.8898],[-10.3516,51.9311],[-10.2976,51.9184],[-10.4058,51.8841]]],[[[-9.8114,53.1376],[-9.6710,53.1305],[-9.6715,53.1091],[-9.6424,53.0938],[-9.7787,53.1234],[-9.8114,53.1376]]],[[[-9.7200,53.2660],[-9.6714,53.2807],[-9.6383,53.2510],[-9.6923,53.2263],[-9.7200,53.2660]]],[[[-6.2698,54.0979],[-6.1265,54.0302],[-6.1109,54.0012],[-6.1607,53.9744],[-6.3598,54.0160],[-6.3478,54.0036],[-6.3729,53.9644],[-6.3789,53.9168],[-6.3508,53.8814],[-6.2432,53.8651],[-6.2549,53.8222],[-6.2227,53.7962],[-6.2484,53.7557],[-6.2298,53.6565],[-6.1697,53.6056],[-6.0923,53.5771],[-6.0773,53.5546],[-6.0815,53.5259],[-6.1333,53.4610],[-6.1583,53.4728],[-6.1948,53.4610],[-6.1306,53.4426],[-6.1129,53.4126],[-6.1265,53.3989],[-6.0508,53.3854],[-6.0620,53.3673],[-6.1323,53.3915],[-6.2181,53.3471],[-6.1551,53.2993],[-6.0969,53.2855],[-6.1048,53.2294],[-6.0710,53.1842],[-6.0781,53.1662],[-6.0303,53.1110],[-6.0516,53.0092],[-5.9935,52.9574],[-6.0379,52.9196],[-6.0644,52.8645],[-6.1301,52.8159],[-6.1538,52.7683],[-6.1478,52.7461],[-6.2153,52.6659],[-6.2090,52.5458],[-6.3561,52.4090],[-6.3661,52.3444],[-6.3900,52.3588],[-6.4688,52.3600],[-6.4629,52.3779],[-6.4964,52.3643],[-6.4561,52.3358],[-6.4549,52.3122],[-6.4237,52.3079],[-6.4091,52.2892],[-6.3729,52.3226],[-6.3897,52.2956],[-6.3183,52.2407],[-6.3698,52.1799],[-6.3994,52.1854],[-6.3823,52.2119],[-6.4256,52.1937],[-6.4691,52.1935],[-6.4486,52.1997],[-6.4725,52.2069],[-6.5797,52.1782],[-6.7155,52.2166],[-6.8055,52.2128],[-6.7640,52.2612],[-6.7929,52.2404],[-6.8322,52.2407],[-6.8391,52.2128],[-6.8185,52.2203],[-6.8322,52.1935],[-6.8185,52.1861],[-6.9321,52.1246],[-6.9489,52.1309],[-6.9037,52.1721],[-6.9210,52.2128],[-6.9701,52.2473],[-6.9973,52.2892],[-6.9694,52.2203],[-6.9799,52.1859],[-6.9551,52.1793],[-7.0172,52.1383],[-7.1060,52.1309],[-7.0718,52.1657],[-7.1063,52.173],[-7.1202,52.1657],[-7.1060,52.1520],[-7.1496,52.1563],[-7.1873,52.1327],[-7.4354,52.1256],[-7.5652,52.0837],[-7.5826,52.1042],[-7.5999,52.1010],[-7.6310,52.0790],[-7.6273,52.0626],[-7.6021,52.0716],[-7.5451,52.0549],[-7.5826,52.0285],[-7.5899,51.9911],[-7.7092,51.9738],[-7.7232,51.9445],[-7.8293,51.9534],[-7.8498,51.9801],[-7.8698,51.9295],[-7.9222,51.9118],[-7.8806,51.8919],[-7.8914,51.8819],[-8.0081,51.8557],[-8.0230,51.8435],[-8.0041,51.8299],[-8.0205,51.8239],[-8.2462,51.8027],[-8.2232,51.8236],[-8.2300,51.8367],[-8.1754,51.8571],[-8.2027,51.864],[-8.1870,51.8931],[-8.2101,51.8845],[-8.2932,51.9033],[-8.4293,51.8845],[-8.3292,51.8613],[-8.3474,51.8299],[-8.2983,51.8299],[-8.3051,51.8162],[-8.2921,51.8100],[-8.3194,51.8025],[-8.2846,51.8025],[-8.3051,51.7821],[-8.2973,51.7660],[-8.3456,51.7246],[-8.4355,51.6926],[-8.4839,51.7138],[-8.4641,51.6950],[-8.4839,51.6784],[-8.4911,51.6986],[-8.5124,51.7060],[-8.5584,51.7063],[-8.4975,51.6926],[-8.5391,51.6483],[-8.5317,51.6107],[-8.5726,51.6449],[-8.7576,51.6449],[-8.6900,51.6312],[-8.7029,51.6170],[-8.6825,51.6107],[-8.6997,51.5972],[-8.6961,51.5766],[-8.8538,51.5959],[-8.8880,51.5555],[-8.9331,51.5353],[-8.9911,51.5629],[-9.0728,51.5493],[-9.1207,51.5629],[-9.1077,51.5493],[-9.1157,51.5379],[-9.1925,51.5246],[-9.1896,51.5083],[-9.2237,51.4872],[-9.2647,51.4872],[-9.2721,51.5083],[-9.3492,51.4740],[-9.3814,51.4736],[-9.3466,51.5009],[-9.3768,51.4946],[-9.3199,51.5350],[-9.3274,51.5425],[-9.4018,51.5009],[-9.4138,51.5111],[-9.4018,51.5459],[-9.4432,51.5595],[-9.4565,51.5555],[-9.4479,51.5436],[-9.5474,51.5252],[-9.5563,51.5081],[-9.6113,51.4938],[-9.6559,51.5201],[-9.7171,51.4804],[-9.7035,51.4736],[-9.8202,51.4457],[-9.8133,51.4736],[-9.8338,51.4872],[-9.5458,51.6107],[-9.5920,51.6137],[-9.7850,51.5524],[-9.8475,51.5493],[-9.5945,51.6555],[-9.4586,51.6839],[-9.4429,51.7200],[-9.5254,51.7268],[-9.5254,51.7473],[-9.5602,51.7616],[-9.5458,51.7200],[-9.6268,51.6850],[-9.8741,51.6561],[-10.0287,51.5965],[-10.1628,51.5902],[-10.1433,51.6135],[-10.0598,51.6312],[-10.0706,51.6570],[-10.1008,51.6592],[-10.0881,51.6716],[-10.0037,51.6780],[-9.9568,51.7063],[-9.9977,51.7138],[-9.9807,51.7318],[-9.8885,51.7616],[-9.9022,51.7411],[-9.8679,51.7486],[-9.8544,51.7752],[-9.7855,51.7685],[-9.8133,51.7882],[-9.7376,51.8367],[-9.6710,51.8430],[-9.5807,51.8776],[-9.7580,51.8469],[-9.8638,51.8042],[-9.8748,51.8025],[-9.8680,51.8236],[-9.8821,51.8236],[-10.1356,51.7411],[-10.1297,51.7543],[-10.2243,51.7821],[-10.1861,51.7896],[-10.1770,51.8136],[-10.1942,51.8390],[-10.2346,51.8510],[-10.3410,51.7882],[-10.3410,51.8435],[-10.3889,51.8461],[-10.3819,51.8776],[-10.3956,51.8845],[-10.2541,51.9086],[-10.2550,51.9254],[-10.3068,51.9534],[-10.2584,51.9738],[-10.2662,51.9884],[-10.0332,52.0410],[-9.9926,52.0558],[-9.9710,52.0899],[-9.9543,52.0641],[-9.9263,52.0626],[-9.9084,52.1309],[-9.7718,52.1247],[-9.7929,52.1383],[-9.7581,52.1520],[-9.9568,52.1452],[-9.9437,52.1247],[-9.9546,52.1087],[-9.9977,52.1383],[-10.1862,52.1094],[-10.2175,52.1309],[-10.2420,52.1197],[-10.2789,52.1363],[-10.3068,52.1247],[-10.2720,52.1117],[-10.3683,52.1247],[-10.3540,52.1117],[-10.4365,52.0973],[-10.4607,52.1030],[-10.4781,52.1520],[-10.4509,52.1657],[-10.4612,52.1799],[-10.4496,52.1889],[-10.4092,52.1997],[-10.4166,52.1861],[-10.3820,52.1719],[-10.3614,52.2066],[-10.3758,52.2128],[-10.3665,52.2282],[-10.3205,52.2345],[-10.2757,52.2681],[-10.1718,52.2868],[-10.1560,52.2786],[-10.1662,52.2345],[-10.1008,52.2407],[-10.0449,52.2692],[-10.0360,52.2903],[-10.0598,52.3096],[-10.0135,52.3063],[-10.0087,52.2533],[-9.9474,52.2376],[-9.8722,52.2326],[-9.8255,52.2582],[-9.8100,52.2421],[-9.7376,52.2482],[-9.8693,52.2731],[-9.8810,52.2960],[-9.8492,52.2847],[-9.8338,52.2892],[-9.8618,52.3034],[-9.8264,52.3096],[-9.8344,52.3752],[-9.9499,52.4120],[-9.7489,52.4567],[-9.7035,52.4835],[-9.6346,52.4735],[-9.6505,52.4938],[-9.6830,52.4946],[-9.6756,52.5458],[-9.6483,52.5703],[-9.4703,52.5618],[-9.4383,52.5771],[-9.2721,52.5772],[-9.0523,52.6318],[-9.0056,52.6208],[-8.9599,52.6522],[-8.7511,52.6729],[-8.9608,52.6936],[-8.9520,52.7343],[-8.9698,52.7484],[-8.9426,52.7752],[-9.0235,52.7471],[-9.0582,52.6967],[-9.1467,52.6237],[-9.2547,52.6113],[-9.2857,52.5908],[-9.3330,52.5977],[-9.2786,52.6257],[-9.2789,52.6393],[-9.4344,52.6120],[-9.5248,52.6370],[-9.5441,52.6666],[-9.5807,52.6659],[-9.5528,52.6393],[-9.6944,52.6056],[-9.7068,52.5802],[-9.9363,52.5567],[-9.8240,52.5951],[-9.6216,52.7137],[-9.6284,52.7274],[-9.4986,52.7525],[-9.4837,52.7826],[-9.4912,52.8031],[-9.4503,52.8304],[-9.4274,52.8777],[-9.3540,52.9334],[-9.4776,52.9403],[-9.3876,53.0086],[-9.3950,53.0154],[-9.2722,53.1466],[-9.2510,53.1519],[-9.1585,53.1110],[-9.0966,53.1270],[-9.0728,53.1184],[-9.0700,53.1344],[-9.1281,53.1594],[-9.0695,53.1662],[-9.0040,53.1457],[-9.0456,53.1737],[-8.9866,53.1769],[-8.9363,53.1457],[-8.9568,53.1798],[-8.8948,53.2208],[-9.0456,53.2208],[-8.9631,53.2351],[-8.9911,53.2481],[-8.9426,53.2617],[-9.0220,53.2754],[-9.5117,53.2283],[-9.5663,53.2617],[-9.5472,53.2791],[-9.5545,53.2907],[-9.5713,53.2904],[-9.5851,53.2504],[-9.6122,53.2361],[-9.6284,53.2481],[-9.6091,53.2763],[-9.6172,53.3214],[-9.5769,53.3239],[-9.5607,53.3412],[-9.6011,53.3648],[-9.5528,53.3854],[-9.6216,53.3784],[-9.6065,53.3493],[-9.6346,53.3300],[-9.6524,53.3412],[-9.6377,53.3775],[-9.6526,53.3928],[-9.7430,53.3143],[-9.8067,53.3015],[-9.8429,53.3233],[-9.9022,53.3239],[-9.8871,53.3591],[-9.7855,53.3927],[-9.8202,53.3989],[-9.7991,53.4195],[-9.8601,53.3942],[-9.8810,53.4064],[-9.8475,53.4337],[-9.9114,53.4259],[-9.9223,53.3892],[-9.9614,53.3795],[-10.0141,53.3812],[-10.0632,53.4126],[-10.1765,53.4126],[-10.1422,53.4457],[-10.0529,53.4535],[-10.0871,53.4815],[-10.0205,53.4704],[-10.0120,53.4815],[-10.1072,53.4944],[-10.1526,53.5436],[-10.2032,53.5436],[-10.1802,53.5554],[-10.1076,53.5497],[-10.1151,53.5702],[-10.0706,53.5700],[-10.0257,53.5628],[-10.0052,53.5436],[-9.9710,53.5628],[-10.0467,53.5992],[-9.9307,53.5997],[-9.8679,53.6173],[-9.8228,53.6064],[-9.6967,53.5982],[-9.7837,53.6062],[-9.9084,53.6460],[-9.9226,53.6907],[-9.8995,53.7438],[-9.9084,53.7621],[-9.7892,53.7866],[-9.7520,53.7763],[-9.5663,53.7962],[-9.6216,53.8173],[-9.5602,53.8651],[-9.5869,53.8719],[-9.5663,53.8993],[-9.7581,53.8993],[-9.9107,53.8587],[-9.9437,53.8793],[-9.9084,53.9203],[-9.9158,53.9538],[-9.8680,53.9613],[-9.8116,53.9417],[-9.8076,53.9182],[-9.7875,53.9160],[-9.7855,53.9470],[-9.8126,53.9662],[-9.8316,53.9562],[-9.8495,53.9975],[-9.8989,54.0253],[-9.8976,54.0551],[-9.8618,54.0712],[-9.8760,54.0806],[-9.8338,54.1121],[-9.8810,54.1121],[-9.9173,54.0697],[-9.9706,54.0785],[-9.9909,54.1046],[-9.9084,54.1183],[-9.9510,54.1412],[-9.9568,54.1531],[-9.9300,54.1456],[-9.9772,54.1804],[-9.9363,54.1873],[-10.0108,54.2183],[-10.0257,54.2077],[-10.0169,54.1886],[-10.0529,54.1873],[-10.0393,54.1668],[-10.0871,54.1593],[-10.0666,54.1251],[-10.0945,54.1183],[-10.0668,54.0949],[-10.1174,54.0958],[-10.1281,54.1251],[-10.0912,54.1949],[-10.0598,54.2220],[-10.1151,54.2350],[-10.0960,54.2351],[-10.0624,54.2750],[-9.9977,54.3039],[-9.9717,54.2772],[-9.8885,54.2691],[-9.9033,54.2379],[-9.9271,54.2267],[-9.9772,54.2424],[-9.9836,54.2229],[-9.9099,54.2044],[-9.8680,54.2282],[-9.8816,54.2403],[-9.8751,54.2564],[-9.8438,54.2765],[-9.7650,54.2555],[-9.7991,54.2835],[-9.7581,54.2835],[-9.8292,54.2968],[-9.8439,54.3287],[-9.7855,54.3380],[-9.7069,54.3176],[-9.4943,54.3176],[-9.3845,54.2971],[-9.3220,54.3170],[-9.2684,54.3039],[-9.2476,54.2765],[-9.2176,54.2835],[-9.2176,54.2487],[-9.1958,54.2424],[-9.2103,54.2178],[-9.1493,54.1806],[-9.1412,54.1456],[-9.1349,54.2077],[-9.0901,54.2266],[-9.0512,54.2894],[-8.9390,54.2899],[-8.8565,54.2630],[-8.6764,54.2713],[-8.5726,54.2003],[-8.5112,54.2077],[-8.5721,54.2465],[-8.6210,54.2555],[-8.5937,54.2835],[-8.4702,54.2765],[-8.5726,54.3139],[-8.5672,54.3241],[-8.5317,54.3102],[-8.5117,54.3173],[-8.5191,54.3267],[-8.6613,54.3380],[-8.6638,54.3592],[-8.4741,54.4299],[-8.4667,54.4750],[-8.4430,54.4473],[-8.2101,54.5019],[-8.2709,54.5236],[-8.2163,54.5503],[-8.2188,54.5697],[-8.1725,54.5944],[-8.1754,54.6192],[-8.1375,54.6056],[-8.1208,54.6465],[-8.2921,54.6056],[-8.2803,54.6296],[-8.3017,54.6397],[-8.4566,54.5646],[-8.3847,54.6056],[-8.3876,54.6198],[-8.4218,54.6192],[-8.4186,54.6413],[-8.4316,54.6413],[-8.4615,54.6028],[-8.4941,54.6329],[-8.5640,54.6088],[-8.6725,54.6194],[-8.6913,54.6413],[-8.7918,54.6596],[-8.7781,54.6800],[-8.7955,54.6984],[-8.6365,54.7684],[-8.4566,54.7564],[-8.5454,54.7837],[-8.5298,54.7880],[-8.4849,54.7893],[-8.4446,54.7631],[-8.4081,54.7626],[-8.4612,54.7935],[-8.5584,54.8178],[-8.4907,54.8519],[-8.3256,54.8315],[-8.3813,54.8559],[-8.3666,54.8810],[-8.3126,54.8793],[-8.3370,54.9036],[-8.3740,54.9072],[-8.3808,54.8861],[-8.4092,54.8870],[-8.4507,54.9220],[-8.4634,54.9408],[-8.4504,54.9462],[-8.4184,54.9345],[-8.3665,54.9481],[-8.4186,54.9680],[-8.4566,55.0028],[-8.4150,55.0028],[-8.4031,55.0306],[-8.3740,55.0363],[-8.3474,55.0642],[-8.3350,55.0350],[-8.3199,55.0343],[-8.3051,55.0580],[-8.3204,55.1049],[-8.2784,55.1605],[-8.2065,55.1468],[-8.1412,55.1605],[-8.1564,55.1244],[-7.9767,55.2219],[-7.9501,55.2102],[-8.0041,55.1741],[-7.9085,55.1884],[-7.8987,55.1563],[-7.8600,55.1679],[-7.8948,55.1400],[-7.8564,55.1389],[-7.8347,55.1649],[-7.8661,55.2149],[-7.7986,55.2560],[-7.8157,55.1946],[-7.7176,55.1665],[-7.6956,55.1332],[-7.7025,55.0990],[-7.6682,55.1472],[-7.7036,55.2184],[-7.7239,55.2145],[-7.7092,55.1741],[-7.7917,55.206],[-7.7608,55.2560],[-7.7250,55.2526],[-7.6608,55.2765],[-7.6113,55.2414],[-7.6144,55.1959],[-7.5727,55.1809],[-7.5257,55.1161],[-7.5414,55.0922],[-7.6410,55.0506],[-7.5618,55.0445],[-7.5727,55.0233],[-7.6813,54.9544],[-7.5293,55.0307],[-7.4691,55.0438],[-7.4500,55.0723],[-7.4775,55.0963],[-7.4628,55.1434],[-7.5495,55.2153],[-7.5162,55.2541],[-7.5243,55.2902],[-7.4785,55.2839],[-7.4628,55.2902],[-7.4691,55.3039],[-7.4059,55.2869],[-7.3475,55.3142],[-7.3120,55.2902],[-7.3399,55.2902],[-7.3208,55.2821],[-7.2567,55.2840],[-7.3506,55.3351],[-7.3530,55.3585],[-7.4002,55.3802],[-7.3844,55.3863],[-7.2088,55.3451],[-7.1290,55.2858],[-6.9535,55.2543],[-6.9395,55.2390],[-6.9427,55.2185],[-7.1728,55.1435],[-7.2567,55.0506],[-7.0537,55.0487],[-7.0172,55.0711],[-7.0099,55.1022],[-6.9749,55.1354],[-6.9625,55.1946],[-6.8837,55.1741],[-6.7545,55.1778],[-6.5712,55.2112],[-6.4759,55.2486],[-6.4159,55.2318],[-6.3528,55.2426],[-6.2398,55.2083],[-6.1600,55.2219],[-6.1009,55.2123],[-6.0370,55.1679],[-6.0406,55.1120],[-6.0620,55.0741],[-5.9682,55.0438],[-5.9862,54.9817],[-5.9303,54.9708],[-5.8863,54.9408],[-5.8209,54.8750],[-5.8005,54.8207],[-5.7156,54.7837],[-5.7975,54.8445],[-5.7817,54.8617],[-5.7516,54.8568],[-5.7019,54.8246],[-5.6898,54.7931],[-5.6926,54.7652],[-5.7293,54.7285],[-5.8453,54.7012],[-5.8907,54.6723],[-5.9272,54.6329],[-5.9073,54.6056],[-5.8390,54.6497],[-5.7479,54.6804],[-5.6946,54.6686],[-5.5746,54.6800],[-5.5366,54.6574],[-5.5143,54.5978],[-5.4789,54.5694],[-5.4686,54.5162],[-5.4307,54.4851],[-5.4642,54.4252],[-5.4611,54.3920],[-5.4891,54.3695],[-5.4748,54.3585],[-5.5157,54.3380],[-5.5766,54.4027],[-5.5436,54.4578],[-5.5753,54.5289],[-5.6448,54.5677],[-5.7019,54.5777],[-5.6974,54.5512],[-5.7156,54.5366],[-5.6256,54.5162],[-5.6703,54.5056],[-5.6399,54.4957],[-5.6446,54.4721],[-5.6256,54.4610],[-5.6256,54.4411],[-5.6614,54.3795],[-5.7088,54.3517],[-5.5797,54.3836],[-5.5505,54.3654],[-5.5406,54.3273],[-5.5530,54.2985],[-5.6557,54.2296],[-5.6788,54.2461],[-5.7368,54.2490],[-5.8620,54.2305],[-5.8685,54.1613],[-5.8937,54.1046],[-6.0405,54.0364],[-6.0954,54.0363],[-6.1129,54.0501],[-6.0849,54.0569],[-6.1743,54.0742],[-6.1858,54.0926],[-6.2698,54.0979]]],[[[-9.9226,53.9538],[-9.9363,53.8924],[-9.9579,53.8806],[-10.0183,53.9129],[-10.0555,53.9137],[-10.0666,53.9675],[-10.1628,53.9613],[-10.2659,53.9818],[-10.2184,53.9860],[-10.1895,54.0160],[-10.1344,54.0003],[-10.0632,54.0227],[-9.9759,54.0211],[-9.9363,53.9892],[-9.9568,53.9892],[-9.9636,53.9613],[-9.9226,53.9538]]],[[[-8.5658,54.9817],[-8.5363,55.0165],[-8.4965,55.0006],[-8.4839,54.9755],[-8.5493,54.9684],[-8.5658,54.9817]]],[[[-6.1879,55.2840],[-6.2110,55.2953],[-6.2835,55.2970],[-6.2363,55.3113],[-6.1743,55.3039],[-6.1948,55.2629],[-6.1879,55.2840]]]]}},{"type":"Feature","properties":{"zone":"RU_KGD","eic":"10Y1001A1001A50U","name":"Kaliningrad BZ / CA / MBA","country":"RU"},"geometry":{"type":"Polygon","coordinates":[[[21.4055,55.2723],[21.5039,55.1944],[21.6051,55.1924],[21.7506,55.1279],[21.9427,55.0782],[22.0034,55.0934],[22.0277,55.0443],[22.0768,55.0285],[22.2512,55.0708],[22.4362,55.0577],[22.5410,55.0757],[22.5806,55.0576],[22.6334,54.9579],[22.7155,54.9513],[22.7521,54.9311],[22.7492,54.9098],[22.8212,54.8854],[22.8443,54.8322],[22.8328,54.7786],[22.7248,54.7233],[22.7270,54.7053],[22.7008,54.6795],[22.7081,54.6356],[22.6817,54.5699],[22.6804,54.4532],[22.7672,54.3562],[22.6983,54.3429],[19.6802,54.4366],[19.6095,54.4567],[19.7340,54.5257],[19.9001,54.6670],[19.9001,54.6875],[19.9616,54.7731],[19.9206,54.8895],[19.9407,54.9343],[19.9767,54.9645],[20.0337,54.9481],[20.2058,54.9584],[20.3655,54.9461],[20.4824,54.9755],[20.6340,55.0487],[20.8222,55.1809],[20.9245,55.2826],[20.9895,55.2704],[20.9130,55.2332],[20.8348,55.1520],[20.6878,55.0506],[20.5309,54.9646],[20.5581,54.9408],[20.7636,54.9476],[20.8603,54.9113],[20.9690,54.8998],[21.0559,54.9144],[21.0906,54.9015],[21.2301,54.9389],[21.2434,54.9612],[21.1813,55.1710],[21.1888,55.2083],[21.2590,55.2049],[21.2675,55.2486],[21.3498,55.2877],[21.4055,55.2723]]]}},{"type":"Feature","properties":{"zone":"NO_1","eic":"10YNO-1--------2","name":"NO1 BZ / MBA","country":"NO"},"geometry":{"type":"MultiPolygon","coordinates":[[[[11.0755,59.0585],[11.0305,59.0208],[10.9914,59.0335],[11.0032,59.0864],[11.0756,59.0804],[11.0755,59.0585]]],[[[10.8838,59.0721],[10.8457,59.0757],[10.8291,59.0994],[10.8554,59.1153],[10.8679,59.1132],[10.8572,59.0990],[10.9104,59.1164],[10.9143,59.1007],[10.8838,59.0721]]],[[[10.3792,59.6583],[10.3948,59.6111],[10.3810,59.5353],[10.3642,59.5258],[10.2373,59.5599],[10.3693,59.4552],[10.4775,59.4296],[10.4445,59.3489],[10.5141,59.3029],[10.4695,59.2477],[10.3608,59.2713],[10.3619,59.2195],[10.3302,59.2096],[10.3137,59.1279],[10.2898,59.1345],[10.3068,59.0597],[10.2721,59.1143],[10.2624,59.0385],[10.2243,59.1143],[10.2112,59.0665],[10.2321,59.0403],[10.2070,59.0164],[10.1145,59.0050],[10.1618,59.0275],[10.1634,59.0523],[10.0594,59.0181],[10.0167,59.0336],[10.0333,58.9934],[10.0148,58.9731],[9.9573,58.9566],[9.8462,58.9556],[9.8121,58.9634],[9.8452,58.9893],[9.8271,59.0184],[9.8466,59.0373],[9.8551,59.1082],[9.8314,59.1622],[9.8840,59.2043],[9.8685,59.2812],[9.7783,59.3486],[9.7827,59.4321],[9.6823,59.4397],[9.5594,59.5114],[9.4804,59.5179],[9.5025,59.5626],[9.4777,59.5750],[9.4053,59.7039],[9.3516,59.7359],[9.3598,59.8076],[9.2031,59.8500],[9.2009,59.9153],[9.1789,59.9253],[9.1801,59.9416],[8.9974,60.0169],[8.9592,60.1045],[8.9199,60.1337],[8.8065,60.1697],[8.1714,60.1975],[7.8233,60.1277],[7.6242,60.1456],[7.4678,60.1136],[7.5542,60.1893],[7.6664,60.3313],[7.6788,60.5110],[7.5890,60.6603],[7.4779,60.7023],[7.5848,60.7573],[7.6795,60.7796],[7.7734,60.8855],[7.8739,60.9304],[8.0368,60.9327],[8.1937,61.0230],[8.1980,61.0724],[8.1822,61.1079],[8.0703,61.1877],[8.0449,61.2234],[8.2038,61.3372],[8.1426,61.3971],[8.1419,61.4266],[8.3085,61.4497],[8.2041,61.5236],[7.9915,61.5762],[7.9232,61.6482],[7.9043,61.7232],[7.8684,61.7450],[7.7561,61.7606],[7.4923,61.7604],[7.3935,61.8781],[7.4051,62.0036],[7.3851,62.0292],[7.3279,62.0498],[7.4978,62.1004],[7.6114,62.0919],[7.6117,62.1225],[7.7428,62.1998],[7.9709,62.1913],[8.0719,62.2431],[8.1542,62.3454],[8.4092,62.3789],[9.0906,62.3801],[9.5972,62.2743],[9.7830,62.2858],[9.8553,62.3577],[9.9174,62.3571],[9.9853,62.4049],[10.1049,62.4426],[10.0752,62.5107],[10.0969,62.5857],[10.1568,62.6549],[10.2856,62.7073],[10.5866,62.6883],[10.6735,62.6959],[10.7300,62.6689],[10.8965,62.7078],[11.1252,62.6798],[11.1688,62.6661],[11.1843,62.6189],[11.2350,62.5693],[11.4769,62.4611],[11.5730,62.3965],[11.7192,62.3687],[11.8229,62.3859],[12.0122,62.3660],[12.1709,62.3329],[12.2795,62.3442],[12.3142,62.2861],[12.3174,62.2340],[12.1617,61.7248],[12.4164,61.5822],[12.6137,61.5470],[12.8771,61.3709],[12.8881,61.3496],[12.8398,61.2269],[12.7391,61.1424],[12.7038,61.0461],[12.5117,61.0491],[12.2532,61.0017],[12.3770,60.7540],[12.4825,60.6573],[12.5943,60.5149],[12.6126,60.4553],[12.6053,60.4191],[12.5779,60.3759],[12.4917,60.3122],[12.5246,60.1617],[12.4832,60.0812],[12.2905,59.9587],[12.1437,59.8984],[11.9421,59.9020],[11.8495,59.8724],[11.8429,59.8384],[11.9020,59.7851],[11.8972,59.7139],[11.8284,59.6597],[11.6749,59.6071],[11.6774,59.5590],[11.7839,59.3606],[11.8116,59.2496],[11.7755,59.2025],[11.7453,59.0921],[11.6643,58.9200],[11.6115,58.8931],[11.5470,58.8847],[11.4519,58.8960],[11.4532,58.9604],[11.3893,59.0807],[11.3445,59.1113],[11.1823,59.1160],[11.1746,59.1409],[11.2067,59.1456],[11.1785,59.1649],[11.1764,59.1968],[11.1355,59.1831],[11.1530,59.1625],[11.1355,59.1422],[11.0877,59.1757],[11.0991,59.1341],[11.0324,59.1279],[11.0398,59.1437],[10.9983,59.1723],[10.9484,59.1833],[10.9362,59.1831],[10.9440,59.1493],[10.9163,59.1422],[10.9021,59.1968],[10.8229,59.1639],[10.8020,59.1887],[10.7791,59.1893],[10.7729,59.2521],[10.7381,59.2167],[10.7436,59.2680],[10.7791,59.3129],[10.7347,59.3340],[10.7006,59.3067],[10.6740,59.3157],[10.6427,59.3749],[10.6596,59.4002],[10.5916,59.4306],[10.6445,59.4931],[10.6629,59.4887],[10.6489,59.4438],[10.6624,59.4378],[10.6850,59.4502],[10.6902,59.4806],[10.6511,59.5264],[10.6564,59.5946],[10.6259,59.6372],[10.6145,59.6971],[10.5975,59.6845],[10.5602,59.7262],[10.6145,59.8336],[10.6555,59.8566],[10.7177,59.7381],[10.7584,59.8501],[10.7526,59.8889],[10.6887,59.9117],[10.6662,59.8889],[10.5294,59.8823],[10.4754,59.8500],[10.4987,59.8336],[10.4845,59.7886],[10.5022,59.7087],[10.5398,59.6750],[10.5826,59.6620],[10.6145,59.6077],[10.5931,59.5703],[10.5427,59.5355],[10.4837,59.5144],[10.4366,59.5183],[10.4235,59.5338],[10.4274,59.6073],[10.3976,59.6880],[10.2668,59.7397],[10.2243,59.7238],[10.3792,59.6583]]]]}},{"type":"Feature","properties":{"zone":"NO_2","eic":"10YNO-2--------T","name":"NO2 BZ / MBA","country":"NO"},"geometry":{"type":"MultiPolygon","coordinates":[[[[8.2019,58.1229],[8.1726,58.1461],[8.1228,58.1020],[8.0525,58.1131],[8.0245,58.1410],[8.0798,58.1620],[8.0295,58.2248],[8.0040,58.2230],[8.0221,58.2028],[8.0223,58.1637],[7.9340,58.1094],[7.9563,58.0932],[7.9157,58.0818],[7.6959,58.0585],[7.6639,58.0672],[7.6608,58.0454],[7.6267,58.0523],[7.6292,58.0312],[7.6147,58.0221],[7.5788,58.0454],[7.5788,58.0175],[7.3906,58.0175],[7.2675,58.0359],[7.2498,58.0585],[7.1749,58.0311],[7.1555,58.0502],[7.0827,58.0368],[7.0760,58.0065],[7.0066,57.9931],[6.9993,58.0307],[7.0877,58.0706],[7.1162,58.0585],[7.1474,58.1000],[6.9353,58.0454],[6.9961,58.1000],[6.9803,58.1053],[6.9005,58.0523],[6.9079,58.1000],[6.8663,58.0795],[6.8042,58.1000],[6.9499,58.1209],[6.9892,58.1410],[6.8737,58.1348],[6.7775,58.1820],[6.8079,58.1205],[6.7314,58.1198],[6.7155,58.1348],[6.7273,58.1452],[6.7224,58.1894],[6.6882,58.1205],[6.7825,58.0653],[6.5958,58.0758],[6.5305,58.1205],[6.5681,58.1317],[6.5970,58.1765],[6.6745,58.1820],[6.6540,58.1894],[6.6751,58.2069],[6.8459,58.2713],[6.8029,58.2704],[6.6814,58.2230],[6.6336,58.2748],[6.6562,58.3028],[6.6950,58.2918],[6.7087,58.3129],[6.6872,58.3273],[6.6199,58.3191],[6.6262,58.2446],[6.5623,58.2431],[6.3475,58.2858],[6.0101,58.3849],[5.9780,58.4144],[5.9546,58.4774],[5.7966,58.4892],[5.7783,58.5208],[5.7041,58.5207],[5.6462,58.5486],[5.6523,58.5627],[5.5715,58.6283],[5.4779,58.7547],[5.5267,58.7841],[5.5396,58.8154],[5.5305,58.8687],[5.5725,58.8940],[5.5371,58.9561],[5.6173,58.9072],[5.6262,58.9256],[5.5505,58.9708],[5.5915,58.9771],[5.5788,58.9890],[5.5232,58.9914],[5.5505,59.0385],[5.7155,58.9771],[5.7010,58.9191],[5.7155,58.8672],[5.7355,58.9286],[5.8181,58.9361],[5.8217,58.9634],[5.8535,58.9650],[5.9196,58.9450],[5.9699,58.9036],[6.0925,58.8472],[6.2288,58.8399],[6.1189,58.8535],[6.0576,58.9020],[6.1053,58.9503],[6.1948,58.9839],[6.6262,59.0528],[6.3520,59.0330],[6.1604,58.9982],[6.0338,58.9051],[5.9751,58.9634],[5.9840,58.9840],[6.0507,58.9982],[6.0091,59.0255],[5.9340,59.0181],[5.8754,59.0662],[5.8727,59.0869],[5.8906,59.1039],[6.1264,59.1484],[6.0088,59.1493],[6.0643,59.2072],[6.1713,59.2614],[6.2521,59.2772],[6.3239,59.3150],[6.4616,59.3197],[6.3138,59.3229],[6.1541,59.2677],[6.1123,59.2745],[6.0849,59.3067],[6.2363,59.3197],[6.1992,59.3515],[6.1976,59.3347],[6.1721,59.3212],[6.1469,59.3402],[6.1228,59.3197],[6.0924,59.3197],[6.0576,59.3539],[6.0374,59.3274],[5.9954,59.3340],[6.0415,59.3836],[6.1743,59.4438],[6.1886,59.4296],[6.2426,59.5105],[6.5442,59.5599],[6.5052,59.5712],[6.3361,59.5536],[6.2363,59.5258],[6.2785,59.5720],[6.2887,59.6291],[6.3115,59.6555],[6.2864,59.6492],[6.2373,59.5497],[6.1530,59.4594],[6.0270,59.4022],[5.9825,59.4296],[5.9886,59.4159],[5.9689,59.4022],[5.9954,59.3811],[5.9241,59.3557],[5.8862,59.4022],[5.8862,59.4469],[6.1531,59.4774],[6.1043,59.4929],[6.0246,59.4743],[5.9018,59.4790],[5.8073,59.5393],[5.7771,59.5258],[5.8034,59.4947],[5.7975,59.4631],[5.7483,59.4457],[5.7082,59.4706],[5.7137,59.4466],[5.6964,59.4294],[5.6461,59.4085],[5.7841,59.4292],[5.8525,59.3849],[5.8596,59.3507],[5.7048,59.3402],[5.6777,59.3098],[5.6119,59.2930],[5.6186,59.3168],[5.6461,59.3340],[5.5865,59.4164],[5.5607,59.4093],[5.5852,59.3954],[5.5678,59.3163],[5.5053,59.2777],[5.4754,59.2787],[5.4358,59.3076],[5.4238,59.3304],[5.4406,59.3698],[5.4331,59.4050],[5.4043,59.3789],[5.4046,59.3042],[5.3908,59.2946],[5.3499,59.3664],[5.3537,59.4110],[5.3326,59.4115],[5.3313,59.3539],[5.2972,59.3446],[5.2312,59.4242],[5.2016,59.4296],[5.1899,59.4801],[5.3430,59.5126],[5.4078,59.5162],[5.4167,59.5047],[5.5056,59.5333],[5.5287,59.5579],[5.6573,59.5783],[5.8388,59.5865],[5.9442,59.6167],[6.1706,59.6157],[6.1819,59.6549],[6.2852,59.7807],[6.5286,59.8585],[6.6685,59.8458],[6.6863,59.7970],[6.6539,59.7291],[6.7028,59.7125],[6.9755,59.7924],[7.0920,59.7940],[7.1541,59.8369],[7.1631,59.9127],[7.2416,59.9794],[7.3908,60.0270],[7.4678,60.1136],[7.6242,60.1456],[7.8233,60.1277],[8.1714,60.1975],[8.8065,60.1697],[8.9199,60.1337],[8.9592,60.1045],[8.9974,60.0169],[9.1801,59.9416],[9.1789,59.9253],[9.2009,59.9153],[9.2031,59.8500],[9.3598,59.8076],[9.3516,59.7359],[9.4053,59.7039],[9.4777,59.5750],[9.5025,59.5626],[9.4804,59.5179],[9.5594,59.5114],[9.6823,59.4397],[9.7827,59.4321],[9.7783,59.3486],[9.8685,59.2812],[9.8840,59.2043],[9.8326,59.1689],[9.8551,59.1082],[9.8466,59.0373],[9.8271,59.0184],[9.7659,59.0523],[9.7581,59.0323],[9.6884,59.0907],[9.6831,59.0460],[9.6686,59.0514],[9.6284,59.1081],[9.6404,59.1175],[9.6306,59.1314],[9.6009,59.1156],[9.5390,59.1205],[9.6213,59.0752],[9.6541,59.0372],[9.7268,59.0152],[9.7239,58.9839],[9.7034,58.9982],[9.6557,58.9839],[9.6897,58.9566],[9.5942,58.9430],[9.6079,58.9286],[9.5759,58.9214],[9.4700,58.9286],[9.5239,58.9000],[9.5114,58.8952],[9.4559,58.8976],[9.4503,58.8815],[9.3737,58.8954],[9.3601,58.8815],[9.4036,58.8809],[9.3395,58.8626],[9.2988,58.8815],[9.2708,58.8331],[9.3125,58.8263],[9.3796,58.8441],[9.4503,58.8331],[9.3670,58.7921],[9.4087,58.7996],[9.3064,58.7387],[9.0709,58.7411],[9.0629,58.7238],[9.1691,58.7164],[9.1008,58.7375],[9.2146,58.7216],[9.2163,58.7027],[9.0593,58.6829],[9.1560,58.6885],[9.2005,58.6723],[9.0338,58.5947],[8.9909,58.6003],[8.9712,58.5867],[8.9133,58.6068],[8.9489,58.5796],[8.9438,58.5259],[8.9280,58.5134],[8.7541,58.4275],[8.7072,58.3789],[8.6416,58.3639],[8.6072,58.3328],[8.5793,58.3474],[8.5134,58.2933],[8.5180,58.2713],[8.5012,58.2572],[8.4093,58.2720],[8.4062,58.2442],[8.3535,58.2446],[8.2436,58.2031],[8.2717,58.1962],[8.2019,58.1229]]],[[[5.7507,59.0723],[5.6670,59.1004],[5.5752,59.1240],[5.6079,59.1344],[5.7758,59.1127],[5.7747,59.0805],[5.7507,59.0723]]],[[[5.4511,59.1634],[5.3847,59.1952],[5.3851,59.2341],[5.4138,59.2407],[5.4519,59.2221],[5.4681,59.1967],[5.4511,59.1634]]],[[[6.0563,59.2407],[5.9581,59.2278],[5.9298,59.2434],[5.9324,59.2689],[6.0163,59.2921],[6.0998,59.2765],[6.0563,59.2407]]],[[[5.3179,59.2565],[5.2970,59.1688],[5.2359,59.1410],[5.1884,59.1572],[5.1661,59.1956],[5.1652,59.2734],[5.1787,59.2922],[5.2282,59.2855],[5.1738,59.3340],[5.2085,59.3749],[5.1884,59.3839],[5.1858,59.4147],[5.2085,59.4159],[5.2802,59.3302],[5.2789,59.2925],[5.3179,59.2565]]]]}},{"type":"Feature","properties":{"zone":"NO_3","eic":"10YNO-3--------J","name":"NO3 BZ / MBA","country":"NO"},"geometry":{"type":"MultiPolygon","coordinates":[[[[5.8011,62.2774],[5.7907,62.2149],[5.7014,62.1910],[5.5468,62.1926],[5.5021,62.2258],[5.6057,62.2258],[5.5180,62.2431],[5.5573,62.2599],[5.5437,62.2730],[5.5632,62.2914],[5.5984,62.2970],[5.6964,62.3016],[5.7265,62.2818],[5.8011,62.2774]]],[[[5.9995,62.3661],[6.0787,62.3418],[5.8740,62.2554],[5.8112,62.2456],[5.8515,62.2804],[5.8317,62.2866],[5.8410,62.3130],[5.8044,62.3623],[5.8619,62.4155],[5.9438,62.4280],[5.9886,62.3964],[5.9995,62.3661]]],[[[5.6731,62.3438],[5.6853,62.3620],[5.7414,62.3606],[5.7285,62.3266],[5.6030,62.3287],[5.6731,62.3438]]],[[[5.5424,62.3317],[5.5099,62.364],[5.5236,62.3696],[5.5976,62.3447],[5.5424,62.3317]]],[[[6.3325,62.4107],[6.0906,62.4024],[6.0234,62.4374],[6.2016,62.4448],[6.3213,62.4228],[6.3325,62.4107]]],[[[5.5363,62.0790],[5.5915,62.0681],[5.5647,62.0896],[5.4201,62.1091],[5.3917,62.1328],[5.4311,62.1861],[5.4788,62.1885],[5.6220,62.1648],[5.6614,62.1214],[5.7497,62.0886],[5.6683,62.1435],[5.6672,62.1706],[5.7861,62.1804],[5.8574,62.2042],[5.9055,62.1909],[5.9248,62.1498],[5.9070,62.0935],[5.8525,62.0512],[5.8453,62.0197],[5.9366,62.0873],[5.9546,62.1399],[6.0442,62.0992],[6.0507,62.0681],[6.2083,62.0812],[6.3667,62.0613],[6.0886,62.1091],[5.9825,62.1842],[5.9205,62.2081],[5.9397,62.2293],[6.0172,62.2069],[6.0644,62.2047],[5.9920,62.2184],[5.9477,62.2456],[6.0276,62.3057],[6.3108,62.3720],[6.3934,62.2804],[6.4599,62.2479],[6.5504,62.1706],[6.5568,62.1384],[6.5305,62.1091],[6.5920,62.1358],[6.5809,62.1603],[6.4176,62.3111],[6.3899,62.3646],[6.4002,62.3871],[6.5002,62.3993],[6.5647,62.3555],[6.5442,62.4107],[6.7087,62.4517],[6.8791,62.4179],[6.8737,62.3555],[6.9892,62.2730],[7.0052,62.1942],[6.9427,62.1373],[6.9558,62.1022],[7.0212,62.0907],[7.1399,62.1166],[7.1878,62.1022],[7.1496,62.1308],[7.0299,62.1004],[6.9793,62.1128],[6.9733,62.1293],[7.0371,62.1838],[7.0280,62.2660],[7.1128,62.2804],[7.2092,62.2508],[7.3107,62.2815],[7.3958,62.2349],[7.4150,62.2394],[7.3735,62.2730],[7.2934,62.2979],[7.1613,62.2866],[6.9570,62.3253],[6.9140,62.3698],[6.9755,62.3766],[6.8515,62.4544],[6.7565,62.4647],[6.7907,62.4784],[6.6901,62.4775],[6.3977,62.4250],[6.3046,62.4591],[6.2429,62.4511],[6.2226,62.4591],[6.4536,62.5023],[6.6745,62.4927],[6.6137,62.5201],[6.4760,62.5131],[6.5647,62.5274],[6.5329,62.5368],[6.2630,62.5274],[6.2705,62.5549],[6.2493,62.5746],[6.3195,62.6085],[6.5373,62.6156],[6.5832,62.5993],[6.6125,62.5609],[6.6215,62.6195],[6.6466,62.6094],[6.7561,62.6546],[6.9178,62.5746],[6.9079,62.6026],[6.9284,62.6230],[6.8874,62.6435],[6.9316,62.6554],[7.0922,62.6509],[7.0377,62.6230],[7.0520,62.6096],[7.0965,62.6122],[7.1271,62.5336],[7.1538,62.5746],[7.1331,62.5991],[7.1574,62.6292],[7.3650,62.5928],[7.4304,62.5480],[7.5174,62.5410],[7.5424,62.5036],[7.5729,62.5499],[7.7781,62.5746],[7.7453,62.5860],[7.5052,62.5663],[7.4226,62.5979],[7.4182,62.6330],[7.4773,62.6395],[7.5002,62.6199],[7.4970,62.5883],[7.5201,62.5846],[7.5329,62.6133],[7.5100,62.6494],[7.5232,62.6743],[7.8359,62.7321],[8.0188,62.7335],[8.1474,62.6919],[8.1294,62.7184],[8.0450,62.7595],[8.0730,62.7800],[7.6460,62.7286],[7.4892,62.6868],[7.3597,62.6981],[7.4035,62.7119],[7.3665,62.7328],[7.4715,62.7672],[7.6813,62.7943],[7.6095,62.7960],[7.3125,62.7440],[6.9703,62.7255],[6.9489,62.7328],[6.9830,62.7533],[6.9558,62.7704],[6.9619,62.7841],[7.0097,62.8148],[7.0595,62.8263],[7.2158,62.8148],[7.1331,62.8489],[7.0166,62.8415],[6.9480,62.9054],[6.8800,62.9110],[7.1082,62.9906],[7.2711,63.0141],[7.4212,62.9514],[7.4417,62.9178],[7.5011,62.9108],[7.6683,62.9793],[7.7804,62.9726],[7.7483,62.9420],[7.6683,62.9178],[7.6943,62.9120],[7.9738,62.9769],[8.0866,62.9452],[8.1132,62.9178],[8.1543,62.8148],[8.3191,62.7770],[8.4152,62.7257],[8.5131,62.7074],[8.5377,62.6884],[8.5452,62.6571],[8.5672,62.6822],[8.5439,62.7206],[8.1840,62.8477],[8.1711,62.8917],[8.2096,62.9110],[8.1750,62.9207],[8.1474,62.9514],[8.0007,63.0066],[7.9830,63.0270],[7.9426,63.0202],[7.9699,63.0066],[7.8772,63.0104],[7.9973,63.0922],[8.0866,63.1096],[8.1339,63.0802],[8.1284,63.0502],[8.1604,63.0264],[8.3300,62.9733],[8.3398,62.9588],[8.3093,62.9445],[8.3364,62.9120],[8.3292,62.8806],[8.3894,62.8898],[8.4880,62.8529],[8.5385,62.8523],[8.5241,62.8712],[8.4287,62.8967],[8.4506,62.8956],[8.5739,62.8754],[8.7029,62.8222],[8.6198,62.8779],[8.4797,62.9071],[8.4157,62.9588],[8.6687,62.9793],[8.5217,62.9892],[8.5862,63.0202],[8.5537,63.0226],[8.4880,62.9940],[8.3740,62.9730],[8.3195,62.9998],[8.4702,63.0202],[8.4353,63.0314],[8.2385,63.0254],[8.2231,63.0333],[8.2288,63.0630],[8.1655,63.1153],[8.2197,63.1344],[8.2915,63.0960],[8.2846,63.0755],[8.3261,63.0885],[8.3195,63.1096],[8.2361,63.1507],[8.5436,63.1323],[8.6409,63.1096],[8.5657,63.1612],[8.6087,63.1810],[8.9431,63.2120],[8.6237,63.2014],[8.5732,63.2530],[8.4764,63.2940],[8.7019,63.3239],[8.7644,63.3492],[8.7111,63.3512],[8.6389,63.3920],[8.6723,63.4212],[8.7182,63.4081],[8.8234,63.4293],[8.8811,63.3976],[8.8913,63.4213],[8.9972,63.4181],[8.9674,63.4334],[9.0183,63.4665],[9.1145,63.4181],[9.1486,63.3759],[9.1028,63.3432],[9.0934,63.2940],[9.1430,63.3308],[9.2646,63.3629],[9.4345,63.3804],[9.4768,63.4038],[9.2180,63.3720],[9.1677,63.4020],[9.1829,63.4345],[9.4843,63.4826],[9.3330,63.4665],[9.2578,63.5000],[9.2921,63.4591],[9.2102,63.4594],[9.1673,63.4668],[9.1486,63.4858],[9.1619,63.5071],[9.2443,63.5137],[9.2371,63.5344],[9.3022,63.5308],[9.3680,63.5633],[9.3881,63.5622],[9.3782,63.5304],[9.4033,63.5184],[9.4953,63.5768],[9.5732,63.5410],[9.5459,63.5805],[9.4905,63.5894],[9.6990,63.6444],[9.7999,63.5631],[9.8138,63.5320],[9.8059,63.5137],[9.8986,63.4773],[9.9606,63.4277],[9.9284,63.3771],[9.8332,63.3288],[10.0134,63.3618],[10.0992,63.3248],[10.2421,63.3263],[10.2590,63.2672],[10.2795,63.3182],[10.2658,63.3319],[10.0686,63.3655],[10.0408,63.4063],[10.0940,63.4386],[10.3004,63.4665],[10.3730,63.4417],[10.4472,63.4567],[10.5769,63.4307],[10.6904,63.4523],[10.7978,63.4173],[10.8297,63.4405],[10.9080,63.4562],[10.9163,63.4665],[10.7776,63.4874],[10.7588,63.5174],[10.7807,63.5390],[10.9226,63.5547],[10.8569,63.5693],[10.9226,63.6024],[10.6564,63.5547],[10.7557,63.6250],[10.8642,63.6515],[10.9054,63.6844],[11.0334,63.7191],[11.0830,63.7045],[11.1567,63.7111],[11.2657,63.7744],[11.4576,63.7899],[11.4597,63.8124],[11.4240,63.8222],[11.4377,63.8358],[11.4152,63.8500],[11.2771,63.8673],[11.1115,63.8495],[11.0965,63.8581],[11.0964,63.8896],[11.1766,63.9092],[11.2233,63.9454],[11.4368,63.9831],[11.4978,64.0208],[11.2542,64.0379],[11.2404,64.0610],[11.3620,64.1170],[11.2999,64.1071],[11.2253,64.0719],[11.1751,64.0070],[10.9627,63.9479],[10.8713,63.8972],[10.6886,63.8602],[10.5737,63.8091],[10.9002,63.8947],[10.9349,63.8981],[11.056,63.8612],[11.0739,63.8358],[11.0074,63.8131],[10.9778,63.7675],[10.9100,63.7310],[10.6717,63.6868],[10.6023,63.6359],[10.4157,63.5794],[10.2413,63.5622],[10.0803,63.5075],[9.9801,63.4933],[9.9182,63.5147],[9.8879,63.5751],[9.9021,63.5894],[9.8182,63.6140],[9.8144,63.6382],[9.8332,63.6441],[9.7922,63.6645],[9.8059,63.6776],[9.7990,63.6918],[9.9998,63.7238],[10.1014,63.7675],[10.0052,63.7465],[10.0393,63.7744],[10.0295,63.7835],[9.5441,63.6655],[9.5678,63.7067],[9.5527,63.7260],[9.7780,63.7675],[9.5813,63.7591],[9.5459,63.7744],[9.6627,63.8187],[9.8742,63.8631],[9.7922,63.8836],[9.8921,63.9025],[9.9257,63.8836],[10.1159,63.9411],[10.1970,63.9383],[10.1417,63.9655],[9.9431,63.9184],[9.9726,63.9418],[10.0872,63.9664],[10.1281,63.9867],[9.9362,63.9594],[9.9841,63.9934],[9.9980,64.0362],[10.0182,64.0351],[10.0256,64.0624],[9.9957,64.0954],[10.0136,64.1188],[10.1079,64.0897],[10.1920,64.1014],[10.2175,64.1239],[10.1076,64.1170],[10.1338,64.1384],[10.1696,64.1369],[10.1560,64.1580],[10.1970,64.1580],[10.1779,64.1666],[10.1696,64.1989],[10.2221,64.1926],[10.2311,64.2057],[10.2971,64.2099],[10.3745,64.1853],[10.3654,64.2071],[10.2453,64.2337],[10.3335,64.2604],[10.3268,64.2741],[10.3973,64.2643],[10.3913,64.2877],[10.4912,64.2952],[10.4495,64.3128],[10.4502,64.3497],[10.4707,64.3566],[10.5594,64.3293],[10.5047,64.3703],[10.5983,64.3457],[10.6489,64.3566],[10.6071,64.3655],[10.5529,64.4050],[10.4638,64.4050],[10.4830,64.4237],[10.5441,64.4261],[10.6282,64.3976],[10.5854,64.4343],[10.6047,64.4522],[10.6662,64.4181],[10.7319,64.4157],[10.7537,64.3930],[10.8349,64.3691],[10.8549,64.3777],[10.7866,64.4112],[10.8051,64.4208],[10.7966,64.4323],[10.6564,64.4522],[10.7041,64.4727],[10.7526,64.4658],[10.7622,64.4801],[10.8411,64.4658],[10.8003,64.5074],[10.8247,64.5113],[10.8922,64.4746],[10.9163,64.4931],[10.9567,64.4870],[10.9226,64.5074],[10.9641,64.5074],[10.9498,64.5204],[10.9567,64.5521],[10.9163,64.5825],[10.9712,64.6026],[11.0603,64.5757],[11.0761,64.5236],[11.1672,64.4891],[11.1780,64.4786],[11.1627,64.4459],[11.2697,64.4525],[11.3415,64.4317],[11.2248,64.3224],[11.2474,64.3255],[11.2999,64.3703],[11.3893,64.4050],[11.3620,64.4112],[11.4098,64.4522],[11.4433,64.4385],[11.6562,64.4801],[11.4377,64.4658],[11.4607,64.5111],[11.5395,64.5211],[11.5060,64.5484],[11.5737,64.5558],[11.5470,64.5415],[11.5700,64.5372],[11.7797,64.5968],[11.6357,64.5825],[11.6289,64.6241],[11.6111,64.6286],[11.5532,64.6030],[11.5947,64.5968],[11.5771,64.5750],[11.5167,64.5729],[11.4206,64.6363],[11.3961,64.6856],[11.4240,64.6958],[11.3961,64.7067],[11.4798,64.7195],[11.5317,64.7445],[11.6158,64.7402],[11.5532,64.7675],[11.8418,64.7948],[11.6432,64.8227],[11.7872,64.8358],[11.7872,64.8575],[11.6494,64.8432],[11.7454,64.8841],[11.9919,64.9302],[12.0637,64.9599],[12.2248,64.9394],[12.1438,64.9694],[12.0534,64.9729],[11.9116,64.9494],[11.7387,64.8910],[11.6170,64.8696],[11.6220,64.8432],[11.4782,64.8106],[11.4033,64.7597],[11.2385,64.7402],[11.3514,64.7675],[11.4296,64.8159],[11.3463,64.8049],[11.3024,64.8219],[11.2317,64.8227],[11.2526,64.8378],[11.5237,64.8625],[11.6971,64.9121],[11.2453,64.8575],[11.4013,64.9222],[11.5542,64.8990],[11.5947,64.9251],[11.5339,64.9047],[11.4773,64.9326],[11.5600,64.9531],[11.6357,64.9456],[11.6158,64.9599],[11.6290,64.9658],[11.6630,64.9531],[11.8201,64.9811],[11.8349,64.9866],[11.8045,64.9986],[11.8142,65.0180],[11.9785,65.0688],[12.0124,65.0554],[12.0154,65.0296],[12.0453,65.0601],[12.0934,65.0231],[12.1670,65.0201],[12.1731,64.9977],[12.2409,64.9953],[12.2924,64.9722],[12.4198,64.9879],[12.5595,64.9775],[12.6246,64.9501],[12.7592,64.9498],[12.8044,64.9719],[12.9339,64.9912],[12.9393,65.0301],[13.0244,65.0526],[13.1434,65.1190],[13.6436,65.1058],[14.2270,65.1322],[14.3320,65.1139],[14.3106,65.0841],[13.6427,64.5840],[13.9400,64.4913],[14.0608,64.4766],[14.0969,64.4653],[14.1155,64.4412],[14.1605,64.1872],[13.9823,64.0195],[13.9394,64.0095],[13.2341,64.0908],[12.9824,64.0588],[12.6818,63.9563],[12.2931,63.6569],[12.1702,63.5981],[12.2198,63.4742],[11.9924,63.2889],[12.2226,63.0014],[12.0932,62.9074],[12.1562,62.7336],[12.0912,62.5863],[12.2795,62.3442],[12.1709,62.3329],[12.0122,62.3660],[11.8229,62.3859],[11.7192,62.3687],[11.5730,62.3965],[11.4769,62.4611],[11.2350,62.5693],[11.1843,62.6189],[11.1688,62.6661],[11.1252,62.6798],[10.8965,62.7078],[10.7300,62.6689],[10.6735,62.6959],[10.5866,62.6883],[10.2856,62.7073],[10.1568,62.6549],[10.0969,62.5857],[10.0752,62.5107],[10.1049,62.4426],[9.9853,62.4049],[9.9174,62.3571],[9.8553,62.3577],[9.7830,62.2858],[9.5972,62.2743],[9.0906,62.3801],[8.4092,62.3789],[8.1542,62.3454],[8.0719,62.2431],[7.9709,62.1913],[7.7873,62.2054],[7.7283,62.1950],[7.6117,62.1225],[7.6193,62.0973],[7.5955,62.0878],[7.4978,62.1004],[7.3279,62.0498],[7.1374,62.0355],[7.0335,61.9996],[6.8050,61.9730],[6.7637,61.9914],[6.6701,62.0781],[6.4502,62.0277],[6.3402,61.9761],[6.1932,62.0083],[6.1066,61.9732],[5.9274,62.0003],[5.5738,61.9632],[5.4624,61.9960],[5.5363,62.0790]]],[[[6.6829,62.6575],[6.6466,62.6845],[6.6814,62.6981],[6.6748,62.7171],[6.7031,62.7357],[6.7439,62.7228],[6.8527,62.7459],[6.9194,62.7171],[6.9140,62.6981],[6.6829,62.6575]]],[[[6.9421,62.8259],[6.8800,62.8080],[6.9038,62.7903],[6.8867,62.7750],[6.7703,62.8169],[6.8042,62.8222],[6.7775,62.8398],[6.7900,62.8576],[6.8322,62.8415],[6.9243,62.8565],[6.9421,62.8259]]],[[[7.7063,63.0066],[7.6240,62.9896],[7.5088,62.9428],[7.3665,62.9967],[7.4355,63.0202],[7.4173,63.0360],[7.4355,63.0475],[7.4013,63.0612],[7.4902,63.0680],[7.4764,63.0550],[7.5270,63.0466],[7.5651,63.0202],[7.5750,63.0442],[7.5631,63.0506],[7.6061,63.0784],[7.5851,63.1165],[7.6206,63.1176],[7.6477,63.1096],[7.6403,63.0550],[7.7063,63.0066]]],[[[7.8430,63.0321],[7.7781,63.0202],[7.6813,63.0612],[7.7332,63.0955],[7.7781,63.0817],[7.8867,63.0997],[7.9147,63.0817],[7.8430,63.0321]]],[[[8.1884,63.1649],[8.0201,63.1379],[7.9768,63.1432],[7.9283,63.1779],[8.0778,63.2411],[8.1132,63.2394],[8.1884,63.1649]]],[[[8.1958,63.1671],[8.1652,63.2134],[8.2104,63.2273],[8.3253,63.1713],[8.1958,63.1671]]],[[[8.3449,63.1764],[8.2641,63.2326],[8.2778,63.2748],[8.3259,63.2595],[8.3535,63.2672],[8.3960,63.2268],[8.4104,63.2833],[8.4459,63.2836],[8.4838,63.2468],[8.5747,63.1996],[8.5657,63.1779],[8.4231,63.1610],[8.3449,63.1764]]],[[[7.7911,63.4038],[7.7781,63.4113],[7.9238,63.4373],[8.0040,63.4728],[8.0705,63.4732],[8.1007,63.4640],[8.1243,63.4259],[8.1816,63.3902],[8.0866,63.3288],[7.9768,63.3151],[7.9147,63.3424],[7.9973,63.3424],[7.8063,63.3712],[7.7867,63.3827],[7.7911,63.4038]]],[[[8.7180,63.4840],[8.4770,63.4312],[8.3903,63.4338],[8.3330,63.4591],[8.2993,63.4455],[8.2778,63.4665],[8.3172,63.5131],[8.4133,63.5578],[8.7234,63.5677],[8.5452,63.6024],[8.7882,63.6400],[8.8276,63.6395],[8.8464,63.6159],[8.8681,63.6461],[8.9651,63.6562],[8.9773,63.6441],[8.9568,63.6304],[8.9882,63.5927],[9.0800,63.6061],[9.1267,63.5690],[9.1760,63.5677],[9.1067,63.5332],[8.8585,63.4870],[8.7180,63.4840]]],[[[9.0763,63.6129],[9.0140,63.6266],[9.0578,63.6610],[9.1709,63.6414],[9.0763,63.6129]]],[[[8.5180,63.7197],[8.7434,63.7744],[8.6750,63.7675],[8.7371,63.8091],[8.8054,63.8153],[8.7917,63.7949],[8.8107,63.7816],[8.8255,63.7340],[8.7920,63.6980],[8.7434,63.6879],[8.4758,63.6642],[8.4559,63.6713],[8.5255,63.6918],[8.3352,63.6681],[8.2717,63.6850],[8.5180,63.7197]]],[[[9.9438,64.0114],[9.8538,64.0089],[9.8811,64.0199],[9.8437,64.0331],[9.8885,64.0490],[9.9438,64.0114]]],[[[11.4167,64.4727],[11.3157,64.4879],[11.2838,64.5132],[11.1801,64.5074],[11.1286,64.5558],[11.1416,64.5712],[11.2248,64.5695],[11.1917,64.5956],[11.0839,64.5882],[11.0429,64.5999],[11.0426,64.6303],[11.0857,64.6520],[11.2693,64.5922],[11.3121,64.5401],[11.4256,64.5397],[11.4514,64.5149],[11.4167,64.4727]]],[[[11.4339,64.5473],[11.3513,64.5643],[11.3479,64.5825],[11.3688,64.5910],[11.3664,64.6344],[11.3914,64.6110],[11.3930,64.6259],[11.4655,64.5878],[11.4817,64.5634],[11.4339,64.5473]]],[[[11.3557,64.6673],[11.3122,64.5996],[11.2454,64.6393],[11.1731,64.6373],[11.1816,64.6575],[11.1679,64.6597],[11.1855,64.6738],[11.3166,64.6897],[11.3557,64.6673]]],[[[10.8501,64.8493],[10.8269,64.8575],[11.1013,64.9531],[11.2663,64.8937],[11.1321,64.8388],[11.0460,64.8500],[11.0910,64.9015],[11.0057,64.8985],[10.8501,64.8493]]],[[[10.7109,64.8637],[10.7838,64.9240],[10.8717,64.9276],[11.0324,64.9729],[11.0334,64.9882],[11.1150,64.9729],[10.8989,64.9082],[10.8169,64.8685],[10.7381,64.8500],[10.7451,64.8637],[10.7109,64.8637]]],[[[11.7768,65.1184],[11.6735,65.0685],[11.6984,65.0574],[11.6572,65.0424],[11.6579,65.0646],[11.5798,65.0425],[11.5188,65.0545],[11.5310,65.0851],[11.5803,65.1096],[11.7768,65.1184]]]]}},{"type":"Feature","properties":{"zone":"NO_4","eic":"10YNO-4--------9","name":"NO4 BZ / MBA","country":"NO"},"geometry":{"type":"MultiPolygon","coordinates":[[[[12.0900,65.0414],[12.1370,65.0466],[12.1658,65.0284],[12.1763,65.0111],[12.0934,65.0231],[12.0589,65.0415],[12.0453,65.0601],[12.0900,65.0414]]],[[[12.1565,65.0554],[11.9998,65.0751],[11.9790,65.0828],[12.0483,65.0853],[12.0434,65.1070],[12.0605,65.1176],[12.1223,65.1312],[12.0927,65.1355],[12.0950,65.1784],[12.1909,65.2138],[12.2716,65.1646],[12.2248,65.1237],[12.3090,65.1105],[12.2702,65.0807],[12.1565,65.0554]]],[[[12.5066,65.3981],[12.3364,65.3315],[12.2111,65.3246],[12.2111,65.3025],[12.2477,65.2804],[12.0805,65.2150],[12.0534,65.2199],[12.1223,65.3025],[12.0807,65.3087],[12.1222,65.3573],[12.1806,65.3510],[12.2111,65.3776],[12.1608,65.3958],[12.3284,65.4670],[12.3142,65.4949],[12.2585,65.4729],[12.1974,65.4738],[12.2321,65.4874],[12.2043,65.4874],[12.2404,65.5260],[12.2452,65.5414],[12.2248,65.5489],[12.2742,65.5817],[12.3247,65.5319],[12.3973,65.5075],[12.4445,65.4670],[12.4616,65.4128],[12.5066,65.3981]]],[[[11.9760,65.6415],[11.9168,65.5899],[11.8486,65.6041],[11.8691,65.6104],[11.7592,65.6179],[11.8244,65.6930],[11.9261,65.7087],[11.9978,65.7001],[11.9997,65.6780],[11.9578,65.6650],[11.9760,65.6415]]],[[[12.7340,65.9755],[12.4658,65.8732],[12.4309,65.8710],[12.4786,65.8983],[12.3688,65.8915],[12.4724,65.9809],[12.6013,66.0216],[12.6500,66.0150],[12.6152,65.9741],[12.8003,66.0248],[12.9038,66.0150],[12.8901,66.0014],[12.7340,65.9755]]],[[[12.2942,66.0150],[12.4296,66.0871],[12.3421,66.0834],[12.4724,66.1113],[12.4874,66.1350],[12.5742,66.1585],[12.5042,66.1758],[12.4309,66.1659],[12.5429,66.2019],[12.5514,66.2203],[12.5952,66.2050],[12.6118,66.1568],[12.5470,66.1311],[12.6219,66.1311],[12.5879,66.1113],[12.6569,66.1039],[12.5333,66.0606],[12.2942,66.0150]]],[[[12.8249,66.2158],[12.7607,66.2219],[12.7409,66.2416],[12.7002,66.2432],[12.7999,66.3119],[12.8823,66.2768],[12.8792,66.2433],[12.8249,66.2158]]],[[[12.931,66.3893],[12.8912,66.4093],[12.8813,66.3905],[12.8989,66.3550],[12.8007,66.3847],[12.8502,66.4096],[12.8172,66.4425],[12.8967,66.4562],[12.9194,66.4315],[12.9288,66.4578],[12.9607,66.4594],[12.931,66.3893]]],[[[14.1984,67.0225],[14.2059,67.0088],[14.1582,67.0014],[14.1469,67.0327],[14.1001,67.0616],[13.9930,67.0839],[14.0620,67.1187],[14.0573,67.1330],[14.1521,67.1071],[14.2468,67.1737],[14.2736,67.1658],[14.2395,67.1154],[14.1923,67.0839],[14.2150,67.0324],[14.1984,67.0225]]],[[[14.3921,67.3985],[14.2267,67.3773],[14.3717,67.4411],[14.4192,67.4234],[14.3921,67.3985]]],[[[13.1569,68.0851],[13.0955,68.0571],[13.1365,68.0503],[13.1206,68.0382],[13.0613,68.0332],[13.0503,68.0165],[13.0750,68.0094],[13.1108,68.0282],[13.1238,67.9439],[13.0403,67.9404],[12.9768,67.9694],[12.9856,67.9479],[12.9602,67.9409],[13.0466,67.9154],[13.0136,67.8790],[12.8973,67.8559],[12.8708,67.8251],[12.7871,67.8101],[12.8484,67.8548],[12.8416,67.8790],[12.9791,68.0365],[13.0622,68.0708],[13.0750,68.0851],[13.0546,68.1049],[13.1569,68.0851]]],[[[13.4376,68.1260],[13.3662,68.0127],[13.3215,68.0298],[13.2386,67.9855],[13.2155,68.0366],[13.1843,68.0094],[13.1662,68.0153],[13.1684,68.0497],[13.2392,68.0921],[13.3283,68.0634],[13.3386,68.0860],[13.2805,68.1291],[13.2956,68.1522],[13.4090,68.1432],[13.4376,68.1260]]],[[[14.0434,68.1834],[13.9104,68.1676],[13.8763,68.1807],[13.8419,68.1596],[13.7740,68.1596],[13.8459,68.1205],[13.7740,68.1019],[13.7495,68.1232],[13.7226,68.1230],[13.6982,68.0981],[13.7187,68.0776],[13.6989,68.0702],[13.6437,68.0708],[13.6511,68.0776],[13.6232,68.0851],[13.6246,68.1078],[13.5949,68.1205],[13.5588,68.1196],[13.5412,68.1015],[13.5647,68.0817],[13.5271,68.0434],[13.4567,68.0709],[13.4856,68.1068],[13.5891,68.1596],[13.5629,68.1642],[13.4792,68.1322],[13.5133,68.1596],[13.4792,68.1670],[13.5275,68.1732],[13.4792,68.1869],[13.5156,68.2097],[13.6158,68.2266],[13.5000,68.2422],[13.6367,68.2943],[13.7911,68.2680],[13.8737,68.3255],[13.9192,68.3412],[13.9830,68.3373],[14.0078,68.2943],[13.9674,68.2695],[13.9935,68.2578],[14.0872,68.2826],[14.1588,68.2552],[14.1106,68.2070],[14.0620,68.2011],[14.0434,68.1834]]],[[[14.9531,68.2774],[14.8724,68.2227],[14.7955,68.2461],[14.8867,68.3008],[14.9401,68.3021],[14.9531,68.2774]]],[[[14.1432,68.2735],[14.1458,68.2956],[14.0586,68.2969],[14.0403,68.3125],[14.0794,68.3151],[14.0664,68.3320],[14.1471,68.3347],[14.2408,68.3138],[14.2682,68.2826],[14.2421,68.2565],[14.2005,68.2487],[14.1432,68.2735]]],[[[14.7199,68.2626],[14.7386,68.2958],[14.7745,68.3178],[14.7336,68.3377],[14.7097,68.3329],[14.6938,68.2862],[14.6237,68.2626],[14.6716,68.2495],[14.6149,68.2245],[14.3835,68.1807],[14.3220,68.1869],[14.3282,68.1732],[14.3121,68.1680],[14.1984,68.1527],[14.2197,68.1759],[14.1984,68.2011],[14.3562,68.2421],[14.2741,68.2370],[14.2531,68.2495],[14.3282,68.2626],[14.3059,68.2744],[14.3033,68.3119],[14.3579,68.3205],[14.3952,68.2873],[14.4250,68.2831],[14.4134,68.2973],[14.4427,68.3184],[14.4956,68.3060],[14.4660,68.3445],[14.4440,68.3373],[14.4381,68.3588],[14.3835,68.3725],[14.4934,68.3855],[14.5896,68.3650],[14.5417,68.4059],[14.6534,68.4285],[14.7075,68.3779],[14.7141,68.4232],[14.7609,68.4339],[14.8224,68.4097],[14.8219,68.3898],[14.7540,68.3588],[14.7835,68.3541],[14.8803,68.3859],[14.8974,68.4339],[15.0097,68.4280],[15.0633,68.4487],[15.1723,68.4544],[15.0341,68.3634],[15.0141,68.3588],[15.0141,68.3792],[14.9453,68.3513],[14.9793,68.3377],[14.7631,68.2590],[14.7199,68.2626]]],[[[14.6692,68.5873],[15.0000,68.5547],[14.9986,68.5351],[14.8919,68.4948],[14.7174,68.4909],[14.7044,68.5130],[14.6041,68.5586],[14.6692,68.5873]]],[[[14.4262,68.7144],[14.5417,68.7355],[14.4381,68.7560],[14.5239,68.8070],[14.5480,68.8039],[14.5722,68.7463],[14.6237,68.7355],[14.5896,68.7486],[14.6086,68.7780],[14.6442,68.7902],[14.6075,68.8072],[14.6135,68.8212],[14.6486,68.8329],[14.6858,68.8249],[14.6865,68.7574],[14.8435,68.7962],[14.8838,68.7902],[14.8723,68.7692],[14.9070,68.7602],[14.9453,68.7840],[14.9526,68.8175],[14.9043,68.8454],[14.9526,68.8659],[14.9910,68.8420],[15.0060,68.7938],[15.0498,68.8527],[15.1588,68.8175],[15.1456,68.8425],[15.0686,68.8789],[15.0766,68.8989],[15.0092,68.9633],[15.0076,68.9810],[15.1243,69.0153],[15.1682,68.9882],[15.1513,68.9621],[15.2065,68.9403],[15.1928,68.9273],[15.2407,68.9137],[15.1853,68.8858],[15.2143,68.8816],[15.2714,68.9197],[15.2952,68.9069],[15.2817,68.8659],[15.2407,68.8249],[15.3258,68.8587],[15.3840,68.8522],[15.3507,68.8029],[15.2749,68.7970],[15.3027,68.7765],[15.2749,68.7628],[15.3942,68.7311],[15.3977,68.6939],[15.3361,68.6528],[15.0626,68.5785],[14.8732,68.5844],[14.8427,68.5915],[14.8632,68.6052],[14.8064,68.6159],[14.8336,68.6444],[15.0346,68.6666],[15.0888,68.6950],[15.1650,68.7014],[15.1467,68.7255],[15.1513,68.7560],[15.0260,68.7711],[14.9936,68.7628],[15.0686,68.7486],[15.0195,68.7121],[14.9588,68.7076],[14.9588,68.7293],[14.9008,68.6813],[14.8619,68.6898],[14.8278,68.6734],[14.8087,68.6809],[14.8151,68.7147],[14.7503,68.6674],[14.6789,68.7076],[14.6169,68.6257],[14.5582,68.6272],[14.4919,68.6066],[14.4172,68.6195],[14.4318,68.6666],[14.3972,68.6604],[14.3698,68.6872],[14.4250,68.7014],[14.4262,68.7144]]],[[[14.8400,68.8916],[14.8572,68.9230],[14.8996,68.9308],[14.9586,68.9260],[14.9965,68.9015],[14.9583,68.8753],[14.8922,68.8733],[14.8400,68.8916]]],[[[-8.0089,71.1052],[-7.9830,71.0451],[-8.0059,71.0325],[-8.4013,70.9625],[-8.4975,70.9762],[-8.6197,70.9580],[-8.9289,70.8459],[-8.9865,70.8107],[-9.0797,70.8124],[-9.0660,70.8322],[-9.1174,70.8749],[-9.0466,70.8825],[-8.9163,70.9328],[-8.7904,70.9456],[-8.6927,70.9859],[-8.5168,71.0144],[-8.3977,71.1137],[-8.3256,71.1476],[-8.1873,71.1542],[-8.1231,71.1779],[-7.9835,71.1801],[-7.9384,71.1565],[-7.9578,71.1201],[-8.0089,71.1052]]],[[[18.1666,68.1584],[17.9507,67.9910],[17.8953,67.9696],[17.3214,68.1053],[17.2200,68.0400],[16.7828,67.8969],[16.6087,67.6472],[16.4829,67.5578],[16.4285,67.5340],[16.1807,67.4963],[16.1271,67.4227],[16.4378,67.2003],[16.4155,67.0527],[16.0388,66.8875],[15.6694,66.5994],[15.4262,66.4912],[15.4820,66.3408],[15.4818,66.2748],[15.0533,66.1532],[14.5405,66.1254],[14.6488,65.8023],[14.5606,65.7010],[14.5103,65.4647],[14.5142,65.3180],[14.3802,65.2402],[14.3320,65.1139],[14.2270,65.1322],[13.6436,65.1058],[13.1434,65.1190],[13.0244,65.0526],[12.9393,65.0301],[12.9339,64.9912],[12.8044,64.9719],[12.7592,64.9498],[12.6246,64.9501],[12.5595,64.9775],[12.4198,64.9879],[12.2924,64.9722],[12.2016,64.9992],[12.2111,65.0145],[12.1868,65.0344],[12.1931,65.0504],[12.3688,65.0902],[12.4715,65.0893],[12.5074,65.1212],[12.6362,65.1312],[12.6022,65.1374],[12.7905,65.2138],[12.8073,65.2420],[12.9399,65.3278],[12.6682,65.1959],[12.5027,65.1449],[12.3688,65.1517],[12.3816,65.1772],[12.4705,65.1826],[12.4991,65.2001],[12.4514,65.2063],[12.4383,65.2268],[12.3551,65.2268],[12.4082,65.2468],[12.7120,65.2541],[12.5164,65.2677],[12.4581,65.2541],[12.4650,65.2677],[12.4357,65.2733],[12.3454,65.2677],[12.2762,65.2322],[12.2452,65.2336],[12.3421,65.3025],[12.4514,65.3135],[12.4786,65.3366],[12.4103,65.3224],[12.4991,65.3708],[12.5164,65.3571],[12.6008,65.3546],[12.6565,65.3257],[12.6915,65.3298],[12.6627,65.3546],[12.5470,65.364],[12.5270,65.4055],[12.4786,65.4465],[12.5485,65.4470],[12.5742,65.4186],[12.6022,65.4323],[12.7120,65.3708],[12.6294,65.4323],[12.6497,65.4502],[12.7802,65.4596],[12.6084,65.4596],[12.6569,65.4806],[12.5965,65.4885],[12.5646,65.5136],[12.6157,65.5285],[12.5794,65.5495],[12.5742,65.5899],[12.5136,65.5121],[12.4650,65.5216],[12.5257,65.5618],[12.5338,65.5831],[12.4383,65.5285],[12.4043,65.5349],[12.3964,65.5519],[12.4171,65.5967],[12.3551,65.6041],[12.3488,65.6383],[12.3641,65.6524],[12.4953,65.7333],[12.5545,65.7293],[12.5813,65.7130],[12.5879,65.6896],[12.6362,65.6861],[12.6084,65.6513],[12.7408,65.6297],[12.7871,65.6383],[12.7581,65.6552],[12.6836,65.6614],[12.6501,65.7099],[12.5864,65.7277],[12.5577,65.7537],[12.6453,65.8076],[12.7175,65.7891],[12.7046,65.8022],[12.7111,65.8271],[12.6936,65.8355],[12.6116,65.8346],[12.6424,65.8915],[12.6823,65.9266],[12.7890,65.9649],[12.8484,65.9667],[12.9658,65.9257],[13.0403,65.9257],[13.0682,65.8983],[13.1204,65.8921],[13.1569,65.8506],[13.1760,65.8557],[13.1228,65.9431],[12.9783,65.9599],[12.9243,65.9940],[12.9631,66.0101],[12.9515,66.0355],[12.9705,66.0528],[13.0403,66.0834],[12.7120,66.0424],[12.7255,66.0560],[12.6704,66.0628],[12.6871,66.0746],[12.8689,66.1343],[13.0895,66.1461],[13.1036,66.1615],[13.306,66.2179],[13.5271,66.2401],[13.5765,66.2189],[13.4928,66.1857],[13.5822,66.1857],[13.5344,66.1386],[13.5358,66.1105],[13.6396,66.1572],[13.7602,66.1659],[13.8216,66.1470],[13.8348,66.1585],[13.8224,66.1718],[13.6095,66.1857],[13.6411,66.2206],[13.6964,66.2387],[13.8081,66.2341],[13.7602,66.1994],[13.9861,66.2410],[14.0097,66.2709],[14.1346,66.3163],[14.1438,66.3338],[14.1305,66.3430],[14.1001,66.3368],[13.9640,66.3047],[13.9074,66.2683],[13.7537,66.2958],[13.6990,66.2530],[13.6198,66.2409],[13.5754,66.2621],[13.6232,66.2752],[13.5754,66.2894],[13.5031,66.2590],[13.2873,66.2410],[13.2047,66.2046],[13.0403,66.1796],[13.0315,66.1982],[13.1630,66.2591],[13.3213,66.3002],[13.5344,66.3093],[13.4034,66.3167],[13.4519,66.3372],[13.3647,66.3383],[13.3108,66.3744],[13.3376,66.3278],[13.2265,66.2973],[13.1365,66.3031],[13.1577,66.3182],[13.1502,66.3303],[13.0372,66.3199],[13.0000,66.3571],[13.1409,66.3861],[13.1706,66.4123],[13.1569,66.4365],[13.1025,66.4539],[13.1638,66.4669],[12.9720,66.5222],[13.1025,66.5427],[13.2089,66.5141],[13.2253,66.4539],[13.3620,66.4555],[13.3972,66.4669],[13.2668,66.4669],[13.2877,66.5095],[13.2595,66.5222],[13.4894,66.5501],[13.6710,66.5153],[13.6233,66.5387],[13.4587,66.5637],[13.6013,66.6072],[13.7262,66.6048],[13.6875,66.6157],[13.5027,66.6065],[13.4233,66.5628],[13.2390,66.5484],[13.2048,66.5563],[13.2500,66.6138],[13.4034,66.6252],[13.1706,66.6519],[13.1911,66.6665],[13.3488,66.6457],[13.4519,66.6587],[13.5473,66.6382],[13.4801,66.6752],[13.2253,66.7140],[13.2560,66.7240],[13.4931,66.7140],[13.5275,66.6935],[13.6931,66.6913],[13.7187,66.7003],[13.6982,66.7140],[13.8512,66.7171],[13.8901,66.7350],[13.7119,66.7350],[13.5754,66.7140],[13.5471,66.7243],[13.5587,66.7534],[13.7529,66.7617],[13.5070,66.7822],[13.5418,66.8032],[13.6121,66.8098],[13.9930,66.7897],[13.6883,66.8350],[13.6779,66.8511],[13.6982,66.8579],[13.6438,66.8679],[13.6306,66.8996],[13.5207,66.9057],[13.5436,66.9218],[13.5896,66.9381],[13.7444,66.9369],[13.7802,66.9461],[13.7602,66.9678],[13.8390,66.9640],[13.9016,66.9921],[13.9726,66.9945],[13.9577,66.9740],[13.8901,66.9535],[13.9345,66.9221],[13.9589,66.9269],[13.9316,66.9330],[14.0437,66.9809],[14.0143,67.0225],[14.0599,67.0608],[14.1093,66.9906],[14.1515,66.9716],[14.2267,66.9835],[14.2690,67.0239],[14.2707,67.0431],[14.2463,67.0497],[14.2721,67.0600],[14.5295,67.0484],[14.5682,67.0181],[14.5958,67.0429],[14.5813,67.0584],[14.2674,67.0839],[14.3357,67.1249],[14.3281,67.1470],[14.3630,67.1596],[14.4519,67.1658],[14.4157,67.1293],[14.4228,67.1094],[14.4729,67.1392],[14.4592,67.1528],[14.6769,67.1595],[14.7503,67.1239],[14.7472,67.1454],[14.7231,67.1612],[14.5139,67.1801],[14.6037,67.2042],[14.6516,67.1852],[14.7814,67.2143],[14.9793,67.2143],[14.9248,67.2006],[14.9326,67.1804],[14.8906,67.1528],[14.9939,67.0990],[15.0079,67.1022],[15.0039,67.1149],[14.9316,67.1528],[15.0195,67.2040],[15.0945,67.2133],[15.1298,67.1957],[15.2185,67.1922],[15.3833,67.1567],[15.3947,67.1420],[15.3767,67.0976],[15.5014,67.0702],[15.4387,67.0976],[15.4387,67.1187],[15.4803,67.1528],[15.3767,67.2006],[15.4550,67.2135],[15.7404,67.1732],[15.6926,67.2068],[15.7063,67.2143],[15.6062,67.2028],[15.4079,67.2357],[15.2874,67.2056],[15.2612,67.2143],[15.3291,67.2263],[15.3424,67.2416],[15.0625,67.2477],[15.1377,67.2695],[15.1650,67.3104],[15.0135,67.2916],[14.9895,67.2704],[14.7745,67.2695],[14.8354,67.2552],[14.6738,67.2167],[14.6169,67.2143],[14.6945,67.2484],[14.6994,67.2757],[14.5756,67.2518],[14.3282,67.2416],[14.4113,67.2695],[14.6017,67.3773],[14.6052,67.3937],[14.5759,67.3986],[14.6169,67.4060],[14.6230,67.4206],[14.7999,67.4218],[14.8224,67.4060],[14.7950,67.3855],[14.8247,67.3783],[15.0490,67.4470],[14.8224,67.4470],[14.8427,67.4613],[14.7841,67.4624],[14.7685,67.4807],[14.7268,67.4886],[14.7941,67.5252],[15.0588,67.5773],[15.1588,67.5357],[15.1069,67.5296],[15.0083,67.5636],[14.9868,67.5495],[15.0551,67.5159],[15.0104,67.4870],[14.8292,67.4750],[15.0167,67.4687],[15.0793,67.4962],[15.1928,67.5159],[15.2127,67.4886],[15.1513,67.4811],[15.1723,67.4674],[15.1377,67.4203],[15.2171,67.4495],[15.2409,67.4791],[15.4290,67.4829],[15.4729,67.4613],[15.5417,67.3793],[15.5485,67.3514],[15.6447,67.3030],[15.6035,67.2803],[15.6584,67.2757],[15.7000,67.3030],[15.6214,67.3336],[15.5854,67.3955],[15.5144,67.4265],[15.5827,67.4613],[15.5286,67.4674],[15.5979,67.5099],[15.7863,67.5506],[15.8979,67.5568],[15.8681,67.5732],[15.6681,67.5519],[15.4987,67.5104],[15.2392,67.5292],[15.2283,67.5587],[15.2612,67.5773],[15.2407,67.5842],[15.2756,67.5935],[15.4108,67.5834],[15.4363,67.5598],[15.4660,67.5773],[15.4187,67.6046],[15.4387,67.6121],[15.4065,67.6312],[15.3704,67.6251],[15.3840,67.6121],[15.3591,67.6052],[15.2749,67.6251],[15.1943,67.6087],[15.1785,67.6183],[15.1964,67.6445],[15.3369,67.6872],[15.2749,67.6940],[15.3011,67.7202],[15.5417,67.6735],[15.5144,67.6940],[15.6584,67.6804],[15.5481,67.7112],[15.4865,67.6989],[15.4045,67.7350],[15.5969,67.7488],[15.7996,67.6790],[15.8365,67.6940],[15.7819,67.7077],[15.7887,67.7282],[15.6305,67.7623],[15.6926,67.7964],[15.5949,67.7738],[15.4113,67.7964],[15.4461,67.8321],[15.4327,67.8607],[15.4045,67.8244],[15.3694,67.8651],[15.3567,67.8511],[15.3840,67.8039],[15.1819,67.7145],[14.8361,67.6425],[14.7268,67.6593],[14.8769,67.7002],[14.7807,67.7145],[14.7929,67.7288],[15.1171,67.7418],[15.0153,67.7466],[14.9936,67.7692],[15.0346,67.7828],[14.8292,67.7623],[14.8430,67.7692],[14.8312,67.7918],[14.7883,67.7828],[14.7540,67.8039],[14.8069,67.8253],[15.1028,67.8511],[15.0758,67.8615],[14.8496,67.8449],[14.8994,67.8729],[14.9987,67.8954],[15.2332,67.8722],[15.2011,67.8598],[15.1990,67.8312],[15.3020,67.8903],[15.4831,67.9176],[15.5434,67.9169],[15.5031,67.8754],[15.5325,67.8523],[15.5349,67.8897],[15.6037,67.9305],[15.7522,67.9520],[15.8208,67.9376],[15.8409,67.9010],[15.8601,67.8996],[15.8855,67.9388],[15.9449,67.9655],[15.9687,68.0086],[16.0631,68.0161],[15.8502,68.0366],[15.8982,68.0668],[15.8774,68.0708],[15.7892,68.0343],[15.6023,68.0382],[15.5454,68.0746],[15.3840,68.0230],[15.4387,68.0094],[15.3982,67.9949],[15.3567,67.9959],[15.2817,68.0366],[15.4633,68.1242],[15.5075,68.1322],[15.5040,68.1051],[15.5286,68.0912],[15.5383,68.1118],[15.5830,68.1118],[15.6298,68.1345],[15.6437,68.1689],[15.6657,68.1670],[15.6584,68.1527],[15.7341,68.1397],[15.7000,68.1260],[15.7374,68.1027],[15.7101,68.0846],[15.6174,68.0912],[15.6284,68.0530],[15.6657,68.0503],[15.6574,68.0667],[15.6694,68.0723],[15.8444,68.0962],[15.9253,68.1322],[15.8723,68.1696],[15.8707,68.1869],[15.9420,68.1859],[15.9495,68.239],[15.9796,68.2500],[16.0378,68.2429],[16.0631,68.2011],[16.0278,68.1807],[16.0424,68.1622],[16.0971,68.1732],[16.1040,68.1602],[16.0696,68.1124],[16.0898,68.0742],[16.0836,68.0573],[16.0420,68.0298],[16.1928,67.9815],[16.2106,67.9588],[16.2200,67.8927],[16.2368,67.8836],[16.4847,67.7977],[16.5149,67.8039],[16.4602,67.8176],[16.4435,67.8315],[16.4534,67.8511],[16.2685,67.8893],[16.2545,67.9003],[16.2754,67.9268],[16.2754,67.9752],[16.2070,68.0025],[16.2742,68.0056],[16.4126,67.9063],[16.4665,67.8995],[16.4460,67.9268],[16.4665,67.9404],[16.3961,67.9589],[16.3335,68.0024],[16.3803,68.0089],[16.4515,67.9627],[16.5422,67.9610],[16.4633,67.9783],[16.5007,68.0161],[16.3647,68.0298],[16.3891,68.0592],[16.4636,68.0943],[16.6627,68.0506],[16.6889,68.0710],[16.5769,68.0851],[16.5007,68.1185],[16.3464,68.0821],[16.2890,68.0912],[16.3027,68.1118],[16.2412,68.1322],[16.3199,68.1258],[16.3601,68.1441],[16.4021,68.1370],[16.4126,68.1459],[16.3989,68.1527],[16.4162,68.1587],[16.4733,68.1527],[16.4126,68.1869],[16.5900,68.1670],[16.4668,68.2011],[16.4531,68.2284],[16.4057,68.2079],[16.1720,68.2036],[16.1621,68.2111],[16.1833,68.2211],[16.3556,68.239],[16.1033,68.2831],[16.1723,68.3178],[16.2817,68.3074],[16.3169,68.2831],[16.3884,68.2841],[16.5083,68.2554],[16.5598,68.2328],[16.5627,68.1943],[16.8029,68.1322],[16.7312,68.1767],[16.6121,68.2190],[16.5926,68.2394],[16.6037,68.2558],[16.5673,68.2763],[16.4118,68.2987],[16.3177,68.3294],[16.2643,68.3242],[16.2412,68.3315],[16.2815,68.3445],[16.2200,68.3513],[16.4228,68.3893],[16.6945,68.4054],[16.8698,68.3725],[16.8786,68.3551],[16.8240,68.3240],[17.1272,68.3728],[17.1831,68.3377],[17.1967,68.3004],[17.2238,68.2842],[17.3305,68.2558],[17.3100,68.2322],[17.3305,68.2079],[17.3186,68.1700],[17.3339,68.1670],[17.3640,68.1835],[17.3520,68.2255],[17.4199,68.2359],[17.3899,68.2668],[17.2229,68.3395],[17.2060,68.3729],[17.2555,68.3930],[17.2478,68.4059],[17.3279,68.4083],[17.5769,68.3588],[17.3645,68.4134],[17.5398,68.4283],[17.7094,68.4118],[17.8166,68.3847],[17.8718,68.3930],[17.6121,68.4508],[17.4676,68.4475],[17.5465,68.5300],[17.3645,68.5028],[17.2601,68.4552],[17.0466,68.4341],[17.0016,68.4475],[17.0813,68.4582],[17.0919,68.4807],[16.9879,68.5096],[16.8486,68.4487],[16.5348,68.4383],[16.5007,68.4509],[16.4646,68.5099],[16.5420,68.5437],[16.6211,68.5335],[16.6282,68.5508],[16.5732,68.5692],[16.5627,68.5915],[16.5970,68.6295],[16.9607,68.7045],[16.9929,68.7079],[17.0809,68.6640],[17.0835,68.6461],[17.1486,68.6323],[17.1865,68.6387],[17.1004,68.6695],[17.1005,68.6906],[17.2501,68.7239],[17.3703,68.7111],[17.4602,68.6666],[17.5766,68.6741],[17.6793,68.6604],[17.6206,68.6813],[17.4944,68.6903],[17.4033,68.7444],[17.3738,68.7503],[17.3235,68.7315],[17.2343,68.7560],[17.4609,68.8153],[17.5647,68.7887],[17.7216,68.7784],[17.7829,68.7486],[17.7828,68.7781],[17.7392,68.7913],[17.4676,68.8312],[17.7073,68.8932],[17.7687,68.8718],[17.8513,68.8727],[17.8259,68.8937],[17.7073,68.9137],[17.7209,68.9342],[17.4261,68.8994],[17.4797,68.9478],[17.5337,68.9608],[17.5304,68.9868],[17.4882,68.9956],[17.6793,69.0918],[17.6316,69.1055],[17.6588,69.1168],[17.8689,69.1213],[17.9588,69.1485],[18.1523,69.1539],[18.0710,69.1775],[18.1052,69.2290],[17.9885,69.2352],[18.0040,69.2501],[18.0031,69.2857],[18.0157,69.3041],[18.1386,69.3525],[18.1305,69.3693],[18.1803,69.4077],[18.1550,69.4575],[18.2633,69.4881],[18.3225,69.4789],[18.3823,69.4313],[18.3647,69.3915],[18.4475,69.3935],[18.5029,69.3700],[18.4956,69.2904],[18.5162,69.2761],[18.5024,69.2352],[18.5332,69.2778],[18.5383,69.3479],[18.5647,69.3646],[18.6020,69.3002],[18.6916,69.2634],[18.7029,69.2625],[18.7031,69.2876],[18.6736,69.3041],[18.7350,69.3241],[18.8239,69.3252],[19.0129,69.2870],[19.0135,69.2993],[18.9546,69.3283],[18.6648,69.3693],[18.6066,69.3904],[18.5778,69.4313],[18.4546,69.4543],[18.4887,69.4822],[18.4685,69.5040],[18.4742,69.5164],[18.8527,69.5523],[18.8642,69.5219],[18.8444,69.5027],[18.8937,69.4976],[18.9353,69.4462],[19.0095,69.4282],[19.0144,69.3970],[19.1460,69.3525],[19.3474,69.3441],[19.3794,69.3218],[19.3505,69.2904],[19.2849,69.2755],[19.2153,69.2815],[19.1670,69.2670],[19.1775,69.2534],[19.2509,69.2742],[19.2723,69.2523],[19.2490,69.2426],[19.3007,69.2240],[19.3794,69.2426],[19.4772,69.2207],[19.5092,69.2290],[19.4485,69.2603],[19.4494,69.3248],[19.3501,69.3790],[19.1193,69.3860],[19.0778,69.4345],[19.0013,69.4643],[18.9926,69.4831],[19.0057,69.5061],[19.0691,69.5332],[19.1948,69.5504],[19.2627,69.5232],[19.2292,69.5679],[19.0533,69.5521],[19.0163,69.5343],[18.9580,69.5611],[18.9443,69.6153],[19.0849,69.6934],[19.0983,69.7361],[19.1178,69.7433],[19.2957,69.7829],[19.4443,69.7770],[19.5587,69.8001],[19.7841,69.8043],[19.7314,69.7568],[19.7286,69.7228],[19.6743,69.6815],[19.7273,69.6421],[19.6298,69.5204],[19.6264,69.4959],[19.6501,69.4596],[19.5817,69.4374],[19.5302,69.4003],[19.6884,69.4447],[19.7248,69.5160],[19.7083,69.5307],[19.7568,69.5995],[19.7431,69.6126],[19.9285,69.6051],[20.0602,69.5790],[20.1125,69.5853],[20.0315,69.5883],[19.8577,69.6272],[19.8244,69.6815],[19.8244,69.7119],[19.8781,69.7443],[19.8723,69.7634],[19.9277,69.7841],[20.0061,69.8428],[19.9685,69.7634],[20.0070,69.7685],[20.1677,69.9422],[20.1706,69.8804],[20.2072,69.8589],[20.2076,69.9318],[20.2703,69.9678],[20.3149,69.9638],[20.4253,69.8771],[20.3186,69.6815],[20.3830,69.6346],[20.3825,69.5987],[20.2741,69.5606],[20.3043,69.5443],[20.2695,69.5172],[20.2784,69.4851],[20.2417,69.4597],[20.2155,69.4686],[20.1687,69.3937],[19.9821,69.3389],[20.0026,69.3252],[19.9168,69.2692],[19.9480,69.2631],[20.0704,69.3360],[20.2770,69.3922],[20.3542,69.4680],[20.4410,69.5227],[20.4521,69.5558],[20.4824,69.5778],[20.6469,69.5211],[20.8530,69.4959],[20.7184,69.5283],[20.6476,69.5853],[20.4923,69.6272],[20.4882,69.6483],[20.5417,69.7053],[20.5351,69.7304],[20.4824,69.7634],[20.6429,69.7726],[20.7851,69.8017],[20.8249,69.8415],[20.7915,69.8795],[21.0925,69.9483],[20.8938,69.8528],[20.9550,69.8460],[20.9690,69.8323],[20.9410,69.8186],[21.0205,69.7881],[21.0509,69.7975],[20.9963,69.8248],[21.0686,69.8426],[21.0583,69.8596],[21.1704,69.8756],[21.1888,69.8695],[21.1805,69.8545],[21.1267,69.8112],[21.1792,69.8194],[21.2229,69.8454],[21.2092,69.9074],[21.3259,69.9074],[21.2092,69.9347],[21.2252,69.9746],[21.2898,70.0210],[21.3925,70.0289],[21.5581,69.9894],[21.5696,69.9653],[21.6064,69.9552],[21.5786,69.9279],[21.6088,69.9119],[21.7576,69.8828],[21.9045,69.8254],[21.9572,69.7778],[22.0515,69.7498],[21.9770,69.7498],[22.0001,69.7403],[22.0610,69.7333],[22.0981,69.7498],[22.0589,69.7702],[22.0561,69.7936],[21.9155,69.8385],[22.0180,69.8454],[22.0119,69.8595],[21.9300,69.8793],[21.9135,69.9452],[21.9285,69.9831],[22.0240,69.9855],[22.0348,69.9794],[22.0247,69.9552],[22.0522,69.9384],[22.0515,70.0167],[22.1136,70.0303],[21.8658,70.0119],[21.7983,70.0371],[21.8388,70.0551],[22.0051,70.0613],[22.0827,70.0965],[22.0993,70.1203],[21.9582,70.0845],[21.8392,70.0924],[21.8050,70.0713],[21.7194,70.0606],[21.6132,70.0985],[21.4822,70.0985],[21.4365,70.1496],[21.4965,70.1749],[21.3122,70.1675],[21.2092,70.2084],[21.2703,70.2385],[21.4393,70.2694],[21.4450,70.2378],[21.4897,70.2084],[21.5177,70.3046],[21.5529,70.3210],[21.5859,70.3121],[21.5891,70.2872],[21.6132,70.2699],[21.7094,70.2500],[21.8740,70.1470],[21.8603,70.2022],[21.8945,70.2084],[21.8273,70.2266],[21.8056,70.2572],[21.9868,70.3234],[22.0315,70.3183],[21.9838,70.2842],[22.1048,70.3041],[22.1171,70.2334],[22.1528,70.2465],[22.1408,70.2842],[22.3058,70.2872],[22.3151,70.2726],[22.2575,70.2295],[22.2917,70.1675],[22.2370,70.1402],[22.2746,70.1354],[22.4049,70.1470],[22.5593,70.1266],[22.5073,70.1467],[22.3259,70.1675],[22.3737,70.2500],[22.4006,70.2582],[22.5870,70.2420],[22.6036,70.2184],[22.9670,70.2074],[22.9705,70.1893],[22.8366,70.1203],[22.5525,70.0855],[22.4345,70.0889],[22.2849,70.0440],[22.8671,70.1060],[23.0185,70.1470],[22.9980,70.0821],[23.0200,70.0380],[23.1284,70.0337],[23.1198,69.9989],[23.1489,69.9757],[23.0944,69.9552],[23.1254,69.9444],[23.3141,69.9965],[23.3390,69.9777],[23.3095,69.9497],[23.3298,69.9483],[23.4672,69.9857],[23.5393,70.0241],[23.2968,70.0397],[23.1755,70.0924],[23.3792,70.1232],[23.4021,70.1402],[23.2990,70.1675],[23.4030,70.1808],[23.4220,70.1954],[23.2807,70.1984],[23.2439,70.2158],[23.5319,70.2438],[23.4704,70.2560],[23.2922,70.2438],[23.3128,70.2569],[23.6144,70.3046],[23.5119,70.2978],[23.5461,70.3251],[23.4636,70.3183],[23.5131,70.3655],[23.7509,70.4487],[23.8403,70.4970],[23.9179,70.5094],[24.1862,70.4939],[24.3502,70.4562],[24.3553,70.4719],[24.2314,70.5238],[24.1027,70.5414],[24.2643,70.6062],[24.2822,70.6575],[24.3523,70.6909],[24.4777,70.6832],[24.6469,70.6179],[24.7234,70.6210],[24.7385,70.6442],[24.7248,70.6652],[24.6422,70.7025],[24.6559,70.7093],[24.5324,70.7503],[24.2923,70.7641],[24.2451,70.7844],[24.2680,70.8002],[24.2693,70.8384],[24.3957,70.8668],[24.4088,70.8459],[24.4658,70.8344],[24.4641,70.8180],[24.6354,70.7797],[24.6496,70.7987],[24.6007,70.8254],[24.6132,70.8593],[24.7102,70.8590],[24.7248,70.8732],[24.6081,70.8943],[24.6286,70.9080],[24.5739,70.9352],[24.6559,70.9496],[24.5876,70.9625],[24.6660,70.9776],[24.7741,70.9682],[24.8601,70.9283],[24.8204,70.9080],[24.9848,70.9142],[24.9681,70.9298],[24.9879,70.9581],[24.9712,70.9625],[25.0334,70.9713],[25.0628,70.9575],[25.0532,70.9278],[24.9889,70.8913],[24.9160,70.8732],[24.9713,70.8761],[25.0673,70.8527],[25.0760,70.8843],[25.1535,70.9195],[25.2418,70.8623],[25.2661,70.8254],[25.2456,70.7913],[25.2947,70.8134],[25.3415,70.8124],[25.3922,70.8844],[25.3966,70.9007],[25.3418,70.9527],[25.3650,70.9761],[25.5359,70.9229],[25.5124,70.8869],[25.4231,70.8596],[25.4416,70.8414],[25.5124,70.8698],[25.5533,70.8527],[25.5888,70.8806],[25.6626,70.8953],[25.7057,70.8955],[25.7561,70.8596],[25.7905,70.8806],[25.8816,70.8956],[25.9257,70.8636],[25.7532,70.7844],[25.6291,70.7639],[25.6565,70.7360],[25.6201,70.7123],[25.4467,70.6619],[25.3537,70.6071],[25.0735,70.5033],[25.2459,70.5278],[25.2871,70.5107],[25.2425,70.4866],[25.0599,70.4896],[25.0975,70.4713],[25.2433,70.4784],[25.2871,70.4561],[25.2518,70.4480],[25.2566,70.3863],[25.1977,70.4003],[25.0810,70.3593],[25.1357,70.3530],[25.1054,70.3362],[25.1220,70.3183],[25.1867,70.3393],[25.2039,70.3319],[25.2013,70.3070],[24.9798,70.2294],[24.9702,70.1768],[24.9467,70.1576],[24.9433,70.1023],[25.0042,70.0640],[25.0371,70.0643],[25.0333,70.0924],[25.0060,70.1185],[25.0122,70.1339],[25.0947,70.1538],[25.0735,70.1266],[25.1357,70.1266],[25.0810,70.1060],[25.1137,70.0824],[25.2526,70.1013],[25.3243,70.1824],[25.3947,70.1996],[25.4505,70.2494],[25.5403,70.2978],[25.4231,70.3251],[25.4410,70.3422],[25.6564,70.4406],[25.8691,70.5641],[25.9905,70.6065],[26.0708,70.7124],[26.1364,70.7230],[26.1635,70.7577],[26.3742,70.8684],[26.6136,70.9491],[26.6911,70.9557],[26.6775,70.9421],[26.7253,70.9278],[26.7301,70.8878],[26.6638,70.8493],[26.6799,70.8266],[26.7457,70.8322],[26.6915,70.7729],[26.6911,70.7360],[26.6404,70.7066],[26.3416,70.6479],[26.3753,70.6383],[26.5374,70.6618],[26.6569,70.6405],[26.6018,70.5585],[26.6062,70.5443],[26.5608,70.5176],[26.5813,70.4766],[26.5213,70.4483],[26.5130,70.4315],[26.5266,70.4077],[26.5058,70.3628],[26.5538,70.3530],[26.5949,70.3797],[26.6495,70.3797],[26.6344,70.4130],[26.7531,70.4273],[26.7993,70.4546],[26.8122,70.4799],[26.9450,70.4828],[26.9314,70.4664],[26.9482,70.4624],[27.1020,70.4697],[26.9760,70.5274],[26.9660,70.5380],[27.0070,70.5585],[26.9729,70.5653],[27.0214,70.5989],[27.0809,70.6131],[27.2666,70.5852],[27.0998,70.6410],[27.1567,70.6814],[27.0809,70.7025],[27.1106,70.7287],[27.3294,70.7433],[27.3422,70.7577],[27.2804,70.7747],[27.3239,70.8236],[27.6296,70.8049],[27.4801,70.8254],[27.5340,70.8459],[27.4534,70.8793],[27.3912,70.8763],[27.3868,70.8916],[27.4104,70.9142],[27.3351,70.8840],[27.1909,70.8949],[27.1225,70.9216],[27.1338,70.9500],[27.1711,70.9668],[27.3489,70.9421],[27.3078,70.9726],[27.2324,70.9967],[27.2216,71.0189],[27.2531,71.0263],[27.4764,71.0066],[27.5085,70.9685],[27.5542,70.9552],[27.5755,70.9688],[27.5643,70.9944],[27.5825,71.0172],[27.5330,71.0287],[27.5245,71.0744],[27.5686,71.0972],[27.6423,71.0954],[27.6501,71.1271],[27.7155,71.1042],[27.7246,71.0903],[27.6980,71.0656],[27.7216,71.0597],[27.8767,71.0377],[28.0432,71.0709],[28.0810,71.0409],[28.1914,71.0861],[28.2609,71.0557],[28.1989,71.0172],[28.2192,71.0172],[28.1852,70.9967],[28.2397,71.0110],[28.2050,70.9831],[28.2330,70.9770],[28.3434,71.0042],[28.4914,70.9998],[28.5488,70.9726],[28.4831,70.8894],[28.3694,70.8869],[28.4451,70.8664],[28.3434,70.8459],[28.3632,70.8254],[28.2254,70.8322],[28.3012,70.8124],[28.2658,70.7949],[28.1796,70.7828],[28.0231,70.7929],[27.9987,70.8157],[27.9506,70.7977],[27.7600,70.7913],[27.8282,70.7708],[27.7736,70.7435],[27.8996,70.7682],[28.0066,70.7428],[28.1305,70.7360],[28.0724,70.7032],[27.9334,70.6870],[27.6501,70.6063],[27.7946,70.6136],[28.1538,70.6779],[28.2534,70.7163],[28.2833,70.7184],[28.3012,70.7025],[28.2878,70.6537],[28.2331,70.6151],[27.8493,70.4828],[27.8835,70.4282],[27.9145,70.4732],[27.9449,70.4891],[27.9797,70.4970],[27.9381,70.4697],[28.1852,70.5033],[28.0800,70.4771],[28.0408,70.4447],[28.1305,70.4697],[28.1040,70.4543],[28.1271,70.4418],[28.2529,70.5100],[28.3352,70.5176],[28.1606,70.3827],[28.1733,70.3329],[28.1578,70.2473],[28.1779,70.1822],[28.1672,70.1354],[28.0997,70.0881],[28.0138,70.0713],[28.0662,70.0631],[28.1839,70.1155],[28.2254,70.1740],[28.1989,70.2158],[28.1914,70.2842],[28.2254,70.3456],[28.2326,70.3991],[28.3208,70.4389],[28.3291,70.4697],[28.3903,70.4933],[28.4588,70.4896],[28.4692,70.4551],[28.5073,70.4487],[28.5004,70.4828],[28.5550,70.5107],[28.4588,70.5176],[28.3974,70.5482],[28.4017,70.5589],[28.5168,70.6781],[28.6202,70.6782],[28.5262,70.7217],[28.5550,70.7503],[28.7946,70.8732],[29.0826,70.8806],[29.1045,70.8730],[29.0622,70.8596],[29.2213,70.8554],[29.2614,70.8397],[29.2824,70.8051],[29.4047,70.7844],[29.2949,70.7435],[29.4178,70.7360],[29.3222,70.7230],[29.3637,70.7093],[29.2814,70.6814],[29.2949,70.6746],[29.2814,70.6609],[29.3064,70.6528],[29.3921,70.6973],[29.5177,70.7058],[29.6995,70.7437],[29.7789,70.7265],[29.7815,70.6889],[29.6792,70.6200],[29.8230,70.6336],[29.9938,70.7130],[30.1047,70.7107],[30.2067,70.6814],[30.0969,70.6479],[30.2408,70.6336],[30.3473,70.5961],[30.1247,70.5517],[30.1652,70.5312],[30.0007,70.5380],[30.1630,70.5246],[30.5016,70.5585],[30.5817,70.5421],[30.5991,70.5297],[30.5623,70.5176],[30.7319,70.4681],[30.7412,70.4418],[30.7866,70.4206],[30.8123,70.4147],[30.9260,70.4561],[30.9469,70.4500],[31.0633,70.3667],[31.0193,70.3399],[31.0217,70.3251],[31.0769,70.2842],[30.9336,70.2637],[30.5488,70.2486],[30.5151,70.2390],[30.5146,70.2158],[30.4889,70.2030],[30.3748,70.1858],[30.3574,70.1612],[30.3842,70.1538],[30.3552,70.1297],[30.1194,70.0849],[30.1589,70.0713],[29.2204,70.1203],[28.6536,70.1823],[28.6165,70.1769],[28.5966,70.1613],[28.7536,70.1675],[28.6901,70.1341],[28.6103,70.1203],[28.6294,70.1071],[28.7326,70.0985],[28.7864,70.1111],[28.8499,70.0985],[28.7326,70.0855],[28.9240,70.0738],[28.9933,70.0558],[29.1379,70.0576],[29.1242,70.0440],[29.1925,70.0371],[29.1303,70.0167],[29.1583,70.0092],[29.3434,70.0167],[29.6858,69.9695],[29.4401,69.9008],[29.3637,69.8596],[29.4358,69.8623],[29.5351,69.9142],[29.6043,69.9012],[29.7412,69.9074],[29.7412,69.8658],[29.7754,69.8385],[29.7369,69.8029],[29.6492,69.7719],[29.5896,69.7224],[29.5079,69.7088],[29.5434,69.7083],[29.4873,69.6610],[29.6800,69.7354],[29.9016,69.7363],[30.0304,69.7759],[30.0627,69.7702],[30.0009,69.7255],[29.9366,69.7057],[29.9393,69.6877],[29.9523,69.7052],[30.0711,69.7399],[30.1145,69.7062],[30.1862,69.6877],[30.1106,69.7560],[30.2067,69.7702],[30.2089,69.7844],[30.1589,69.8112],[30.1652,69.8795],[30.2892,69.8865],[30.3239,69.8671],[30.2688,69.8454],[30.3718,69.8476],[30.4025,69.8312],[30.4098,69.7022],[30.3881,69.6803],[30.3370,69.6740],[30.4435,69.6784],[30.4474,69.7333],[30.4665,69.7470],[30.4506,69.8102],[30.4829,69.8181],[30.6987,69.8085],[30.7205,69.7975],[30.7003,69.7834],[30.7169,69.7702],[30.8409,69.8058],[30.8439,69.7662],[30.8770,69.7376],[30.8842,69.7023],[30.9277,69.6721],[30.9270,69.5783],[30.8982,69.5442],[30.7553,69.5214],[30.5116,69.5363],[30.2306,69.6373],[30.1190,69.6345],[30.2087,69.6086],[30.2316,69.5583],[30.2106,69.5282],[30.1548,69.5060],[30.1234,69.4419],[29.9480,69.3655],[29.7513,69.3571],[29.6042,69.3152],[29.3767,69.3016],[29.3345,69.2773],[29.3022,69.2008],[29.2210,69.0984],[29.0647,69.0347],[28.9540,69.0272],[28.8396,69.0802],[28.8269,69.1068],[28.8647,69.2166],[29.2292,69.3768],[29.3445,69.4643],[29.2031,69.5859],[29.1471,69.6639],[28.4045,69.8022],[28.3797,69.8223],[28.3811,69.8562],[28.1673,69.8943],[27.8972,70.0706],[27.7921,70.0589],[27.6650,70.0682],[27.6125,70.0620],[27.5633,70.0235],[27.3345,69.9686],[27.3231,69.9596],[27.3524,69.9487],[27.3118,69.9294],[27.1003,69.9017],[26.8645,69.9380],[26.5006,69.9183],[26.4358,69.8742],[26.4478,69.8560],[26.4187,69.8356],[26.3168,69.7949],[26.1982,69.7154],[26.0051,69.6893],[25.9617,69.6525],[26.0051,69.6108],[26.0039,69.5871],[25.9602,69.5486],[25.8866,69.5208],[25.9064,69.5018],[25.8857,69.4791],[25.8866,69.4551],[25.8413,69.4177],[25.8773,69.3708],[25.7866,69.3127],[25.7372,69.2182],[25.7341,69.1913],[25.7712,69.1351],[25.7502,69.0592],[25.7658,69.0306],[25.8010,69.0131],[25.7958,68.9933],[25.7538,68.9783],[25.7263,68.9424],[25.6277,68.8741],[25.4339,68.8838],[25.2012,68.8126],[25.1496,68.7646],[25.1324,68.6476],[24.9517,68.6050],[24.9051,68.5569],[24.8792,68.5548],[24.7541,68.6378],[24.6634,68.6660],[24.3324,68.7086],[24.1868,68.7445],[24.1311,68.7761],[23.9290,68.8162],[23.7872,68.7997],[23.7348,68.7154],[23.4815,68.6856],[23.1975,68.6180],[23.0714,68.6808],[22.8516,68.6757],[22.5701,68.7268],[22.4092,68.7129],[22.3713,68.8226],[22.2772,68.8574],[22.2002,68.9084],[22.1607,68.9561],[22.0230,69.0120],[21.6628,69.2632],[21.3135,69.2914],[21.0983,69.2394],[21.0630,69.2149],[21.0335,69.1812],[21.1563,69.0876],[21.0715,69.0366],[20.7443,69.1043],[20.6231,69.0363],[20.1022,69.0221],[20.3411,68.9100],[20.3565,68.8045],[20.3388,68.7654],[20.2366,68.6590],[20.1517,68.6068],[19.9622,68.5411],[20.2459,68.4773],[20.0102,68.3638],[19.9310,68.3501],[19.0381,68.5056],[18.6445,68.5012],[18.4362,68.5738],[18.1615,68.5301],[18.1356,68.3957],[18.1885,68.1987],[18.1666,68.1584]]],[[[15.2536,67.9165],[14.9802,67.9146],[14.9611,67.9415],[14.9720,67.9700],[15.0520,67.9682],[15.1057,68.0007],[15.1088,67.9762],[15.1399,67.9584],[15.2627,67.9325],[15.3039,67.9450],[15.2536,67.9165]]],[[[15.1596,67.9956],[15.2303,68.0366],[15.2866,67.9769],[15.1848,67.9667],[15.1596,67.9956]]],[[[15.7287,68.0119],[15.6173,67.9852],[15.4824,68.0026],[15.5740,68.0255],[15.8597,68.0274],[15.9187,68.0142],[15.9336,67.9970],[15.8411,67.9837],[15.7287,68.0119]]],[[[16.3715,68.4475],[16.4140,68.4184],[16.2307,68.4095],[16.1235,68.3792],[16.0949,68.3975],[16.1723,68.4277],[16.1176,68.4339],[16.1689,68.4990],[16.2216,68.5237],[16.3587,68.5348],[16.4121,68.5194],[16.4228,68.4919],[16.4665,68.4686],[16.3715,68.4475]]],[[[16.4975,68.5540],[16.2221,68.5474],[16.1555,68.5245],[16.0935,68.5335],[16.0533,68.4648],[16.0120,68.4469],[15.9663,68.3930],[15.9039,68.3698],[15.8762,68.3690],[15.8842,68.4441],[15.8707,68.4954],[15.8492,68.4347],[15.7744,68.4308],[15.8161,68.3930],[15.7478,68.4253],[15.7199,68.3930],[15.7267,68.3725],[15.6584,68.3650],[15.7063,68.3588],[15.6243,68.3004],[15.5827,68.3041],[15.5964,68.3178],[15.5276,68.3377],[15.3759,68.3275],[15.3383,68.3319],[15.3226,68.3513],[15.3425,68.3482],[15.4059,68.3919],[15.4729,68.4059],[15.6113,68.4749],[15.5417,68.5096],[15.5539,68.4753],[15.4393,68.4184],[15.3840,68.4202],[15.2786,68.3732],[15.2117,68.3659],[15.1853,68.3513],[15.2332,68.3377],[15.1340,68.3080],[15.0857,68.2712],[15.0004,68.2533],[14.9868,68.2694],[15.0073,68.2831],[14.9953,68.2977],[15.0092,68.3136],[15.0681,68.3390],[15.1925,68.4348],[15.2680,68.4612],[15.3567,68.4612],[15.2407,68.4749],[15.2483,68.4862],[15.3369,68.4885],[15.2817,68.4954],[15.2714,68.5158],[15.1785,68.5233],[15.2172,68.5568],[15.3116,68.5588],[15.3232,68.5628],[15.3089,68.5785],[15.3947,68.5847],[15.4523,68.5574],[15.3916,68.6052],[15.4523,68.5978],[15.4387,68.6195],[15.5488,68.6257],[15.5891,68.6064],[15.6305,68.6121],[15.4977,68.6424],[15.4420,68.6821],[15.4430,68.7235],[15.6048,68.7357],[15.7136,68.7014],[15.6396,68.7432],[15.4759,68.7468],[15.4598,68.7560],[15.4523,68.8112],[15.4970,68.8039],[15.5286,68.8249],[15.6379,68.8249],[15.5634,68.8391],[15.5485,68.8522],[15.5532,68.8722],[15.6242,68.8858],[15.5964,68.9069],[15.6447,68.9547],[15.6766,68.9627],[15.7784,68.9547],[15.8575,68.9701],[15.9074,68.9594],[15.8979,68.9174],[15.9240,68.8864],[15.8707,68.7902],[15.7614,68.7355],[15.8535,68.7476],[15.9555,68.7916],[15.9895,68.7634],[15.9331,68.6841],[15.8707,68.6530],[15.7744,68.6325],[15.7778,68.5621],[15.7404,68.5300],[15.8029,68.5513],[15.8167,68.6108],[15.8585,68.6341],[16.0051,68.6775],[16.0278,68.6741],[16.0612,68.6303],[16.0830,68.6387],[16.0810,68.6725],[16.0332,68.7113],[16.1074,68.7407],[16.2132,68.7355],[16.2010,68.7607],[16.0945,68.8016],[16.0971,68.8312],[16.2070,68.8584],[16.2840,68.8403],[16.2952,68.8549],[16.2624,68.8666],[16.2546,68.9032],[16.3146,68.8701],[16.4388,68.8495],[16.4555,68.8153],[16.5559,68.8249],[16.4944,68.7902],[16.5467,68.7826],[16.5559,68.7703],[16.5261,68.7609],[16.5285,68.7219],[16.5769,68.7076],[16.5348,68.6809],[16.5608,68.6716],[16.5589,68.6552],[16.4910,68.6057],[16.5060,68.5681],[16.4975,68.5540]]],[[[16.8235,68.7399],[16.8442,68.7732],[17.0156,68.8600],[17.0529,68.8175],[17.1456,68.7703],[16.8409,68.7254],[16.8235,68.7399]]],[[[17.4404,68.8659],[17.2998,68.8036],[17.2236,68.7930],[17.1782,68.8150],[17.1587,68.8659],[17.0871,68.8985],[17.0835,68.9137],[17.1045,68.9250],[17.2558,68.8554],[17.2822,68.8584],[17.2204,68.8822],[17.2053,68.9132],[17.3196,68.9184],[17.4055,68.8922],[17.4404,68.8659]]],[[[16.5670,68.8873],[16.4347,68.8913],[16.2617,68.9683],[16.3063,68.9953],[16.4668,68.9621],[16.5661,68.9683],[16.6018,68.9312],[16.5670,68.8873]]],[[[17.5442,69.0604],[17.4011,68.9893],[17.3440,69.0032],[17.3644,69.0471],[17.4196,69.0791],[17.5721,69.0895],[17.5442,69.0604]]],[[[15.4187,68.9137],[15.4598,69.0130],[15.5696,69.1055],[15.7913,69.1612],[15.8431,69.2202],[15.8707,69.2290],[15.8645,69.2494],[16.1015,69.3152],[16.1499,69.2908],[16.0761,69.1539],[15.9464,69.1018],[15.8771,69.0622],[15.8577,69.0338],[15.6321,68.9866],[15.5667,69.0126],[15.5286,69.0093],[15.5600,68.9901],[15.5696,68.9621],[15.5286,68.9137],[15.4640,68.8820],[15.4314,68.8842],[15.4187,68.9137]]],[[[18.0847,69.3525],[17.9553,69.3426],[17.9059,69.3184],[17.9264,69.2836],[17.9674,69.2631],[17.8786,69.2426],[17.9324,69.2272],[17.9490,69.2051],[18.0089,69.2011],[17.9884,69.1874],[17.4882,69.1539],[17.5297,69.2011],[17.4721,69.2001],[17.1883,69.0834],[17.1587,69.0502],[17.2138,69.0440],[17.1294,69.0115],[17.0420,69.0167],[17.0582,69.0392],[17.0971,69.0440],[17.0835,69.0502],[17.0915,69.0617],[17.1380,69.0720],[17.1098,69.0847],[16.8232,69.0544],[16.7796,69.0701],[16.7731,69.0882],[16.8166,69.1192],[16.8962,69.1042],[16.8923,69.1266],[17.056,69.1328],[17.0698,69.1471],[17.0563,69.1601],[17.1723,69.2011],[17.0494,69.1806],[16.8986,69.1948],[16.9191,69.2153],[16.8786,69.2221],[16.9448,69.2365],[17.0867,69.2289],[17.1456,69.2563],[17.1088,69.2517],[17.0888,69.2895],[17.0705,69.2680],[17.0403,69.2682],[16.9811,69.2768],[17.0078,69.2979],[16.9060,69.2979],[16.8976,69.3117],[16.9152,69.3175],[17.1318,69.3109],[17.1040,69.3252],[17.1176,69.3314],[17.0420,69.3451],[17.1108,69.3525],[17.0846,69.3617],[16.8786,69.3593],[16.9339,69.3798],[16.9265,69.3935],[17.2760,69.3935],[17.3994,69.3661],[17.2822,69.4140],[17.4466,69.4142],[17.4957,69.4282],[17.2429,69.4547],[17.1865,69.5027],[17.2464,69.4960],[17.3162,69.4618],[17.3032,69.4822],[17.3921,69.4822],[17.3032,69.5232],[17.3432,69.5375],[17.6452,69.4618],[17.5906,69.4896],[17.5664,69.5232],[17.4747,69.5529],[17.4602,69.5716],[17.4676,69.5995],[17.5168,69.5969],[17.6179,69.5170],[17.6578,69.5084],[17.6936,69.5201],[17.6657,69.5405],[17.6589,69.5995],[17.6877,69.5995],[17.7531,69.5405],[17.8177,69.5871],[17.8591,69.5867],[17.8928,69.5368],[17.8445,69.5025],[17.8247,69.4657],[17.8308,69.4481],[17.8576,69.4523],[17.8913,69.4987],[17.9441,69.5232],[18.0505,69.4959],[17.9822,69.4822],[17.9939,69.4628],[17.9843,69.4496],[17.9406,69.4282],[18.0022,69.4099],[18.0246,69.4408],[18.0708,69.4379],[18.0810,69.3876],[18.0986,69.3761],[18.0847,69.3525]]],[[[18.9145,69.6990],[18.7941,69.6756],[18.7692,69.6467],[18.8278,69.6228],[18.8364,69.6043],[18.7319,69.5653],[18.6259,69.5778],[18.5603,69.5580],[18.1940,69.5307],[18.1282,69.5649],[18.0208,69.5766],[17.9953,69.5921],[18.0374,69.6194],[18.0294,69.6331],[18.2368,69.6292],[18.2902,69.5921],[18.3222,69.6183],[18.4000,69.6405],[18.2910,69.6389],[18.1865,69.7088],[18.2143,69.7141],[18.6328,69.7019],[18.3518,69.7299],[18.3269,69.7654],[18.3823,69.7975],[18.4819,69.7770],[18.4830,69.7509],[18.5024,69.7498],[18.5568,69.7963],[18.6531,69.8043],[18.6412,69.7556],[18.6632,69.7129],[18.7073,69.6868],[18.7624,69.6877],[18.7368,69.706],[18.7898,69.7838],[18.6740,69.8471],[18.6788,69.8860],[18.7638,69.8698],[18.8220,69.8860],[18.8581,69.8658],[18.8376,69.8454],[18.9860,69.8338],[19.0608,69.7870],[19.0334,69.7437],[18.9699,69.7334],[18.9145,69.6990]]],[[[19.7205,69.8646],[19.4836,69.8383],[19.4342,69.8405],[19.5329,69.9193],[19.6926,69.9636],[19.7742,70.0048],[19.8342,69.9948],[19.8564,69.9731],[19.7205,69.8646]]],[[[19.6831,69.9857],[19.5402,69.9516],[19.5086,69.9077],[19.3747,69.8233],[19.1215,69.7878],[19.0436,69.8385],[18.7643,69.9149],[18.7288,69.9478],[18.8836,69.9453],[18.9337,69.9695],[18.8447,69.9821],[18.8313,69.9996],[18.8449,70.0150],[19.0300,70.0371],[19.0739,70.0162],[19.1193,70.0303],[19.0675,70.0614],[19.0642,70.0788],[19.1186,70.0727],[19.2081,70.0985],[19.2267,70.0935],[19.2348,70.0651],[19.2990,70.0858],[19.3248,70.0788],[19.2923,70.0311],[19.3925,69.9918],[19.4204,69.9894],[19.4186,70.0136],[19.4681,70.0466],[19.5568,70.0570],[19.5825,70.0338],[19.5713,70.0142],[19.5822,69.9932],[19.6352,70.0207],[19.6848,70.0067],[19.6831,69.9857]]],[[[18.7102,70.0944],[18.7024,70.1113],[18.7213,70.1160],[18.7812,70.1019],[18.8064,70.0593],[18.8898,70.1061],[18.9755,70.0736],[18.9104,70.0455],[18.7651,70.0191],[18.7016,69.9846],[18.6700,69.9990],[18.6899,70.0264],[18.6667,70.0275],[18.6572,70.0483],[18.7102,70.0944]]],[[[19.3665,70.1542],[19.4466,70.1554],[19.5732,70.1117],[19.5503,70.0949],[19.4905,70.0939],[19.3431,70.1183],[19.3405,70.1400],[19.3665,70.1542]]],[[[19.2268,70.1444],[19.1406,70.1107],[18.9958,70.1520],[19.0644,70.1704],[19.0986,70.1579],[19.0979,70.1858],[19.1380,70.2017],[19.0914,70.2379],[19.1520,70.2374],[19.1972,70.2570],[19.2304,70.2343],[19.2277,70.2120],[19.2522,70.1866],[19.2268,70.1444]]],[[[29.9050,69.7770],[29.8465,69.7965],[29.8300,69.7907],[29.8460,69.7797],[29.7957,69.7560],[29.7132,69.7634],[29.7353,69.7901],[29.8300,69.8385],[29.8083,69.8658],[29.8424,69.9089],[29.9710,69.9020],[30.0285,69.8528],[30.0211,69.8323],[30.1074,69.8285],[29.9050,69.7770]]],[[[20.6062,69.7937],[20.5539,69.8004],[20.5267,69.8211],[20.5293,69.8541],[20.5627,69.8959],[20.7220,69.9041],[20.6966,69.8778],[20.7207,69.8371],[20.7067,69.8172],[20.6062,69.7937]]],[[[21.7361,69.9483],[21.6858,69.9302],[21.6679,69.9483],[21.7361,69.9483]]],[[[20.8051,69.9483],[20.7605,69.9996],[20.8243,70.0429],[20.8862,70.0375],[20.9588,70.0030],[21.0993,70.0104],[20.9807,69.9816],[20.9753,69.9627],[20.9404,69.9469],[20.8426,69.9378],[20.8051,69.9483]]],[[[19.9082,70.0136],[19.9479,70.0268],[19.9958,70.0167],[19.9499,70.0097],[19.9082,70.0136]]],[[[21.0410,70.0613],[21.0466,70.0391],[20.9553,70.0241],[20.9918,70.0514],[21.0410,70.0613]]],[[[20.8317,70.1509],[20.9148,70.1078],[20.9152,70.0955],[20.8616,70.0689],[20.8081,70.0805],[20.7929,70.1190],[20.8317,70.1509]]],[[[20.7049,70.0679],[20.6025,70.0440],[20.5881,70.0459],[20.6025,70.0863],[20.5922,70.1060],[20.5647,70.1047],[20.5649,70.0788],[20.5178,70.0788],[20.5208,70.0623],[20.5066,70.0583],[20.4316,70.0680],[20.3899,70.1026],[20.4157,70.1715],[20.4625,70.1954],[20.5446,70.2084],[20.5613,70.2332],[20.7338,70.2367],[20.8243,70.2098],[20.7710,70.1155],[20.7942,70.0678],[20.7473,70.0559],[20.7049,70.0679]]],[[[20.0310,70.0753],[19.9782,70.0601],[19.7761,70.0673],[19.7493,70.0855],[19.7475,70.1359],[19.6921,70.1886],[19.5371,70.2500],[19.5916,70.2500],[19.5883,70.2683],[19.6777,70.2904],[19.7015,70.2500],[19.7905,70.2105],[19.8156,70.1697],[19.8449,70.1749],[19.8728,70.2158],[19.8913,70.2138],[19.9411,70.1954],[19.9305,70.1767],[19.9575,70.1546],[20.1540,70.1203],[20.0236,70.0924],[20.0310,70.0753]]],[[[23.0014,70.2491],[22.7317,70.2569],[22.4451,70.2914],[22.3737,70.3319],[22.3786,70.3469],[22.4210,70.3617],[22.5046,70.3251],[22.4699,70.3530],[22.4736,70.3802],[22.5297,70.3642],[22.5752,70.3820],[22.6002,70.3667],[22.6189,70.3870],[22.6481,70.3729],[22.6746,70.3988],[22.7143,70.3369],[22.7371,70.3650],[22.7304,70.3871],[22.7563,70.3949],[22.8279,70.3337],[22.9563,70.3251],[22.9223,70.3046],[23.0083,70.2807],[23.0190,70.2649],[23.0014,70.2491]]],[[[21.7148,70.2599],[21.6769,70.2848],[21.6845,70.3638],[21.7122,70.3892],[21.7991,70.3471],[21.7646,70.2868],[21.7148,70.2599]]],[[[23.6341,70.4374],[23.4083,70.3530],[23.2922,70.3319],[23.3816,70.3183],[23.1550,70.2773],[23.1046,70.2832],[23.0820,70.3016],[23.1354,70.3853],[23.1346,70.4145],[23.0389,70.3409],[22.9495,70.3593],[22.8540,70.4077],[22.9401,70.4070],[22.9638,70.4213],[22.8972,70.4509],[22.9980,70.4766],[23.0185,70.4970],[23.1242,70.5205],[23.1510,70.4983],[23.2233,70.5176],[23.1755,70.5475],[23.2620,70.5361],[23.2609,70.4809],[23.2785,70.4766],[23.3264,70.5312],[23.3046,70.5351],[23.3076,70.5504],[23.4083,70.5312],[23.3878,70.5448],[23.4126,70.5617],[23.5393,70.5448],[23.4362,70.5852],[23.4573,70.6063],[23.3909,70.6179],[23.4642,70.6249],[23.5734,70.6131],[23.5598,70.6063],[23.6013,70.5790],[23.5803,70.5312],[23.6560,70.5033],[23.6281,70.4896],[23.6622,70.4697],[23.6341,70.4374]]],[[[23.8679,70.5123],[23.7509,70.5238],[23.6970,70.5716],[23.6920,70.5958],[23.6417,70.5995],[23.6806,70.6249],[23.6560,70.6479],[23.6901,70.6677],[23.6428,70.6852],[23.6401,70.7022],[23.7092,70.7486],[23.8156,70.7511],[23.8403,70.7435],[23.8283,70.7302],[23.8471,70.7230],[23.8191,70.7093],[23.8318,70.7033],[23.9777,70.7069],[24.0434,70.6834],[24.0651,70.6459],[24.1284,70.6200],[24.1015,70.5886],[23.8679,70.5123]]],[[[22.3128,70.5312],[22.2856,70.5415],[22.2433,70.4896],[22.1544,70.4723],[22.1408,70.4828],[22.1855,70.5346],[22.2644,70.5716],[22.2370,70.5790],[22.3333,70.6131],[22.0407,70.5935],[22.0112,70.5995],[22.0720,70.6336],[21.9503,70.6479],[22.0442,70.6598],[22.2215,70.6319],[22.2503,70.6494],[22.2297,70.6746],[22.2658,70.6749],[22.4152,70.6262],[22.3738,70.6981],[22.3845,70.7093],[22.4926,70.6757],[22.5114,70.6814],[22.5014,70.7080],[22.5410,70.7174],[22.6515,70.6876],[22.5949,70.6525],[22.6308,70.6359],[22.6889,70.6609],[22.7248,70.6035],[22.7478,70.6474],[22.8261,70.6479],[22.7229,70.7484],[22.8056,70.7639],[22.7920,70.7503],[22.8510,70.7418],[22.8671,70.7298],[22.8540,70.7230],[22.9238,70.7247],[22.9314,70.7166],[22.8950,70.6951],[22.9690,70.6612],[22.9907,70.6677],[22.9768,70.6814],[23.0327,70.7013],[23.0254,70.7230],[23.1209,70.7093],[23.0931,70.7321],[23.1823,70.7360],[23.0299,70.7908],[23.1005,70.7987],[23.0662,70.8124],[23.1821,70.7949],[23.1618,70.8254],[23.2717,70.7770],[23.3289,70.7792],[23.3403,70.7984],[23.3129,70.8616],[23.3425,70.8660],[23.4841,70.7987],[23.3878,70.7844],[23.4573,70.7708],[23.4157,70.7639],[23.4021,70.7435],[23.3332,70.7503],[23.3195,70.7093],[23.2513,70.6951],[23.2717,70.6814],[23.1585,70.6941],[23.1346,70.6677],[23.1823,70.6541],[23.1518,70.6322],[23.0594,70.6262],[23.1141,70.6131],[23.0888,70.5862],[23.0183,70.6039],[22.9845,70.5995],[23.0081,70.5851],[22.9768,70.5653],[22.8808,70.5790],[22.9360,70.5585],[22.9016,70.5399],[22.8332,70.5517],[22.7885,70.5238],[22.7651,70.5310],[22.7783,70.5517],[22.6438,70.5641],[22.6268,70.5448],[22.6316,70.5263],[22.5896,70.5286],[22.5660,70.5033],[22.4892,70.5319],[22.4684,70.4948],[22.4072,70.5145],[22.3089,70.5033],[22.2928,70.5144],[22.3128,70.5312]]],[[[24.1692,70.9421],[24.1767,70.9352],[24.1599,70.9280],[24.1079,70.9352],[24.0796,70.9146],[24.0229,70.9169],[23.9865,70.9422],[23.9093,70.9557],[24.0389,70.9762],[23.9421,70.9776],[23.8857,70.9961],[23.9502,71.0042],[23.9228,71.0172],[23.9601,71.0286],[24.0874,71.0241],[24.0730,71.0110],[24.2246,70.9967],[24.0730,70.9831],[24.0874,70.9688],[24.0730,70.9625],[24.2451,70.9557],[24.1692,70.9421]]],[[[26.1799,71.0026],[26.0726,70.9751],[25.9685,70.9777],[25.9002,70.9613],[25.7311,70.9754],[25.7185,70.9557],[25.7532,70.9421],[25.5533,70.9278],[25.4162,70.9831],[25.5608,71.0172],[25.4543,71.0299],[25.3255,71.0073],[25.2942,71.0203],[25.2933,71.0451],[25.3479,71.0656],[25.3138,71.0724],[25.3551,71.0834],[25.4588,71.0720],[25.4783,71.0786],[25.4572,71.0929],[25.4716,71.1026],[25.6347,71.0803],[25.7185,71.0519],[25.7009,71.0839],[25.5533,71.1407],[25.6673,71.1652],[25.6840,71.1447],[25.8073,71.1544],[25.7839,71.1122],[25.8056,71.0958],[25.8591,71.1133],[25.8830,71.1134],[25.8796,71.0968],[26.0063,71.1251],[26.0297,71.1165],[26.0337,71.0872],[25.9909,71.0670],[25.8898,71.0519],[25.9643,71.0377],[25.9643,71.0172],[25.9301,71.0110],[25.9563,71.0020],[26.0537,71.0042],[26.1852,71.0498],[26.2085,71.0496],[26.2181,71.0315],[26.1799,71.0026]]],[[[24.7890,71.0530],[24.7560,71.0253],[24.6142,71.0566],[24.6716,71.0880],[24.7329,71.0685],[24.7125,71.1075],[24.8365,71.0995],[24.8123,71.0799],[24.8260,71.0768],[24.7766,71.0592],[24.7890,71.0530]]]]}},{"type":"Feature","properties":{"zone":"NO_5","eic":"10Y1001A1001A48H","name":"NO5 BZ / MBA","country":"NO"},"geometry":{"type":"MultiPolygon","coordinates":[[[[5.0656,60.1912],[5.0358,60.2379],[5.0229,60.2451],[5.0174,60.2207],[4.9930,60.2252],[4.9384,60.2750],[4.9414,60.2912],[5.0229,60.2862],[5.0366,60.3134],[5.0201,60.3076],[4.9709,60.3328],[4.9607,60.3681],[4.9719,60.3839],[4.9489,60.4391],[4.9768,60.4412],[5.0022,60.3999],[5.0937,60.3202],[5.0976,60.2981],[5.0828,60.2855],[5.0503,60.2862],[5.0986,60.2514],[5.1116,60.2005],[5.0656,60.1912]]],[[[5.0263,60.5228],[5.1501,60.5013],[5.1941,60.4711],[5.2043,60.4318],[5.1250,60.4024],[5.1157,60.4280],[5.1328,60.4437],[5.0644,60.4649],[5.0781,60.4779],[5.0633,60.4767],[5.0537,60.5021],[4.9905,60.5061],[4.9607,60.5598],[5.0263,60.5228]]],[[[4.8439,60.5897],[4.7828,60.5927],[4.7912,60.6660],[4.8515,60.6210],[4.8439,60.5897]]],[[[4.9182,60.8553],[4.8347,60.8952],[4.8252,60.9204],[4.8095,60.9118],[4.7768,60.9299],[4.8367,60.9431],[4.8248,60.9300],[4.8828,60.9299],[4.8740,60.9176],[4.9225,60.8781],[4.9182,60.8553]]],[[[4.7184,60.9909],[4.7019,60.9937],[4.7086,61.0197],[4.6884,60.9994],[4.6723,61.0033],[4.6486,61.0264],[4.6447,61.0602],[4.7000,61.0822],[4.7114,61.0482],[4.7395,61.0276],[4.7184,60.9909]]],[[[4.9853,61.1048],[4.8938,61.0560],[4.8584,61.1011],[4.8032,61.0465],[4.7946,61.1537],[4.8305,61.1632],[4.8513,61.1292],[4.8632,61.1217],[4.8720,61.1364],[4.8447,61.1973],[4.8728,61.1946],[4.8952,61.1373],[4.9000,61.1699],[4.9342,61.1774],[4.9199,61.1911],[4.9607,61.1774],[4.9853,61.1048]]],[[[4.8302,61.6900],[4.8798,61.7119],[4.9034,61.6761],[4.9028,61.6524],[4.8408,61.6696],[4.8302,61.6900]]],[[[5.1766,61.8256],[5.1184,61.8211],[5.1386,61.8373],[5.1259,61.8558],[5.0533,61.8087],[4.9162,61.7809],[4.8896,61.7851],[4.8707,61.8133],[4.9000,61.8074],[4.9267,61.8279],[4.8032,61.8416],[4.8649,61.8730],[4.8652,61.8893],[4.9529,61.8969],[5.2228,61.8484],[5.1766,61.8256]]],[[[5.1521,61.9979],[5.0952,61.9274],[5.0214,61.9388],[5.0161,61.9524],[5.0483,61.9528],[5.0543,61.9723],[4.9861,62.0052],[4.9851,62.0338],[5.0797,62.0064],[5.1335,62.0198],[5.1521,61.9979]]],[[[5.1879,59.5183],[5.2426,59.5258],[5.2016,59.5462],[5.2378,59.5596],[5.3040,59.6282],[5.3442,59.6476],[5.3859,59.6493],[5.4133,59.5946],[5.4270,59.6356],[5.3996,59.6698],[5.4891,59.7381],[5.4817,59.7238],[5.5055,59.6926],[5.4804,59.6213],[5.4855,59.5697],[5.4167,59.5429],[5.4078,59.5162],[5.2202,59.4834],[5.1899,59.4801],[5.1879,59.5183]]],[[[5.3449,59.7101],[5.2700,59.6828],[5.3103,59.7033],[5.2893,59.7498],[5.2700,59.7517],[5.2734,59.7350],[5.2605,59.7338],[5.2255,59.7551],[5.2006,59.7494],[5.1879,59.7026],[5.1539,59.6698],[5.1601,59.6552],[5.2085,59.6828],[5.1879,59.6555],[5.2016,59.6145],[5.1528,59.5916],[5.1154,59.6360],[5.1167,59.6856],[5.1879,59.7586],[5.1248,59.7618],[5.1184,59.7790],[5.0761,59.7663],[5.0706,59.7827],[5.0986,59.8274],[5.1464,59.8274],[5.1048,59.8684],[5.1539,59.8746],[5.1683,59.8500],[5.2202,59.8266],[5.2272,59.8073],[5.2597,59.8026],[5.3176,59.7522],[5.3449,59.7101]]],[[[5.4218,59.7589],[5.3632,59.7640],[5.3995,59.7712],[5.3901,59.7920],[5.3523,59.7776],[5.3143,59.7894],[5.2563,59.8746],[5.2501,59.9094],[5.2975,59.9509],[5.2754,59.9596],[5.2828,59.9666],[5.3139,59.9782],[5.3881,59.9577],[5.4891,59.8610],[5.4978,59.8034],[5.4218,59.7589]]],[[[5.6528,60.0009],[5.6052,59.9622],[5.6399,59.9155],[5.5715,59.9230],[5.5080,59.8991],[5.4768,59.9629],[5.4542,59.9509],[5.4101,59.9576],[5.3618,59.9953],[5.4493,60.0050],[5.4397,60.0324],[5.4616,60.0528],[5.5945,60.0599],[5.6469,60.0801],[5.6604,60.0664],[5.6528,60.0009]]],[[[5.2970,60.0275],[5.2688,59.9948],[5.2042,60.0160],[5.1717,60.0494],[5.2036,60.0882],[5.2238,60.0423],[5.2465,60.0514],[5.2053,60.1173],[5.2478,60.0985],[5.2595,60.0755],[5.2897,60.0742],[5.2970,60.0275]]],[[[5.5340,59.6405],[5.5641,59.6766],[5.6945,59.6698],[5.7309,59.6476],[5.7155,59.6077],[5.7544,59.6098],[5.7668,59.6455],[5.7890,59.6564],[5.8794,59.6555],[5.8794,59.6766],[5.7885,59.6601],[5.7461,59.6755],[5.8142,59.7290],[5.8862,59.7381],[5.9030,59.7647],[5.9858,59.7357],[6.0380,59.7451],[6.2151,59.8274],[6.3115,59.8541],[6.2443,59.8435],[6.0022,59.7586],[5.9340,59.7790],[5.9614,59.8165],[5.9689,59.8610],[5.9342,59.8414],[5.9143,59.7914],[5.8317,59.7722],[5.7150,59.8317],[5.7218,59.8610],[5.6814,59.8414],[5.6461,59.8541],[5.7429,59.8820],[5.7402,59.9098],[5.7722,59.9307],[5.9715,59.9595],[5.9825,59.9811],[5.9477,59.9975],[6.0100,60.0574],[6.0979,60.0918],[6.2910,60.1216],[6.2664,60.1276],[6.2568,60.1626],[6.2005,60.1254],[6.1053,60.1073],[6.1077,60.1341],[6.0749,60.1983],[6.1423,60.2154],[6.2091,60.2768],[6.2016,60.2997],[6.2773,60.3134],[6.3518,60.3681],[6.4416,60.3888],[6.5026,60.4308],[6.6403,60.4164],[6.5717,60.3307],[6.5783,60.3066],[6.5305,60.2622],[6.5101,60.1353],[6.5237,60.0807],[6.5291,60.1638],[6.5817,60.2382],[6.5715,60.2725],[6.6540,60.3823],[6.7014,60.3994],[6.7483,60.4463],[6.8025,60.4728],[6.9421,60.4922],[7.0787,60.4793],[7.1059,60.5058],[6.9005,60.5058],[7.0172,60.5878],[6.9880,60.5895],[6.9134,60.5529],[6.8559,60.5032],[6.7723,60.4853],[6.6560,60.4330],[6.5920,60.4437],[6.6023,60.4652],[6.6950,60.5189],[6.6477,60.5130],[6.5618,60.4629],[6.3708,60.4246],[6.2972,60.3885],[6.2252,60.4122],[6.1775,60.4710],[6.1848,60.4403],[6.2394,60.3789],[6.1189,60.3681],[6.1886,60.3550],[6.1403,60.3066],[6.1606,60.2862],[6.1399,60.2543],[6.1053,60.2451],[6.0371,60.2695],[5.9964,60.2649],[5.9147,60.1688],[5.8605,60.1630],[5.8515,60.1496],[5.8727,60.0875],[5.8559,60.0237],[5.7838,60.0049],[5.7907,60.0192],[5.7716,60.0235],[5.7560,59.9906],[5.7392,59.9944],[5.6814,60.0397],[5.6886,60.0608],[5.7757,60.0654],[5.7975,60.0943],[5.7212,60.0838],[5.7002,60.1039],[5.7291,60.1323],[5.7082,60.1763],[5.7907,60.2110],[5.6811,60.1906],[5.6535,60.1763],[5.6461,60.1496],[5.5930,60.1385],[5.5437,60.1626],[5.5740,60.1767],[5.5641,60.2042],[5.7082,60.2321],[5.5983,60.2321],[5.6330,60.2725],[5.5715,60.2383],[5.6672,60.3550],[5.7190,60.3704],[5.7365,60.3920],[5.6399,60.3476],[5.6330,60.3681],[5.5266,60.2172],[5.4384,60.1721],[5.4098,60.1313],[5.3518,60.1558],[5.3724,60.1701],[5.3040,60.1906],[5.3518,60.2172],[5.2228,60.2110],[5.3103,60.2656],[5.1706,60.2787],[5.1706,60.3172],[5.2282,60.3209],[5.1409,60.3513],[5.1777,60.3885],[5.2978,60.3959],[5.2501,60.4308],[5.2631,60.4506],[5.2370,60.4737],[5.2382,60.4892],[5.3058,60.5282],[5.4762,60.4350],[5.5732,60.4149],[5.6535,60.4308],[5.6496,60.4478],[5.7140,60.4842],[5.7106,60.6030],[5.7429,60.6566],[5.7231,60.6676],[5.7497,60.7181],[5.6638,60.7039],[5.6951,60.7523],[5.6756,60.7577],[5.5915,60.6976],[5.5334,60.6976],[5.5266,60.6287],[5.4431,60.6146],[5.3000,60.5607],[5.2228,60.5741],[5.0849,60.6629],[5.2282,60.6213],[5.0849,60.7113],[5.1464,60.7039],[5.1258,60.7244],[5.0329,60.7416],[4.9851,60.7798],[4.9267,60.8001],[4.9814,60.8087],[5.2801,60.7218],[5.3042,60.7119],[5.3103,60.6760],[5.3479,60.6404],[5.3724,60.6356],[5.3518,60.6629],[5.4338,60.6287],[5.3708,60.6743],[5.3792,60.6840],[5.4338,60.6629],[5.4133,60.7039],[5.3724,60.7181],[5.3549,60.7448],[5.2841,60.7477],[5.2358,60.7761],[5.3518,60.8131],[5.3381,60.8398],[5.3564,60.8528],[5.5368,60.8758],[5.4796,60.8845],[5.4708,60.8961],[5.4958,60.9099],[5.4716,60.9074],[5.3266,60.8681],[5.2932,60.8227],[5.1878,60.8277],[5.1676,60.8546],[5.1643,60.8308],[5.1310,60.8120],[5.1184,60.8273],[5.1328,60.8348],[5.0471,60.8444],[5.0092,60.9267],[4.9819,60.9508],[5.0119,60.9650],[5.0774,60.9496],[5.0823,60.8888],[5.1007,60.8777],[5.0986,60.9508],[5.1428,60.9721],[5.1403,60.9918],[5.0778,60.9713],[5.0127,60.9819],[5.0039,61.0160],[5.0161,61.0465],[5.0686,61.0735],[5.1351,61.0767],[5.3122,61.0321],[5.4338,61.0265],[5.4484,60.9954],[5.4670,61.0073],[5.4602,61.0499],[5.5271,61.0754],[5.6399,61.0601],[5.5976,61.0851],[5.7739,61.1144],[5.7907,61.1048],[5.7809,61.0643],[5.8636,61.1178],[6.0984,61.1222],[6.2580,61.0938],[6.2662,61.0587],[6.2425,61.0465],[6.3592,61.0675],[6.3702,61.0563],[6.3387,61.0123],[6.3559,61.0109],[6.4376,61.0812],[6.5456,61.1040],[6.6005,61.1752],[6.6484,61.1574],[6.8366,61.1393],[6.8562,61.1281],[6.8681,61.0902],[6.9558,61.0880],[7.0097,61.0089],[6.8737,60.9372],[6.9650,60.9655],[7.0514,60.9645],[7.1301,60.9267],[7.1059,60.8615],[7.1574,60.8974],[7.1715,60.9240],[7.1613,60.9508],[7.0935,60.9638],[7.0138,61.0517],[7.0003,61.0929],[7.1662,61.1100],[7.2226,61.1403],[7.4355,61.1011],[7.3462,61.1427],[7.4270,61.1858],[7.6062,61.1983],[7.6949,61.2320],[7.3884,61.1981],[7.3588,61.2056],[7.3357,61.2743],[7.3120,61.2872],[7.3138,61.3084],[7.3558,61.3262],[7.3807,61.3783],[7.4675,61.4384],[7.5356,61.4565],[7.5720,61.4853],[7.3462,61.3891],[7.2636,61.3959],[7.3088,61.3638],[7.3051,61.3481],[7.2397,61.2972],[7.2981,61.2605],[7.3225,61.2053],[7.3597,61.1911],[7.3051,61.1632],[7.2137,61.1836],[7.1613,61.1699],[7.1372,61.1456],[6.9531,61.1116],[6.9172,61.1362],[7.0035,61.1836],[6.8942,61.1632],[6.5578,61.2245],[6.6950,61.3447],[6.7155,61.3906],[6.7019,61.4027],[6.6033,61.2787],[6.5647,61.2656],[6.5271,61.2872],[6.5011,61.2681],[6.5373,61.2041],[6.4650,61.2075],[6.4983,61.1923],[6.5061,61.1469],[6.4343,61.1147],[6.2827,61.1254],[6.2039,61.1486],[6.1743,61.1836],[6.0734,61.1480],[5.9614,61.1632],[6.0371,61.2041],[5.9409,61.1699],[5.8044,61.1557],[5.7834,61.1649],[5.7829,61.1966],[5.7497,61.1557],[5.5573,61.1364],[5.4236,61.0796],[5.3344,61.0968],[5.2978,61.1290],[5.2599,61.1098],[5.1938,61.1052],[5.1601,61.1290],[5.2282,61.1427],[5.0441,61.1632],[5.0593,61.1879],[5.2228,61.1632],[5.2146,61.1836],[5.2501,61.1836],[5.1678,61.2207],[5.0207,61.2164],[4.9887,61.2245],[5.0644,61.2457],[5.0129,61.2366],[4.9827,61.2569],[4.9546,61.2525],[5.0161,61.2872],[5.1593,61.3111],[5.1777,61.3394],[5.2015,61.3427],[5.2793,61.3213],[5.3206,61.2522],[5.3374,61.2687],[5.3208,61.3174],[5.2563,61.3481],[5.4406,61.3674],[5.6330,61.3618],[5.5545,61.3783],[5.1643,61.3561],[5.0584,61.3234],[5.0063,61.3474],[4.9987,61.3768],[5.0441,61.4027],[5.0626,61.3745],[5.0781,61.3829],[5.0781,61.4102],[5.1184,61.4164],[5.1116,61.4307],[5.0714,61.4170],[4.9479,61.4164],[5.0571,61.4443],[5.1634,61.4508],[5.1879,61.4648],[5.1805,61.4723],[5.3108,61.4494],[5.3375,61.4648],[5.5188,61.4301],[5.6672,61.4853],[5.7360,61.4846],[5.7703,61.4551],[5.8044,61.4579],[5.7224,61.4989],[5.6378,61.4943],[5.5747,61.4648],[5.4609,61.4528],[5.4379,61.4604],[5.4412,61.4791],[5.2902,61.4796],[5.1782,61.5097],[5.1389,61.5241],[5.1403,61.5541],[5.3581,61.5610],[5.1464,61.5952],[5.4270,61.5889],[5.2700,61.6156],[5.3406,61.6431],[5.2292,61.6287],[4.9682,61.6361],[4.9396,61.6783],[4.9682,61.6976],[4.9627,61.7171],[4.9887,61.7255],[4.9744,61.7385],[4.9881,61.7468],[5.0539,61.7503],[5.1259,61.7180],[5.1676,61.7255],[5.1259,61.7521],[5.1901,61.7689],[5.0644,61.7597],[5.1038,61.7853],[5.2700,61.8279],[5.2563,61.8353],[5.3375,61.8416],[5.2903,61.8621],[5.3947,61.9110],[5.6757,61.8869],[5.7429,61.8484],[5.6407,61.8351],[5.6193,61.8149],[5.9409,61.8450],[5.8992,61.7385],[5.9422,61.7687],[5.9729,61.8311],[5.9920,61.8353],[6.0986,61.7788],[6.1811,61.7665],[6.0576,61.8353],[6.2907,61.8353],[6.3838,61.8074],[6.4738,61.8046],[6.5213,61.8141],[6.5896,61.8708],[6.6673,61.8731],[6.7776,61.8412],[6.8186,61.8764],[6.7710,61.8703],[6.6779,61.8968],[6.5555,61.8783],[6.5101,61.8353],[6.4762,61.8253],[6.2585,61.8562],[6.0954,61.8484],[6.0371,61.8695],[5.8862,61.8832],[5.8044,61.8558],[5.7292,61.8893],[5.9332,61.9030],[5.9614,61.9166],[5.5166,61.9381],[5.4502,61.9251],[5.4270,61.9378],[5.2768,61.9098],[5.1936,61.9123],[5.1557,61.8960],[5.0986,61.9166],[5.1403,61.9713],[5.2282,61.9583],[5.3015,62.0028],[5.3103,62.0265],[5.4001,62.0200],[5.2085,62.1022],[5.1091,62.1091],[5.0918,62.1227],[5.1259,62.1295],[5.0706,62.1637],[5.0918,62.1706],[5.0849,62.1910],[5.1464,62.1910],[5.1464,62.2047],[5.1818,62.2127],[5.2745,62.1694],[5.2700,62.1358],[5.3178,62.1065],[5.4514,62.0617],[5.4624,61.9960],[5.5738,61.9632],[5.9274,62.0003],[6.1066,61.9732],[6.1932,62.0083],[6.3402,61.9761],[6.4502,62.0277],[6.6701,62.0781],[6.7637,61.9914],[6.8050,61.9730],[7.0335,61.9996],[7.1374,62.0355],[7.3483,62.0464],[7.4051,62.0036],[7.3935,61.8781],[7.4923,61.7604],[7.7561,61.7606],[7.8684,61.7450],[7.9043,61.7232],[7.9232,61.6482],[7.9915,61.5762],[8.2041,61.5236],[8.3085,61.4497],[8.1419,61.4266],[8.1426,61.3971],[8.2038,61.3372],[8.0449,61.2234],[8.0703,61.1877],[8.1822,61.1079],[8.1980,61.0724],[8.1937,61.0230],[8.0368,60.9327],[7.8739,60.9304],[7.7734,60.8855],[7.6795,60.7796],[7.5848,60.7573],[7.4779,60.7023],[7.5890,60.6603],[7.6686,60.5473],[7.6788,60.5110],[7.6664,60.3313],[7.4267,60.0558],[7.3908,60.0270],[7.2416,59.9794],[7.1753,59.9262],[7.1583,59.9032],[7.1600,59.8448],[7.0920,59.7940],[6.9755,59.7924],[6.7028,59.7125],[6.6539,59.7291],[6.6863,59.7970],[6.6685,59.8458],[6.5286,59.8585],[6.2852,59.7807],[6.1819,59.6549],[6.1706,59.6157],[5.9442,59.6167],[5.8388,59.5865],[5.7376,59.5877],[5.5287,59.5579],[5.5340,59.6405]]],[[[5.6759,60.4728],[5.6245,60.4668],[5.6088,60.4437],[5.5021,60.4369],[5.3239,60.5468],[5.4090,60.5580],[5.5815,60.6322],[5.5915,60.6765],[5.6084,60.6884],[5.6657,60.6887],[5.6876,60.6765],[5.6759,60.4728]]]]}},{"type":"Feature","properties":{"zone":"SE_1","eic":"10Y1001A1001A44P","name":"SE1 BZ / MBA","country":"SE"},"geometry":{"type":"MultiPolygon","coordinates":[[[[22.3756,65.4307],[22.2949,65.4281],[22.2851,65.4316],[22.3064,65.4553],[22.3325,65.4430],[22.3708,65.4594],[22.4178,65.4499],[22.3756,65.4307]]],[[[22.1535,65.4303],[22.1565,65.4743],[22.2102,65.4658],[22.2317,65.4181],[22.1535,65.4303]]],[[[22.1867,65.5378],[22.3186,65.5239],[22.3582,65.4950],[22.2788,65.5132],[22.2705,65.4968],[22.2854,65.4791],[22.2657,65.4817],[22.1932,65.5257],[22.1867,65.5378]]],[[[22.6171,65.5174],[22.5675,65.5169],[22.5529,65.5300],[22.6171,65.5174]]],[[[22.6414,65.5890],[22.5763,65.5541],[22.5291,65.5762],[22.6414,65.5890]]],[[[22.5950,65.6129],[22.6045,65.6002],[22.5891,65.5937],[22.5544,65.6053],[22.5950,65.6129]]],[[[22.9851,65.7002],[22.9609,65.6901],[22.9719,65.6670],[22.9272,65.6845],[22.8821,65.7204],[22.8862,65.7373],[22.9562,65.7332],[22.9459,65.7216],[22.9851,65.7002]]],[[[23.7928,65.7284],[23.7382,65.6967],[23.6814,65.7216],[23.6816,65.7430],[23.7972,65.7537],[23.7928,65.7284]]],[[[22.7257,65.7240],[22.7468,65.7704],[22.7907,65.7503],[22.8113,65.7140],[22.7410,65.7136],[22.7257,65.7240]]],[[[20.1517,68.6068],[20.2366,68.6590],[20.3388,68.7654],[20.3565,68.8045],[20.3487,68.8931],[20.3411,68.9100],[20.1022,69.0221],[20.6231,69.0363],[20.6754,69.0181],[20.7953,69.0112],[20.9345,68.9669],[20.9178,68.9329],[20.8876,68.9270],[20.8845,68.9067],[20.9057,68.8946],[21.0721,68.8694],[21.2166,68.8172],[21.3053,68.7558],[21.4063,68.7488],[21.4636,68.6868],[21.7168,68.6192],[21.7371,68.5879],[21.9192,68.5682],[22.0721,68.4770],[22.3030,68.4761],[22.3710,68.4683],[22.3779,68.4541],[22.6622,68.4274],[22.7486,68.3854],[22.8082,68.3948],[22.9037,68.3366],[23.0669,68.2902],[23.1552,68.2174],[23.1494,68.1394],[23.1656,68.1220],[23.3065,68.1456],[23.3829,68.0512],[23.6621,67.9504],[23.6361,67.9134],[23.5325,67.8931],[23.4812,67.8646],[23.4845,67.7371],[23.5535,67.5870],[23.4734,67.5549],[23.4846,67.5429],[23.4312,67.4855],[23.4771,67.4438],[23.5945,67.4536],[23.7651,67.4200],[23.7514,67.3462],[23.7856,67.3375],[23.7354,67.2896],[23.6027,67.2602],[23.5914,67.2250],[23.6149,67.2139],[23.5739,67.1730],[23.5813,67.1531],[23.6665,67.0979],[23.6767,67.0584],[23.7203,67.0168],[23.8166,66.9755],[23.9333,66.8887],[24.0040,66.8052],[23.9392,66.7911],[23.8924,66.7509],[23.9031,66.6863],[23.8818,66.6318],[23.8932,66.5960],[23.8818,66.5635],[23.6524,66.4588],[23.6423,66.4362],[23.6770,66.3636],[23.6627,66.3165],[23.7241,66.2066],[23.7855,66.1766],[23.8893,66.1611],[23.9745,66.0728],[24.0196,66.0489],[24.0553,65.9851],[24.0547,65.9479],[24.1634,65.8407],[24.1630,65.8226],[24.1403,65.8045],[24.0327,65.8097],[24.0532,65.7960],[23.9570,65.7891],[23.9264,65.7604],[23.8854,65.7736],[23.8718,65.7948],[23.7817,65.7930],[23.7394,65.8292],[23.6901,65.8301],[23.6233,65.7962],[23.6075,65.8097],[23.4841,65.8158],[23.4905,65.8297],[23.4700,65.8333],[23.4220,65.8022],[23.4378,65.7923],[23.4284,65.7653],[23.3850,65.7752],[23.3742,65.8226],[23.2897,65.7958],[23.1959,65.8269],[23.1837,65.8196],[23.1907,65.7898],[23.2376,65.7687],[23.1482,65.7455],[23.1284,65.7339],[23.1295,65.7150],[23.1030,65.7046],[23.0787,65.7072],[23.0867,65.7277],[23.0459,65.7612],[22.9440,65.7753],[22.9010,65.7986],[22.8601,65.7960],[22.7851,65.8643],[22.6530,65.9083],[22.6342,65.9052],[22.6821,65.8710],[22.6997,65.8039],[22.6637,65.7575],[22.6481,65.7550],[22.6530,65.7780],[22.6279,65.7903],[22.5698,65.7960],[22.5114,65.7748],[22.5319,65.8097],[22.5184,65.8226],[22.4699,65.8432],[22.4773,65.8568],[22.4055,65.8639],[22.3259,65.8369],[22.3674,65.8097],[22.3645,65.7977],[22.3191,65.8022],[22.3606,65.7612],[22.3260,65.7355],[22.2092,65.7612],[22.2498,65.7357],[22.3618,65.7162],[22.3879,65.6725],[22.3396,65.6650],[22.3294,65.6892],[22.2815,65.7014],[22.2575,65.6930],[22.2680,65.6812],[22.2575,65.6650],[22.2849,65.6315],[22.1892,65.6240],[22.3006,65.6115],[22.3191,65.6315],[22.2849,65.6650],[22.3086,65.6693],[22.3259,65.6452],[22.3803,65.6340],[22.3333,65.6041],[22.4113,65.5790],[22.4289,65.5489],[22.4052,65.5419],[22.2749,65.5878],[22.2507,65.5831],[22.2566,65.5690],[22.2282,65.5720],[22.0512,65.6173],[22.0061,65.6417],[21.8527,65.6782],[21.7641,65.7277],[21.7877,65.6867],[21.8479,65.6609],[22.2029,65.5489],[22.0931,65.5353],[22.0659,65.5143],[21.8535,65.5353],[21.9279,65.4894],[21.9503,65.4949],[21.9217,65.5080],[21.9471,65.5094],[22.0315,65.4670],[21.9975,65.4260],[21.9422,65.4533],[21.9422,65.4118],[21.9277,65.4041],[21.8808,65.4186],[21.7902,65.4000],[21.7059,65.4144],[21.6883,65.4123],[21.7026,65.3981],[21.6560,65.3971],[21.5866,65.4181],[21.5444,65.4055],[21.5996,65.3919],[21.4891,65.3933],[21.4699,65.3776],[21.4897,65.3708],[21.4489,65.3571],[21.5429,65.3185],[21.6047,65.3337],[21.7016,65.2858],[21.6681,65.2527],[21.6228,65.2407],[21.5444,65.2473],[21.4895,65.3054],[21.3455,65.3727],[21.3122,65.3708],[21.3327,65.364],[21.2644,65.3366],[21.3913,65.3218],[21.5376,65.2309],[21.6188,65.1480],[21.5444,65.1374],[21.5628,65.1225],[21.5437,65.0830],[21.5816,65.0676],[21.2662,65.1644],[20.1148,65.3115],[19.7036,65.2498],[19.6285,65.2084],[19.4231,65.1595],[19.3318,65.2002],[19.2508,65.2138],[19.2311,65.2619],[19.2030,65.2769],[18.8204,65.3746],[18.7197,65.4379],[18.5268,65.4522],[18.4642,65.4821],[18.3032,65.5092],[18.1827,65.5810],[17.7806,65.6570],[17.4721,65.7553],[16.8813,66.0059],[16.4979,66.0756],[15.8634,66.2761],[15.4760,66.3549],[15.4262,66.4912],[15.6694,66.5994],[16.0388,66.8875],[16.4155,67.0527],[16.4378,67.2003],[16.1271,67.4227],[16.1995,67.5082],[16.4285,67.5340],[16.5872,67.6258],[16.7619,67.8771],[16.8079,67.9106],[17.2200,68.0400],[17.3214,68.1053],[17.9210,67.9728],[18.1666,68.1584],[18.1885,68.1987],[18.1356,68.3957],[18.1562,68.5186],[18.1718,68.5359],[18.4362,68.5738],[18.6445,68.5012],[19.0381,68.5056],[19.9712,68.3512],[20.2459,68.4773],[19.9622,68.5411],[20.1517,68.6068]]]]}},{"type":"Feature","properties":{"zone":"SE_2","eic":"10Y1001A1001A45N","name":"SE2 BZ / MBA","country":"SE"},"geometry":{"type":"MultiPolygon","coordinates":[[[[17.4731,62.0846],[17.4472,62.0681],[17.4690,62.0621],[17.4592,62.0486],[17.4261,62.0265],[17.4604,62.0033],[17.3921,61.9924],[17.3859,61.9619],[17.3481,61.9475],[17.3645,61.8862],[17.3435,61.8712],[17.3537,61.8473],[17.3374,61.8236],[17.4056,61.8211],[17.3715,61.8006],[17.3883,61.7883],[17.3991,61.7223],[17.4830,61.7345],[17.5141,61.7138],[17.5200,61.6912],[17.4963,61.6350],[17.4328,61.6393],[17.3623,61.7091],[17.3305,61.7180],[17.3509,61.6771],[17.3131,61.6819],[17.3032,61.7050],[17.2666,61.7216],[17.1380,61.7255],[17.2685,61.6908],[17.2286,61.6630],[17.1661,61.6566],[17.1933,61.6423],[17.0971,61.6361],[17.2478,61.6088],[17.0835,61.6156],[17.1456,61.5952],[17.0563,61.5821],[17.1865,61.5610],[17.0800,61.5504],[17.1661,61.5269],[17.1245,61.5132],[17.1723,61.4989],[17.1770,61.4868],[17.1518,61.4648],[17.1692,61.4411],[17.2203,61.4479],[17.2170,61.4339],[17.1661,61.4164],[17.1365,61.4370],[17.1040,61.3993],[17.2018,61.3371],[17.2760,61.3140],[17.1518,61.3283],[17.1662,61.3084],[17.2478,61.2872],[17.2050,61.2885],[17.0971,61.3208],[17.1803,61.2760],[17.2127,61.2352],[17.1518,61.2041],[17.1865,61.1911],[17.1587,61.1495],[17.1827,61.1232],[17.1456,61.1147],[17.1998,61.0958],[17.1687,61.0593],[17.1865,61.0328],[17.1587,61.0198],[17.2478,61.0123],[17.1677,60.9921],[17.1582,60.9484],[17.2050,60.9339],[17.2168,60.8993],[17.2462,60.8980],[17.2822,60.8410],[17.2580,60.8327],[17.2592,60.8156],[17.2822,60.8131],[17.2830,60.7811],[17.3357,60.7669],[17.1866,60.6923],[17.2579,60.6944],[17.3645,60.6492],[17.3237,60.6287],[17.3766,60.6238],[17.3158,60.4860],[17.2238,60.4040],[17.2261,60.3095],[17.1203,60.2841],[16.9511,60.2926],[16.9156,60.2456],[16.7581,60.2060],[16.6597,60.2541],[16.5431,60.3575],[16.3989,60.4186],[16.2025,60.5799],[16.2048,60.6247],[16.2620,60.6483],[16.3954,60.7498],[16.4070,60.7805],[16.3862,60.8135],[16.2614,60.8897],[16.1559,60.9994],[15.9182,61.0305],[15.7667,61.0818],[15.7025,61.1278],[15.6760,61.2170],[15.4507,61.3459],[15.1855,61.5441],[15.1015,61.4923],[14.7122,61.4923],[14.6799,61.5235],[14.6667,61.5629],[14.4816,61.5914],[14.3823,61.5820],[13.6064,61.6584],[13.5456,61.6856],[13.4946,61.7528],[13.3270,61.9057],[13.3821,62.0044],[13.2854,62.0474],[13.1867,62.0433],[13.0486,62.0811],[12.9753,62.1305],[12.7970,62.2071],[12.3151,62.2717],[12.2863,62.3354],[12.0912,62.5863],[12.1562,62.7336],[12.0932,62.9074],[12.2226,63.0014],[11.9924,63.2889],[12.2198,63.4742],[12.1702,63.5981],[12.2931,63.6569],[12.6818,63.9563],[12.7552,63.9913],[12.9824,64.0588],[13.2341,64.0908],[13.9394,64.0095],[13.9823,64.0195],[14.1605,64.1872],[14.1155,64.4412],[14.0969,64.4653],[14.0608,64.4766],[13.9400,64.4913],[13.6427,64.5840],[14.3106,65.0841],[14.3802,65.2402],[14.5142,65.3180],[14.5103,65.4647],[14.5606,65.7010],[14.6488,65.8023],[14.5405,66.1254],[15.0533,66.1532],[15.4818,66.2748],[15.4917,66.2879],[15.4760,66.3549],[15.8634,66.2761],[16.4979,66.0756],[16.8813,66.0059],[17.4721,65.7553],[17.7806,65.6570],[18.1827,65.5810],[18.3032,65.5092],[18.4642,65.4821],[18.5268,65.4522],[18.7197,65.4379],[18.8204,65.3746],[19.2030,65.2769],[19.2311,65.2619],[19.2508,65.2138],[19.3318,65.2002],[19.4032,65.1622],[19.5055,65.1727],[19.6285,65.2084],[19.7036,65.2498],[20.1148,65.3115],[21.2662,65.1644],[21.5816,65.0676],[21.4792,65.0623],[21.4670,65.0554],[21.5034,65.0214],[21.4631,65.0077],[21.4221,65.0145],[21.3831,64.9865],[21.3942,64.9667],[21.3777,64.9600],[21.2434,64.9531],[21.2468,64.9217],[21.2024,64.8985],[21.2125,64.8719],[21.1726,64.8534],[21.1813,64.8358],[21.1130,64.8227],[21.0691,64.8607],[21.0373,64.8327],[21.0852,64.8091],[21.0789,64.7948],[21.0971,64.7853],[21.2175,64.7892],[21.3058,64.7682],[21.3122,64.7538],[21.2994,64.7488],[21.2291,64.7477],[21.3122,64.6992],[21.2887,64.6868],[21.3049,64.6657],[21.1438,64.7329],[21.1198,64.7296],[21.1111,64.6993],[21.1403,64.6719],[21.2319,64.6610],[21.2502,64.6439],[21.2317,64.6426],[21.2451,64.6220],[21.3049,64.6105],[21.3532,64.5695],[21.3740,64.6079],[21.4555,64.5624],[21.4672,64.5873],[21.4856,64.5834],[21.5012,64.5441],[21.5519,64.5347],[21.5109,64.5209],[21.4631,64.5484],[21.3865,64.5217],[21.3645,64.5416],[21.3473,64.5319],[21.3991,64.5051],[21.4760,64.5149],[21.4897,64.4870],[21.4796,64.4608],[21.4919,64.4543],[21.5376,64.4727],[21.5786,64.4658],[21.5724,64.4801],[21.5859,64.4801],[21.6053,64.4656],[21.6001,64.4424],[21.5257,64.4217],[21.3732,64.3303],[21.3185,64.3640],[21.3327,64.3150],[21.2439,64.3070],[21.1170,64.2211],[21.0789,64.2268],[20.9665,64.1494],[20.9484,64.1300],[20.9542,64.0947],[20.9123,64.0529],[20.8969,63.9837],[20.8249,63.9447],[20.7771,63.8693],[20.6748,63.8427],[20.6779,63.8225],[20.7089,63.8222],[20.6746,63.7892],[20.6126,63.8222],[20.5426,63.7753],[20.5309,63.7812],[20.5387,63.8007],[20.5034,63.8220],[20.4558,63.7722],[20.4135,63.7675],[20.4210,63.7123],[20.3942,63.6810],[20.3547,63.6891],[20.3616,63.7254],[20.3254,63.7539],[20.3079,63.6543],[20.2675,63.6706],[20.2844,63.7328],[20.2461,63.6982],[20.2428,63.6508],[20.1198,63.6424],[20.0920,63.6645],[20.0345,63.6568],[20.0110,63.6341],[20.0305,63.6024],[19.9377,63.6198],[19.8869,63.6030],[19.8644,63.5731],[19.7531,63.5243],[19.7688,63.4607],[19.6873,63.4313],[19.6394,63.4448],[19.6370,63.4783],[19.6129,63.4858],[19.6191,63.5000],[19.4463,63.5608],[19.4204,63.5485],[19.4687,63.5342],[19.4546,63.5089],[19.5234,63.4858],[19.4614,63.4689],[19.5166,63.4147],[19.3462,63.4859],[19.3725,63.4448],[19.3514,63.4400],[19.2932,63.4665],[19.2761,63.4426],[19.2592,63.3290],[19.2336,63.3256],[19.2292,63.3424],[19.1330,63.3082],[19.1534,63.2940],[19.1119,63.2530],[19.1330,63.2530],[19.1167,63.2366],[19.0573,63.2604],[19.0398,63.2389],[19.0564,63.2265],[19.1119,63.2195],[19.0678,63.2021],[19.0527,63.1788],[18.9067,63.2670],[18.8728,63.2691],[18.8791,63.2530],[18.8660,63.2499],[18.7511,63.2594],[18.7351,63.2530],[18.9133,63.2120],[18.8626,63.1920],[18.7966,63.1915],[18.8034,63.1779],[18.7731,63.1687],[18.7529,63.2076],[18.8239,63.2195],[18.7004,63.2257],[18.7556,63.1574],[18.5644,63.1779],[18.6430,63.1469],[18.6546,63.1137],[18.5569,63.1165],[18.5229,63.0755],[18.5569,63.0755],[18.4990,63.0550],[18.4782,63.0202],[18.4038,63.0556],[18.3720,63.0475],[18.4340,63.0141],[18.3683,63.0202],[18.3431,63.0395],[18.3242,63.0141],[18.2417,62.9998],[18.5244,62.9918],[18.5766,62.9584],[18.5439,62.9730],[18.5048,62.9492],[18.4033,62.9648],[18.3925,62.9452],[18.4396,62.9281],[18.5229,62.9247],[18.5125,62.9041],[18.4000,62.9110],[18.4744,62.8768],[18.3776,62.8367],[18.3242,62.8415],[18.2683,62.8834],[18.2485,62.8837],[18.2553,62.8694],[18.2070,62.8694],[18.2202,62.8522],[18.2070,62.8353],[18.2827,62.8415],[18.2436,62.7990],[18.1950,62.7774],[18.1828,62.7899],[18.2008,62.8080],[18.1862,62.8116],[18.1404,62.7719],[18.0089,62.7943],[18.0340,62.8114],[18.1214,62.8058],[18.1461,62.8222],[18.0843,62.8373],[18.0773,62.8557],[17.9677,62.8078],[17.9353,62.8170],[17.9127,62.8837],[17.9213,62.9157],[17.8786,62.9110],[17.8545,62.9551],[17.8097,62.9793],[17.8308,62.9998],[17.7619,62.9793],[17.6936,62.9935],[17.8476,62.9212],[17.9018,62.8393],[17.8855,62.8148],[17.9567,62.7825],[17.9549,62.7633],[18.0026,62.7089],[17.9934,62.6598],[17.8718,62.6708],[18.0432,62.6261],[18.0642,62.5957],[17.9682,62.5604],[17.9533,62.6117],[17.9370,62.6156],[17.9093,62.5493],[17.8786,62.5410],[17.8928,62.5274],[17.8431,62.4896],[17.7346,62.5057],[17.6589,62.4784],[17.6596,62.4613],[17.7073,62.4374],[17.5617,62.4437],[17.4267,62.5410],[17.4060,62.5355],[17.3955,62.5112],[17.3414,62.4981],[17.3305,62.4722],[17.3792,62.4257],[17.3709,62.4062],[17.3374,62.4039],[17.3664,62.3788],[17.3680,62.3430],[17.4541,62.3214],[17.4882,62.2866],[17.4602,62.2730],[17.6526,62.2320],[17.5444,62.2016],[17.5695,62.2320],[17.5190,62.2279],[17.4731,62.0846]]],[[[18.0061,62.7055],[18.0410,62.7545],[18.0643,62.7578],[18.1611,62.7392],[18.1430,62.7063],[18.1199,62.7064],[18.1246,62.6879],[18.0789,62.6797],[18.0270,62.6845],[18.0061,62.7055]]],[[[20.8561,63.6509],[20.8276,63.6531],[20.8689,63.6757],[20.8561,63.6509]]],[[[20.9484,63.7746],[20.9231,63.7031],[20.8647,63.6830],[20.8808,63.7423],[20.9484,63.7746]]],[[[20.8735,63.7539],[20.8732,63.7706],[20.8392,63.7675],[20.8649,63.7968],[20.9046,63.7935],[20.9204,63.7737],[20.8735,63.7539]]]]}},{"type":"Feature","properties":{"zone":"SE_3","eic":"10Y1001A1001A46L","name":"SE3 BZ / MBA","country":"SE"},"geometry":{"type":"MultiPolygon","coordinates":[[[[15.5399,57.6599],[15.6041,57.6451],[15.6669,57.6091],[15.6128,57.5579],[15.6627,57.5297],[15.6294,57.4613],[15.6039,57.4472],[15.5515,57.4684],[15.5275,57.4401],[15.5275,57.3451],[15.4953,57.3016],[15.5448,57.2411],[15.5507,57.2113],[15.4157,57.2358],[15.1646,57.2419],[15.1745,57.1970],[15.1045,57.1976],[14.9837,57.1500],[14.9296,57.1597],[14.8925,57.2009],[14.7690,57.2277],[14.4043,57.1560],[14.3731,57.1237],[14.3537,57.0324],[14.3891,57.0003],[14.3961,56.9658],[14.3283,56.8902],[14.2436,56.9084],[14.1717,57.0062],[14.0653,57.0501],[13.9511,57.0388],[13.8620,57.0022],[13.7620,57.0332],[13.6936,56.9834],[13.6069,57.0214],[13.6015,57.0526],[13.5758,57.0771],[13.3946,57.1205],[13.2444,57.1009],[13.1424,57.0391],[13.0898,57.1100],[13.1165,57.1569],[12.9375,57.2086],[12.9307,57.2326],[12.9514,57.2759],[12.8199,57.3022],[12.7702,57.2961],[12.6879,57.3435],[12.6057,57.3517],[12.5148,57.2980],[12.4465,57.2950],[12.3948,57.3701],[12.4155,57.4359],[12.3368,57.4908],[12.3318,57.5838],[12.3019,57.6164],[12.0693,57.5725],[11.9128,57.5829],[11.9168,57.6209],[11.8971,57.6271],[11.8673,57.6074],[11.8349,57.6619],[11.8445,57.6830],[11.9095,57.6868],[11.9236,57.7028],[11.8458,57.6933],[11.7477,57.7136],[11.7518,57.6959],[11.7054,57.6984],[11.7063,57.7219],[11.8103,57.7813],[11.7518,57.7848],[11.6867,57.8376],[11.6562,57.8394],[11.7039,57.8605],[11.6936,57.8811],[11.7072,57.8914],[11.7592,57.9020],[11.7456,57.9151],[11.7661,57.9287],[11.7365,57.9386],[11.8001,58.0222],[11.7829,58.0691],[11.8009,58.0864],[11.7934,58.1000],[11.8181,58.1031],[11.8284,58.1212],[11.8413,58.1937],[11.8896,58.2167],[11.8518,58.2266],[11.8089,58.3021],[11.8828,58.3328],[11.8703,58.3453],[11.8069,58.3266],[11.7267,58.3270],[11.7257,58.3129],[11.6789,58.3074],[11.5810,58.2509],[11.5258,58.2577],[11.5395,58.2372],[11.5058,58.2430],[11.5036,58.2802],[11.5417,58.3335],[11.6220,58.3881],[11.6077,58.3949],[11.6217,58.4059],[11.6699,58.4221],[11.6525,58.4374],[11.6289,58.4313],[11.5886,58.4011],[11.5532,58.4632],[11.5517,58.3993],[11.5224,58.3362],[11.3961,58.2645],[11.4433,58.3055],[11.3991,58.3029],[11.3838,58.3181],[11.4010,58.3368],[11.4485,58.3417],[11.4228,58.3638],[11.4240,58.3881],[11.3706,58.3474],[11.3458,58.3460],[11.4240,58.4426],[11.3341,58.3676],[11.2535,58.3659],[11.2317,58.3396],[11.2208,58.3462],[11.2089,58.4189],[11.2590,58.4221],[11.2514,58.4423],[11.2937,58.4700],[11.2576,58.4821],[11.2385,58.5078],[11.2556,58.5557],[11.2863,58.5799],[11.2657,58.5799],[11.2522,58.6071],[11.2590,58.6345],[11.2106,58.6791],[11.2180,58.7079],[11.1774,58.7185],[11.2317,58.7996],[11.2317,58.8436],[11.1976,58.8641],[11.1976,58.9225],[11.1081,58.9535],[11.1838,58.9914],[11.1228,58.9940],[11.1193,59.0208],[11.1936,59.0801],[11.3209,59.0995],[11.3546,59.0916],[11.3938,59.0194],[11.4381,58.9911],[11.4532,58.9604],[11.4519,58.8960],[11.5470,58.8847],[11.6115,58.8931],[11.6643,58.9200],[11.7453,59.0921],[11.7755,59.2025],[11.8116,59.2496],[11.7839,59.3606],[11.6774,59.5590],[11.6749,59.6071],[11.8284,59.6597],[11.8972,59.7139],[11.9020,59.7851],[11.8429,59.8384],[11.8495,59.8724],[11.9421,59.9020],[12.1437,59.8984],[12.2905,59.9587],[12.4832,60.0812],[12.5246,60.1617],[12.4917,60.3122],[12.5779,60.3759],[12.6053,60.4191],[12.6126,60.4553],[12.5943,60.5149],[12.4825,60.6573],[12.3770,60.7540],[12.2532,61.0017],[12.5117,61.0491],[12.7038,61.0461],[12.7391,61.1424],[12.8398,61.2269],[12.8881,61.3496],[12.8771,61.3709],[12.6137,61.5470],[12.4164,61.5822],[12.1617,61.7248],[12.3174,62.2340],[12.3151,62.2717],[12.7970,62.2071],[12.9753,62.1305],[13.0486,62.0811],[13.1867,62.0433],[13.2854,62.0474],[13.3821,62.0044],[13.3270,61.9057],[13.4946,61.7528],[13.5456,61.6856],[13.6064,61.6584],[14.3823,61.5820],[14.4816,61.5914],[14.6667,61.5629],[14.6799,61.5235],[14.7122,61.4923],[15.1015,61.4923],[15.1855,61.5441],[15.4507,61.3459],[15.6760,61.2170],[15.7025,61.1278],[15.7667,61.0818],[15.9182,61.0305],[16.1559,60.9994],[16.2614,60.8897],[16.3862,60.8135],[16.4070,60.7805],[16.3954,60.7498],[16.2620,60.6483],[16.2048,60.6247],[16.2025,60.5799],[16.3989,60.4186],[16.5431,60.3575],[16.7173,60.2159],[16.8097,60.2105],[16.9156,60.2456],[16.9287,60.2775],[16.9656,60.2956],[17.1203,60.2841],[17.2261,60.3095],[17.2238,60.4040],[17.3158,60.4860],[17.3766,60.6238],[17.4138,60.6379],[17.5749,60.6478],[17.6455,60.6185],[17.6589,60.6083],[17.6037,60.5841],[17.6381,60.5154],[17.7414,60.4984],[17.7270,60.5347],[17.7622,60.5633],[17.8160,60.5852],[17.9487,60.5991],[17.9748,60.5878],[17.9953,60.5530],[17.9674,60.5121],[18.0983,60.4649],[18.1433,60.4135],[18.2622,60.3823],[18.2070,60.3550],[18.2348,60.3270],[18.2963,60.3550],[18.4279,60.3487],[18.4477,60.3413],[18.4477,60.3134],[18.4744,60.2929],[18.4267,60.2862],[18.5654,60.2593],[18.6048,60.2383],[18.5637,60.2276],[18.4005,60.2595],[18.3169,60.3209],[18.3309,60.2857],[18.4477,60.2110],[18.3925,60.2321],[18.4199,60.1935],[18.5061,60.1557],[18.5485,60.1741],[18.5501,60.1290],[18.5781,60.0739],[18.5908,60.1083],[18.5781,60.1421],[18.6513,60.1482],[18.7351,60.1148],[18.7451,60.0497],[18.7966,60.0049],[18.7531,60.0821],[18.7658,60.1110],[18.8169,60.1175],[18.8244,60.0683],[18.9030,59.9472],[19.0055,59.9118],[19.0320,59.8814],[19.0436,59.8820],[19.0367,59.9025],[19.0716,59.8963],[19.0678,59.8336],[19.0346,59.8350],[18.8859,59.9298],[18.9306,59.8854],[18.9240,59.8522],[18.8615,59.8030],[18.7545,59.7911],[18.7338,59.7687],[19.0420,59.7849],[19.0852,59.7722],[19.0577,59.7361],[18.9567,59.7192],[18.9133,59.7517],[18.8798,59.7215],[18.7141,59.6732],[18.6936,59.6493],[18.7420,59.6493],[18.7356,59.6415],[18.7004,59.6214],[18.6600,59.6356],[18.6865,59.6057],[18.6399,59.5836],[18.4840,59.5344],[18.3796,59.4763],[18.2690,59.4774],[18.3032,59.4569],[18.2485,59.4501],[18.2827,59.4364],[18.2768,59.4225],[18.2931,59.4140],[18.3379,59.4085],[18.3073,59.3967],[18.1884,59.4074],[18.1591,59.4221],[18.2070,59.4221],[18.1994,59.4508],[18.1814,59.4581],[18.1455,59.4438],[18.1132,59.4546],[18.0844,59.4389],[18.0983,59.4085],[18.0654,59.3971],[18.0089,59.4085],[18.1461,59.3402],[18.0950,59.3384],[18.0951,59.3268],[18.1966,59.3341],[18.2205,59.3197],[18.2547,59.3627],[18.3181,59.3759],[18.3896,59.3694],[18.4477,59.3539],[18.4267,59.3402],[18.4700,59.3371],[18.4819,59.3477],[18.4477,59.3954],[18.4956,59.3954],[18.4267,59.4364],[18.4846,59.4342],[18.5366,59.4159],[18.5439,59.3954],[18.6123,59.3749],[18.6008,59.3624],[18.5439,59.3681],[18.6325,59.3469],[18.6464,59.3302],[18.6198,59.3082],[18.5192,59.2982],[18.4611,59.3124],[18.3644,59.3065],[18.3379,59.3129],[18.3447,59.3340],[18.2912,59.3226],[18.2758,59.3129],[18.3169,59.2787],[18.2830,59.2789],[18.2793,59.2617],[18.4122,59.2150],[18.4267,59.1968],[18.3137,59.2340],[18.3870,59.1830],[18.4062,59.1893],[18.3925,59.1688],[18.4296,59.1746],[18.4241,59.1439],[18.3437,59.1417],[18.2902,59.1205],[18.3242,59.1081],[18.2008,59.0807],[18.2553,59.1012],[18.2417,59.1081],[18.2553,59.1205],[18.2236,59.1195],[18.1386,59.0938],[18.0962,59.0583],[18.0432,59.0597],[18.0505,59.0385],[18.0136,59.0449],[18.0026,59.0385],[18.0185,59.0228],[17.9611,58.9634],[17.9611,58.9225],[17.8996,58.9157],[17.8928,58.8610],[17.8693,58.8770],[17.8611,58.9190],[17.8147,58.9282],[17.7736,58.9606],[17.8034,58.9082],[17.7744,58.8862],[17.7829,58.9157],[17.7492,58.9238],[17.7414,58.9839],[17.7688,59.1205],[17.7327,59.1144],[17.7104,59.0528],[17.6657,59.0807],[17.6936,59.1314],[17.6589,59.1688],[17.6731,59.1347],[17.6110,59.0938],[17.6145,59.0321],[17.6316,59.0181],[17.6071,58.9659],[17.5769,58.9566],[17.6110,58.9430],[17.6012,58.9278],[17.6267,58.9177],[17.5989,58.8941],[17.5359,58.9020],[17.5906,58.8610],[17.5556,58.8541],[17.4472,58.8952],[17.4690,58.8704],[17.4499,58.8158],[17.4882,58.7996],[17.3374,58.8064],[17.3715,58.7789],[17.3768,58.7643],[17.3577,58.7511],[17.2760,58.7488],[17.2760,58.7306],[17.1623,58.7320],[17.0869,58.7648],[17.0281,58.7511],[17.0835,58.7375],[17.0625,58.7101],[17.1456,58.6966],[17.0930,58.6608],[16.9749,58.6853],[16.9538,58.6692],[17.0016,58.6678],[17.0358,58.6413],[16.9241,58.6254],[16.2337,58.6692],[16.2570,58.6517],[16.2548,58.6345],[16.1977,58.6373],[16.1792,58.6283],[16.2854,58.6159],[16.3339,58.6391],[16.3715,58.6205],[16.3877,58.5916],[16.4091,58.5966],[16.4397,58.6481],[16.5178,58.6245],[16.6359,58.6267],[16.7483,58.5929],[16.7415,58.614],[16.7893,58.6071],[16.7859,58.5727],[16.8303,58.5593],[16.8166,58.5463],[16.8440,58.5463],[16.8341,58.5295],[16.9401,58.4911],[16.8440,58.4774],[16.8528,58.4630],[16.7483,58.4290],[16.4414,58.4859],[16.4126,58.4774],[16.6925,58.4127],[16.7148,58.3949],[16.7148,58.3601],[16.7545,58.3737],[16.7712,58.3631],[16.7750,58.3396],[16.6316,58.3539],[16.6999,58.3191],[16.7107,58.2987],[16.7270,58.3036],[16.7204,58.3191],[16.7991,58.3236],[16.7893,58.3055],[16.7614,58.3055],[16.7545,58.2851],[16.7067,58.2713],[16.8029,58.2446],[16.7893,58.2372],[16.8137,58.2204],[16.8222,58.1796],[16.7882,58.1792],[16.8098,58.1620],[16.7771,58.1305],[16.6174,58.2031],[16.6718,58.1652],[16.6862,58.1478],[16.6595,58.1478],[16.7360,58.0847],[16.7148,58.0795],[16.7122,58.0595],[16.6862,58.0585],[16.7545,58.0249],[16.6915,58.0148],[16.6999,57.9977],[16.6447,58.0386],[16.6372,58.0144],[16.6595,57.9902],[16.6868,57.9892],[16.6608,57.9892],[16.6455,57.9925],[16.5795,58.0950],[16.5015,58.0986],[16.4399,58.1253],[16.2771,58.1217],[16.1970,58.1020],[16.1604,58.0707],[16.0228,58.0783],[16.0263,58.0265],[16.0762,57.9758],[16.0456,57.9424],[16.0569,57.8895],[16.0415,57.8629],[15.9551,57.8181],[15.7281,57.8619],[15.6339,57.8460],[15.5520,57.7777],[15.4603,57.7506],[15.4431,57.7116],[15.5399,57.6599]]],[[[11.7194,57.9921],[11.6950,58.0150],[11.6506,57.9553],[11.5810,57.9358],[11.5278,57.9542],[11.5124,57.9926],[11.5675,58.0038],[11.5056,58.0130],[11.4978,58.0280],[11.5247,58.0507],[11.6596,58.0454],[11.7165,58.0645],[11.7387,58.0585],[11.7456,58.0311],[11.7194,57.9921]]],[[[11.8046,58.1257],[11.7081,58.0982],[11.6289,58.1000],[11.5852,58.1231],[11.5339,58.1068],[11.5162,58.0860],[11.4638,58.1068],[11.4576,58.0721],[11.4474,58.1034],[11.4065,58.1310],[11.4289,58.1609],[11.5278,58.2127],[11.6015,58.2372],[11.6630,58.2372],[11.6699,58.2851],[11.7034,58.2912],[11.7387,58.2851],[11.8137,58.2113],[11.8046,58.1257]]],[[[16.8474,58.2754],[16.8325,58.3041],[16.8772,58.2997],[16.8790,58.2805],[16.8474,58.2754]]],[[[16.9189,58.3363],[16.8652,58.3167],[16.8274,58.3275],[16.7851,58.3800],[16.8597,58.4002],[16.8512,58.3833],[16.8287,58.3815],[16.8471,58.3721],[16.8305,58.3559],[16.8702,58.3332],[16.9189,58.3363]]],[[[18.3571,58.9769],[18.2898,58.9413],[18.3164,58.9269],[18.1936,58.9113],[18.2618,58.9596],[18.3571,58.9769]]],[[[17.6971,58.9354],[17.6806,58.9218],[17.6848,58.9008],[17.6481,58.9189],[17.6258,58.9567],[17.6521,59.0715],[17.7009,59.0248],[17.6971,58.9354]]],[[[18.1901,58.9938],[18.1458,59.0043],[18.1447,58.9690],[18.0989,58.9788],[18.0506,58.9609],[18.1035,59.0226],[18.2165,59.0244],[18.1787,59.0114],[18.1982,59.0096],[18.1901,58.9938]]],[[[18.2039,59.3659],[18.2224,59.3517],[18.2120,59.3414],[18.1655,59.3406],[18.1053,59.3776],[18.1227,59.3891],[18.2492,59.3666],[18.2039,59.3659]]],[[[18.9816,57.7704],[18.9487,57.7826],[18.9321,57.7522],[18.9412,57.7295],[18.8071,57.7344],[18.8103,57.7096],[18.7624,57.6171],[18.8103,57.6073],[18.7614,57.5076],[18.7761,57.4974],[18.7732,57.4722],[18.8034,57.4694],[18.7898,57.4489],[18.9088,57.4391],[18.9262,57.3926],[18.8581,57.3943],[18.8015,57.3762],[18.6804,57.3104],[18.6667,57.2967],[18.6736,57.2776],[18.7109,57.2743],[18.7141,57.2429],[18.5914,57.2186],[18.5644,57.2094],[18.5781,57.1957],[18.4064,57.1430],[18.3857,57.1274],[18.4546,57.1274],[18.3598,57.0961],[18.3447,57.0827],[18.3379,57.0312],[18.4000,57.0039],[18.3447,57.0039],[18.3584,56.9896],[18.3115,56.9480],[18.2039,56.9151],[18.1386,56.9220],[18.2038,56.9862],[18.2008,57.0175],[18.2656,57.0414],[18.2902,57.0927],[18.2233,57.0602],[18.2008,57.0653],[18.2251,57.0949],[18.2143,57.1138],[18.2280,57.1336],[18.1853,57.1448],[18.1598,57.2298],[18.0993,57.2589],[18.1155,57.2970],[18.1658,57.3316],[18.1792,57.3795],[18.1461,57.4080],[18.1134,57.4879],[18.1281,57.5481],[18.3250,57.6725],[18.4630,57.8031],[18.5501,57.8394],[18.6086,57.8363],[18.6407,57.8861],[18.7004,57.9213],[18.7571,57.9061],[18.7646,57.8651],[18.8034,57.8257],[18.8518,57.8912],[18.8374,57.9121],[18.9133,57.9213],[18.8979,57.8976],[18.9172,57.8881],[18.9415,57.8888],[18.9565,57.9077],[19.0095,57.9082],[19.0140,57.8812],[19.0852,57.8257],[18.9865,57.8074],[18.9816,57.7704]]],[[[19.3385,57.9635],[19.1619,57.9259],[19.1399,57.9082],[19.1603,57.8803],[19.1296,57.8468],[19.0844,57.8593],[19.0367,57.9052],[19.0865,57.9684],[19.1145,57.9796],[19.2224,57.9902],[19.2400,57.9706],[19.3056,57.9763],[19.3385,57.9635]]],[[[19.1877,58.3949],[19.3056,58.3789],[19.3317,58.3676],[19.2503,58.3428],[19.2141,58.3546],[19.1877,58.3949]]],[[[18.4873,59.0850],[18.4052,59.0086],[18.3665,59.0091],[18.3413,59.0334],[18.3615,59.0392],[18.3510,59.0568],[18.3763,59.0637],[18.3747,59.0783],[18.4793,59.1166],[18.4873,59.0850]]],[[[18.6684,59.1742],[18.6909,59.2088],[18.7500,59.2051],[18.6684,59.1742]]],[[[18.3447,59.2992],[18.5234,59.2886],[18.6123,59.2582],[18.5161,59.2713],[18.5324,59.2418],[18.5781,59.2446],[18.5516,59.2258],[18.5203,59.2286],[18.3447,59.2992]]],[[[18.7776,59.2570],[18.7316,59.2584],[18.7246,59.2726],[18.7576,59.2945],[18.8108,59.2892],[18.7776,59.2570]]],[[[18.6910,59.3737],[18.7417,59.3507],[18.7470,59.3318],[18.6775,59.2995],[18.6821,59.3312],[18.6380,59.3679],[18.6910,59.3737]]],[[[18.9482,59.3787],[18.8994,59.4007],[18.9215,59.4059],[18.9482,59.3787]]],[[[18.8557,59.3859],[18.8542,59.4025],[18.8694,59.3934],[18.8557,59.3859]]],[[[18.8986,59.4457],[18.9257,59.4340],[18.8938,59.4071],[18.8723,59.4086],[18.8606,59.4245],[18.8986,59.4457]]],[[[18.6032,59.4930],[18.6018,59.4561],[18.5784,59.4639],[18.5809,59.4307],[18.5564,59.4223],[18.5105,59.4831],[18.5380,59.4955],[18.5573,59.4820],[18.5776,59.4950],[18.5481,59.4989],[18.5511,59.5100],[18.6097,59.5456],[18.7391,59.5404],[18.6329,59.4896],[18.6032,59.4930]]],[[[18.8087,59.5818],[18.7568,59.5726],[18.9243,59.6569],[18.9052,59.6336],[18.8087,59.5818]]],[[[18.9863,59.6285],[18.9275,59.6224],[18.9052,59.5832],[18.8855,59.5785],[18.8585,59.5957],[18.9524,59.6529],[18.9863,59.6285]]],[[[18.9720,59.7866],[18.8912,59.7855],[18.8857,59.7939],[18.9591,59.8637],[18.9879,59.8505],[19.0022,59.8057],[18.9720,59.7866]]],[[[18.7614,60.2031],[18.7844,60.1751],[18.8003,60.1764],[18.8068,60.1605],[18.7243,60.1554],[18.7130,60.1825],[18.7287,60.2004],[18.7122,60.2121],[18.7614,60.2031]]],[[[18.5581,60.3071],[18.4021,60.3698],[18.3787,60.5077],[18.4062,60.5058],[18.4267,60.4649],[18.4660,60.4426],[18.4744,60.4308],[18.4199,60.4437],[18.4943,60.3565],[18.5297,60.3681],[18.5706,60.3172],[18.5581,60.3071]]]]}},{"type":"Feature","properties":{"zone":"SE_4","eic":"10Y1001A1001A47J","name":"SE4 BZ / MBA","country":"SE"},"geometry":{"type":"MultiPolygon","coordinates":[[[[14.4974,56.0404],[14.4077,55.9770],[14.3464,55.9533],[14.3232,55.9157],[14.2347,55.8626],[14.2085,55.8212],[14.1958,55.7256],[14.2736,55.6676],[14.2845,55.6229],[14.3675,55.5453],[14.3488,55.5105],[14.1811,55.3908],[14.0642,55.3907],[13.8972,55.4348],[13.8422,55.4212],[13.6295,55.4182],[13.5808,55.3888],[13.5034,55.3883],[13.3813,55.3460],[13.2805,55.3454],[12.9791,55.4032],[12.8327,55.3825],[12.8287,55.4000],[12.8593,55.4348],[12.9296,55.4187],[12.9658,55.4348],[12.9632,55.4542],[12.9856,55.4479],[12.9174,55.5471],[12.9293,55.5789],[13.0383,55.6351],[13.0579,55.6607],[13.0548,55.6940],[13.0114,55.7284],[12.9743,55.7264],[12.9658,55.7461],[12.9226,55.7494],[12.9113,55.7638],[12.9318,55.7694],[12.9386,55.7904],[12.9260,55.8340],[12.8213,55.8867],[12.7522,55.9965],[12.6022,56.1231],[12.5045,56.2753],[12.4514,56.3044],[12.6462,56.2572],[12.7048,56.2224],[12.8144,56.2361],[12.8294,56.2785],[12.7834,56.2934],[12.7317,56.3596],[12.6215,56.4193],[12.6569,56.4552],[12.7137,56.4673],[12.8332,56.4425],[12.8901,56.4552],[12.9333,56.5065],[12.9344,56.5470],[12.8717,56.6494],[12.7317,56.6470],[12.6798,56.6795],[12.6643,56.7143],[12.6157,56.7500],[12.5947,56.7879],[12.5983,56.8209],[12.4695,56.8920],[12.3564,56.9238],[12.3409,57.0140],[12.2712,57.0428],[12.2185,57.0927],[12.2376,57.1080],[12.2043,57.1479],[12.1974,57.1848],[12.1490,57.1883],[12.1912,57.2125],[12.1013,57.2367],[12.1565,57.2429],[12.0950,57.2503],[12.1472,57.2854],[12.1440,57.3101],[12.1049,57.3445],[12.0498,57.3511],[12.1087,57.3943],[12.0603,57.3943],[12.0920,57.4113],[12.0592,57.4588],[12.0066,57.4341],[11.9790,57.3465],[11.9721,57.3640],[11.9336,57.3608],[11.9448,57.3876],[11.9033,57.3943],[11.9152,57.4033],[11.9070,57.4652],[11.9448,57.4899],[11.9101,57.5036],[11.9311,57.5110],[11.9033,57.5241],[11.9176,57.5395],[11.9128,57.5829],[12.0693,57.5725],[12.3019,57.6164],[12.3318,57.5838],[12.3368,57.4908],[12.4155,57.4359],[12.3948,57.3701],[12.4465,57.2950],[12.5148,57.2980],[12.6057,57.3517],[12.6879,57.3435],[12.7702,57.2961],[12.8199,57.3022],[12.9514,57.2759],[12.9307,57.2326],[12.9375,57.2086],[13.1165,57.1569],[13.0898,57.1100],[13.1424,57.0391],[13.2444,57.1009],[13.3946,57.1205],[13.5758,57.0771],[13.6015,57.0526],[13.6069,57.0214],[13.6936,56.9834],[13.7620,57.0332],[13.8620,57.0022],[13.9511,57.0388],[14.0653,57.0501],[14.1717,57.0062],[14.2436,56.9084],[14.3207,56.8884],[14.3930,56.9552],[14.3891,57.0003],[14.3537,57.0324],[14.3731,57.1237],[14.4043,57.1560],[14.7690,57.2277],[14.8925,57.2009],[14.9296,57.1597],[14.9837,57.1500],[15.1045,57.1976],[15.1745,57.1970],[15.1646,57.2419],[15.4157,57.2358],[15.5507,57.2113],[15.5448,57.2411],[15.4953,57.3016],[15.5275,57.3451],[15.5275,57.4401],[15.5515,57.4684],[15.6039,57.4472],[15.6294,57.4613],[15.6627,57.5297],[15.6128,57.5579],[15.6669,57.6091],[15.4635,57.6956],[15.4431,57.7116],[15.4603,57.7506],[15.5520,57.7777],[15.6339,57.8460],[15.6699,57.8571],[15.7667,57.8583],[15.9307,57.8191],[16.0018,57.8341],[16.0532,57.8758],[16.0432,57.9338],[16.0762,57.9758],[16.0263,58.0265],[16.0228,58.0783],[16.1604,58.0707],[16.1970,58.1020],[16.2771,58.1217],[16.4399,58.1253],[16.5015,58.0986],[16.5795,58.0950],[16.6408,57.9947],[16.6868,57.9892],[16.7063,57.9621],[16.7353,57.9719],[16.7415,57.9461],[16.7824,57.9151],[16.7273,57.9287],[16.7653,57.8988],[16.7581,57.8770],[16.7233,57.8834],[16.6828,57.9188],[16.6707,57.8914],[16.6106,57.8946],[16.6037,57.9287],[16.6447,57.9213],[16.5153,57.9988],[16.4944,57.9840],[16.5045,57.9701],[16.5900,57.9356],[16.5695,57.9213],[16.5725,57.8939],[16.4808,57.9151],[16.4870,57.8946],[16.4602,57.9020],[16.6999,57.7438],[16.6351,57.7656],[16.5418,57.8390],[16.4194,57.8946],[16.4389,57.8653],[16.5300,57.8252],[16.6652,57.7370],[16.6521,57.7295],[16.6907,57.7256],[16.7148,57.7028],[16.6931,57.7028],[16.7067,57.6885],[16.5769,57.7096],[16.6199,57.6666],[16.5832,57.6619],[16.6305,57.6290],[16.5627,57.5929],[16.5559,57.6271],[16.5205,57.6271],[16.5422,57.6073],[16.5205,57.5861],[16.5422,57.5724],[16.5149,57.5663],[16.6291,57.5568],[16.6889,57.4717],[16.6595,57.4762],[16.6722,57.4596],[16.6333,57.4370],[16.6726,57.4154],[16.6257,57.3989],[16.6316,57.3807],[16.5476,57.3825],[16.5348,57.3602],[16.5695,57.3465],[16.5473,57.3288],[16.5627,57.3192],[16.4851,57.2946],[16.4690,57.2753],[16.4944,57.2429],[16.4659,57.2280],[16.4650,57.1773],[16.5094,57.1273],[16.5525,57.1100],[16.5695,57.0864],[16.5544,57.0807],[16.5832,57.0449],[16.5348,57.0517],[16.5276,57.0653],[16.5003,57.0397],[16.4397,57.0517],[16.4733,57.0312],[16.4349,56.9978],[16.4681,56.9492],[16.4363,56.9111],[16.4397,56.8668],[16.4079,56.7991],[16.4285,56.7829],[16.4633,56.7978],[16.4716,56.7774],[16.3610,56.7637],[16.3777,56.7258],[16.3715,56.6613],[16.3415,56.6512],[16.3011,56.6632],[16.2463,56.6424],[16.2209,56.6087],[16.2070,56.5385],[16.1787,56.5370],[16.0952,56.4193],[16.0382,56.2550],[15.9321,56.1747],[15.8743,56.1027],[15.8517,56.0863],[15.7887,56.1064],[15.8265,56.1593],[15.8061,56.1679],[15.7312,56.1572],[15.6482,56.1945],[15.5921,56.1605],[15.5759,56.1747],[15.5962,56.2037],[15.5864,56.2088],[15.4929,56.1763],[15.4799,56.1518],[15.4039,56.1797],[15.3655,56.1410],[15.2952,56.1474],[15.3226,56.1536],[15.2952,56.1883],[15.1923,56.1528],[15.1543,56.1686],[15.0930,56.1610],[15.0755,56.1883],[15.0346,56.1815],[15.0490,56.1536],[14.9533,56.1729],[14.8481,56.1639],[14.8496,56.1474],[14.8302,56.1426],[14.7745,56.1679],[14.7013,56.1613],[14.6823,56.1171],[14.7677,56.0307],[14.7155,56.0023],[14.7057,56.0170],[14.6115,56.0111],[14.6237,56.0244],[14.6032,56.0580],[14.5822,56.0437],[14.5691,56.0580],[14.4974,56.0404]]],[[[15.7268,56.1183],[15.7008,56.1056],[15.6967,56.0742],[15.6423,56.1046],[15.6691,56.1239],[15.7268,56.1183]]],[[[17.0644,57.2418],[17.0494,57.1883],[17.0281,57.1814],[16.9606,57.0632],[16.8986,57.0380],[16.9339,57.0175],[16.8712,56.9691],[16.8830,56.9162],[16.8581,56.8967],[16.8418,56.8440],[16.7687,56.7967],[16.6827,56.5934],[16.6369,56.5597],[16.6384,56.5241],[16.5758,56.4057],[16.5664,56.3461],[16.4908,56.2395],[16.4284,56.2179],[16.4126,56.2293],[16.3989,56.2982],[16.4140,56.4027],[16.3914,56.4586],[16.3989,56.5446],[16.4194,56.5856],[16.6208,56.8722],[16.7312,56.9039],[16.8883,57.1182],[16.9099,57.2022],[16.9592,57.2306],[16.9664,57.3045],[17.0358,57.3527],[17.0652,57.3577],[17.0818,57.3413],[17.1040,57.3527],[17.1245,57.3192],[17.0755,57.3051],[17.0420,57.2709],[17.0644,57.2418]]]]}},{"type":"Feature","properties":{"zone":"DK_1","eic":"10YDK-1--------W","name":"DK1 BZ / MBA","country":"DK"},"geometry":{"type":"MultiPolygon","coordinates":[[[[10.0651,54.8908],[9.9680,54.8595],[9.8742,54.8861],[9.9008,54.9007],[9.9915,54.8725],[9.9436,54.9036],[9.8879,54.9135],[9.8147,54.9010],[9.7612,54.9430],[9.7581,54.9817],[9.8475,54.9481],[9.8327,54.9651],[9.8421,54.9702],[9.7867,55.0001],[9.7990,55.0165],[9.6741,55.0210],[9.6966,55.0506],[9.6455,55.0448],[9.6284,55.0580],[9.7166,55.0822],[9.7934,55.0807],[9.8530,55.0401],[9.9609,55.0150],[10.0258,54.9597],[10.0651,54.8908]]],[[[9.2115,54.8418],[8.8242,54.9059],[8.7327,54.8890],[8.6607,54.8963],[8.6748,54.9479],[8.6409,55.0233],[8.6818,55.1332],[8.5636,55.1433],[8.5573,55.0963],[8.4993,55.0655],[8.4702,55.0785],[8.4588,55.1034],[8.4702,55.1775],[8.4889,55.1971],[8.5937,55.1809],[8.5520,55.1605],[8.5551,55.1493],[8.6894,55.1415],[8.6484,55.2802],[8.6596,55.3272],[8.6176,55.4379],[8.4419,55.4639],[8.3103,55.5626],[8.3323,55.5720],[8.3131,55.5827],[8.2678,55.5805],[8.2390,55.5579],[8.2717,55.5304],[8.2436,55.5167],[8.3167,55.4894],[8.3261,55.4721],[8.3133,55.4693],[8.1936,55.5259],[8.0952,55.5490],[8.1816,55.7290],[8.1277,55.9876],[8.1505,55.9770],[8.1933,55.8738],[8.1816,55.8283],[8.1936,55.8118],[8.3478,55.8693],[8.3933,55.9091],[8.3195,55.9860],[8.3081,56.0529],[8.2477,56.0898],[8.1496,56.1111],[8.1347,55.9939],[8.1116,56.0122],[8.1033,56.0968],[8.1338,56.2054],[8.1224,56.5516],[8.1338,56.5856],[8.2138,56.7118],[8.2324,56.6883],[8.2021,56.6402],[8.2331,56.6339],[8.2539,56.6061],[8.3059,56.5978],[8.2915,56.5930],[8.2983,56.5582],[8.3151,56.5568],[8.3120,56.5788],[8.3921,56.5852],[8.5146,56.5446],[8.5657,56.5788],[8.6010,56.5011],[8.6369,56.4797],[8.7265,56.4832],[8.7625,56.5633],[8.7089,56.5885],[8.6818,56.6265],[8.7408,56.6349],[8.8054,56.6954],[8.9167,56.7088],[8.8408,56.7223],[8.8766,56.7643],[8.9557,56.8029],[9.0149,56.7978],[9.0631,56.8125],[9.1059,56.8001],[9.1204,56.7645],[9.1760,56.7085],[9.0934,56.6749],[9.0975,56.6584],[9.0593,56.6339],[9.0488,56.6071],[9.0605,56.5657],[9.0934,56.5780],[9.1067,56.6107],[9.1554,56.6129],[9.1213,56.6203],[9.1554,56.6613],[9.1494,56.6388],[9.2762,56.6329],[9.2824,56.6105],[9.2503,56.5788],[9.3164,56.5308],[9.3466,56.5520],[9.3608,56.5447],[9.3727,56.5653],[9.3503,56.5719],[9.2937,56.5610],[9.3260,56.6694],[9.3056,56.6954],[9.2708,56.7023],[9.1990,56.6765],[9.1691,56.6886],[9.2264,56.7162],[9.2425,56.7470],[9.1965,56.7704],[9.1749,56.8060],[9.2106,56.8631],[9.1628,56.8941],[9.2002,56.9389],[9.2887,56.9971],[9.4370,57.0244],[9.5867,56.9971],[9.5730,56.9788],[9.6079,56.9698],[9.6889,57.0391],[9.7612,57.0585],[9.9157,57.0585],[9.7956,57.1063],[9.7119,57.0612],[9.6751,57.0791],[9.5808,57.0493],[9.4939,57.0485],[9.2453,57.0023],[9.1145,57.0585],[9.1128,57.0386],[9.0426,57.0177],[8.9967,57.0280],[8.9016,56.9862],[8.8504,57.0034],[8.8116,56.9698],[8.6795,56.9525],[8.6211,56.8941],[8.6079,56.8496],[8.5695,56.8184],[8.4913,56.7942],[8.4914,56.7313],[8.4764,56.7159],[8.5255,56.7159],[8.5270,56.6952],[8.4528,56.7023],[8.4082,56.6886],[8.5009,56.6749],[8.5862,56.6886],[8.5862,56.6538],[8.6080,56.6310],[8.5466,56.6017],[8.5595,56.5930],[8.5114,56.6070],[8.4448,56.6640],[8.3522,56.6929],[8.3020,56.7637],[8.2436,56.7774],[8.2631,56.7189],[8.2458,56.7040],[8.2361,56.7711],[8.2703,56.8432],[8.4497,57.0039],[8.6180,57.1228],[8.7839,57.1048],[8.9145,57.1274],[8.9804,57.1610],[9.2306,57.1410],[9.4121,57.1654],[9.5732,57.2429],[9.7884,57.4592],[9.9669,57.5913],[10.1976,57.6012],[10.3505,57.6489],[10.5390,57.7438],[10.5960,57.7511],[10.6489,57.7370],[10.5424,57.6989],[10.4604,57.6305],[10.4304,57.5705],[10.5465,57.4352],[10.5174,57.3913],[10.5390,57.2367],[10.4467,57.1848],[10.4114,57.1444],[10.3471,57.0101],[10.2397,56.9928],[9.9946,57.0927],[9.9269,57.0585],[10.0019,57.0838],[10.1923,56.9940],[10.3137,56.9828],[10.2795,56.9555],[10.2658,56.9077],[10.2954,56.7788],[10.3405,56.7173],[10.2038,56.7023],[10.1464,56.7223],[9.9455,56.6581],[9.8059,56.6402],[10.0014,56.6613],[10.0628,56.6886],[10.1013,56.6826],[10.1505,56.7144],[10.1833,56.7085],[10.1757,56.6954],[10.2419,56.6883],[10.3342,56.7038],[10.3576,56.6487],[10.3403,56.6203],[10.2143,56.5582],[10.2067,56.4909],[10.1833,56.4695],[10.2255,56.4757],[10.2376,56.5543],[10.3303,56.6032],[10.3509,56.5958],[10.3652,56.5584],[10.4699,56.5209],[10.8222,56.5342],[10.9641,56.4484],[10.9284,56.4064],[10.9116,56.3340],[10.7553,56.2293],[10.7386,56.1545],[10.6722,56.1651],[10.6489,56.1883],[10.6852,56.1962],[10.6876,56.2222],[10.6285,56.2375],[10.5491,56.1782],[10.5737,56.1126],[10.5480,56.1012],[10.5185,56.1027],[10.4912,56.1399],[10.5254,56.1536],[10.5094,56.1701],[10.4087,56.1648],[10.3546,56.2020],[10.4292,56.2224],[10.4777,56.2023],[10.4912,56.2162],[10.4754,56.2446],[10.5047,56.2777],[10.4030,56.2982],[10.3938,56.2765],[10.2584,56.1902],[10.2202,56.1478],[10.2656,56.0737],[10.2311,56.0170],[10.2775,56.0177],[10.2524,55.9862],[10.2453,55.9146],[10.1833,55.8737],[10.1993,55.8507],[10.1821,55.8336],[10.1510,55.8381],[10.1018,55.8823],[9.8674,55.8519],[9.8925,55.8362],[10.0457,55.8139],[10.0173,55.7655],[10.0598,55.7494],[10.0188,55.7362],[10.0052,55.7011],[9.9817,55.7094],[9.7922,55.6744],[9.6865,55.7085],[9.5595,55.7153],[9.5527,55.7011],[9.5735,55.6954],[9.6585,55.6903],[9.7382,55.6297],[9.8537,55.6266],[9.7124,55.5602],[9.7068,55.5372],[9.6072,55.5167],[9.5595,55.5236],[9.5519,55.5051],[9.4980,55.4894],[9.6023,55.4957],[9.6601,55.4779],[9.6489,55.4410],[9.5867,55.4274],[9.6079,55.3932],[9.6008,55.3659],[9.6452,55.3427],[9.6346,55.3175],[9.7102,55.2486],[9.6844,55.1975],[9.5698,55.1925],[9.4863,55.1562],[9.5118,55.1332],[9.4565,55.1257],[9.5213,55.1158],[9.5595,55.0853],[9.5166,55.0565],[9.4343,55.0375],[9.4552,55.0231],[9.5799,55.0506],[9.6626,55.0097],[9.7309,54.9954],[9.7631,54.9004],[9.7114,54.8985],[9.7034,54.8861],[9.7378,54.8735],[9.7502,54.8462],[9.7312,54.8315],[9.6966,54.8588],[9.6233,54.8653],[9.6346,54.8793],[9.6103,54.9032],[9.6442,54.9132],[9.6150,54.9326],[9.5867,54.9277],[9.5459,54.8793],[9.4563,54.8438],[9.4369,54.8101],[9.3850,54.8193],[9.2440,54.8017],[9.2263,54.8059],[9.2115,54.8418]]],[[[8.3642,55.4490],[8.4082,55.4684],[8.4119,55.4387],[8.4633,55.4274],[8.4502,55.3933],[8.4764,55.3454],[8.4516,55.3397],[8.4253,55.3555],[8.3642,55.4490]]],[[[8.6583,56.6781],[8.5862,56.7364],[8.5146,56.7382],[8.5532,56.7681],[8.5452,56.7910],[8.6438,56.8080],[8.6687,56.8258],[8.6211,56.8320],[8.6551,56.8668],[8.6516,56.8941],[8.8136,56.9103],[8.8674,56.9629],[8.8903,56.9548],[8.9288,56.9766],[8.9084,56.9487],[8.9226,56.9220],[8.9004,56.8748],[8.8879,56.8668],[8.8674,56.8941],[8.8396,56.8798],[8.8551,56.8197],[8.8811,56.8053],[8.8532,56.7978],[8.8674,56.7910],[8.8391,56.7572],[8.7712,56.7159],[8.7661,56.6987],[8.6583,56.6781]]],[[[10.4987,54.8588],[10.5185,54.8519],[10.3834,54.8307],[10.2114,54.9393],[10.1892,54.9774],[10.2887,54.9407],[10.3496,54.8967],[10.3913,54.8954],[10.3888,54.9203],[10.4260,54.8725],[10.4609,54.8744],[10.4502,54.8998],[10.4991,54.8745],[10.4987,54.8588]]],[[[10.9089,55.0302],[10.8377,54.9372],[10.7410,54.7523],[10.6938,54.7352],[10.6564,54.8036],[10.6010,54.8383],[10.6408,54.8432],[10.6844,54.8878],[10.7244,54.8861],[10.7177,54.9072],[10.6829,54.9072],[10.6970,54.9313],[10.8549,55.0438],[10.8955,55.1215],[10.9342,55.1596],[10.9567,55.1537],[10.9089,55.0302]]],[[[10.6047,55.0625],[10.5382,55.0297],[10.4106,55.0469],[10.2342,55.0922],[10.2052,55.0936],[10.1970,55.0642],[10.1417,55.0922],[10.0659,55.0922],[10.1560,55.1400],[10.0940,55.1884],[10.0393,55.1809],[10.0035,55.1973],[9.9944,55.1727],[10.0291,55.1424],[10.0256,55.1257],[9.9855,55.1277],[9.9795,55.2128],[9.9113,55.2285],[9.8839,55.2534],[9.8953,55.2802],[9.8847,55.3488],[9.8024,55.3623],[9.7780,55.3802],[9.8400,55.4000],[9.7854,55.4137],[9.8195,55.4137],[9.7373,55.4381],[9.7034,55.4684],[9.7863,55.4372],[9.8121,55.4410],[9.6762,55.4956],[9.7551,55.5441],[9.8274,55.5484],[9.8400,55.5236],[9.8881,55.5086],[10.2373,55.6055],[10.2721,55.6055],[10.2795,55.5851],[10.2936,55.5880],[10.2937,55.6161],[10.3076,55.6182],[10.5188,55.5334],[10.4752,55.5319],[10.4860,55.4947],[10.4196,55.4588],[10.4360,55.4421],[10.4715,55.4430],[10.4912,55.4652],[10.6091,55.4925],[10.5669,55.5236],[10.6137,55.5278],[10.5942,55.5782],[10.6145,55.5646],[10.6085,55.6129],[10.6276,55.6135],[10.7041,55.5502],[10.7423,55.4874],[10.6574,55.4597],[10.5713,55.4612],[10.5540,55.4425],[10.5942,55.4410],[10.5959,55.4596],[10.6979,55.4402],[10.7966,55.3585],[10.8343,55.2902],[10.7802,55.3049],[10.7786,55.2748],[10.8133,55.2355],[10.8126,55.1942],[10.7833,55.1242],[10.7336,55.0718],[10.6047,55.0625]]],[[[10.5802,55.9115],[10.5153,55.9512],[10.5185,55.9761],[10.5439,55.9979],[10.5802,55.9365],[10.6282,55.9208],[10.6214,55.8798],[10.6386,55.8661],[10.6692,55.8800],[10.6282,55.8457],[10.6145,55.7768],[10.5822,55.7597],[10.5202,55.7885],[10.5115,55.8252],[10.5172,55.8455],[10.5730,55.8788],[10.5802,55.9115]]],[[[11.6494,56.7221],[11.5642,56.6774],[11.5245,56.6847],[11.5095,56.7101],[11.6494,56.7221]]],[[[11.1965,57.3028],[11.0665,57.2913],[11.0941,57.2689],[11.0911,57.2527],[11.0288,57.2019],[10.9979,57.1979],[10.9518,57.2337],[10.8549,57.2646],[11.0277,57.3206],[11.1699,57.3327],[11.1901,57.3255],[11.1965,57.3028]]]]}},{"type":"Feature","properties":{"zone":"DK_2","eic":"10YDK-2--------M","name":"DK2 BZ / MBA","country":"DK"},"geometry":{"type":"MultiPolygon","coordinates":[[[[11.8554,54.7435],[11.8069,54.7079],[11.8464,54.6978],[11.8426,54.6762],[11.8107,54.6550],[11.7661,54.6465],[11.6105,54.6664],[11.4743,54.6261],[11.1877,54.7322],[11.0305,54.7606],[10.9991,54.7867],[11.0057,54.8036],[11.0896,54.8106],[11.1081,54.8315],[11.0188,54.8861],[11.0324,54.9192],[11.0739,54.9481],[11.2317,54.9612],[11.3388,54.9191],[11.3689,54.8810],[11.5947,54.8111],[11.5727,54.8479],[11.6562,54.8662],[11.6494,54.9135],[11.7872,54.8315],[11.7729,54.8246],[11.7876,54.8068],[11.8486,54.7731],[11.8554,54.7435]]],[[[12.5517,54.9571],[12.3483,54.9600],[12.2077,54.8861],[12.1150,54.9072],[12.1490,54.9408],[12.1291,54.9544],[12.1770,54.9680],[12.1770,54.9892],[12.2321,54.9755],[12.2868,54.9892],[12.2942,55.0233],[12.2526,55.0438],[12.2619,55.0642],[12.3352,55.0332],[12.5047,55.0197],[12.5376,55.0023],[12.5517,54.9571]]],[[[15.1377,55.1195],[15.1477,55.0956],[15.1066,55.0446],[15.1132,55.0182],[15.0726,54.9916],[14.7808,55.0511],[14.6841,55.1013],[14.7092,55.2358],[14.7609,55.3092],[14.8514,55.2482],[14.9267,55.2157],[14.9733,55.2161],[15.0004,55.1884],[15.1316,55.1454],[15.1513,55.1332],[15.1377,55.1195]]],[[[12.2482,55.5461],[12.1980,55.4874],[12.2248,55.4348],[12.4121,55.3791],[12.4445,55.3488],[12.4650,55.2902],[12.3924,55.2553],[12.1827,55.2272],[12.1211,55.1910],[12.0989,55.1414],[12.0807,55.1468],[12.0766,55.1819],[12.0146,55.1674],[12.0466,55.1400],[12.1686,55.1284],[12.1713,55.0954],[12.1185,55.0735],[12.1633,55.0233],[12.1622,55.0043],[12.0329,54.9680],[11.9101,55.0097],[11.8828,54.9408],[11.9184,54.9219],[11.9311,54.9277],[11.9236,54.9408],[11.9578,54.9481],[12.0239,54.8980],[12.0964,54.8980],[12.1701,54.8383],[12.0671,54.7868],[11.9607,54.6940],[11.9690,54.5697],[11.9490,54.5685],[11.8691,54.6596],[11.8706,54.6803],[11.9101,54.7216],[11.8758,54.7297],[11.8828,54.7564],[11.8090,54.8049],[11.7934,54.8445],[11.7496,54.8731],[11.7420,54.9254],[11.7114,54.9408],[11.7592,54.9680],[11.8039,54.9481],[11.8828,54.9817],[11.8418,55.0302],[11.7287,55.0642],[11.6655,55.0663],[11.6158,55.0922],[11.8274,55.0506],[11.7176,55.1257],[11.8039,55.1348],[11.8069,55.1468],[11.7285,55.1547],[11.7114,55.1679],[11.7347,55.1886],[11.7176,55.2083],[11.6494,55.1809],[11.4231,55.2219],[11.2999,55.2083],[11.3204,55.1946],[11.2609,55.2005],[11.2385,55.2424],[11.2678,55.2359],[11.2863,55.2560],[11.2419,55.2486],[11.2415,55.2785],[11.1528,55.3284],[11.1901,55.3454],[11.1423,55.3522],[11.1081,55.3318],[11.0877,55.3585],[11.2142,55.4037],[11.1639,55.5018],[11.0809,55.5130],[11.0885,55.5338],[11.1379,55.5429],[11.1456,55.5761],[11.0879,55.6269],[10.9299,55.6676],[11.0877,55.6601],[10.9602,55.7243],[10.8754,55.7427],[11.0330,55.7290],[11.1627,55.7494],[11.1218,55.7365],[11.1926,55.7003],[11.2180,55.7085],[11.1764,55.7290],[11.1901,55.7365],[11.2522,55.7290],[11.3640,55.7651],[11.3756,55.8079],[11.3483,55.8383],[11.3984,55.8264],[11.4433,55.8457],[11.4775,55.8415],[11.5052,55.8687],[11.5105,55.9082],[11.4773,55.9413],[11.3045,55.9678],[11.2726,55.9965],[11.4005,55.9619],[11.5993,55.9420],[11.7683,55.9705],[11.7797,55.9618],[11.7387,55.9208],[11.7439,55.9037],[11.7114,55.9071],[11.7176,55.9208],[11.6630,55.9071],[11.7316,55.8307],[11.7176,55.8109],[11.6562,55.8109],[11.6077,55.7830],[11.7387,55.7973],[11.7627,55.7494],[11.6572,55.7308],[11.7463,55.7310],[11.7944,55.6879],[11.7797,55.6601],[11.8554,55.7328],[11.8418,55.7564],[11.8691,55.8047],[11.9373,55.8252],[11.9536,55.8535],[11.9095,55.9154],[11.9168,55.9345],[11.9347,55.9336],[11.9982,55.9028],[11.9920,55.8737],[12.0312,55.8165],[12.0519,55.7366],[12.0261,55.7153],[11.9726,55.7214],[11.9101,55.6601],[11.9591,55.6651],[12.0011,55.6986],[12.0403,55.6744],[12.0092,55.6804],[12.0114,55.6690],[12.0603,55.6539],[12.0950,55.7290],[12.0261,55.9413],[11.9924,55.9605],[11.8654,55.9393],[11.8486,55.9481],[11.8655,55.9727],[12.2451,56.1287],[12.4860,56.0990],[12.6219,56.0437],[12.5127,55.9282],[12.6022,55.7973],[12.5879,55.7290],[12.6022,55.7085],[12.4871,55.6098],[12.4035,55.6192],[12.2482,55.5461]]],[[[12.6745,55.6012],[12.5563,55.5504],[12.5205,55.5967],[12.5201,55.6192],[12.6084,55.7011],[12.6745,55.6012]]]]}},{"type":"Feature","properties":{"zone":"IT_NORD","eic":"10Y1001A1001A73I","name":"IT-North BZ","country":"IT"},"geometry":{"type":"MultiPolygon","coordinates":[[[[7.6086,43.9756],[7.6899,44.0673],[7.6919,44.0846],[7.6418,44.1435],[7.6556,44.1760],[7.3310,44.1252],[7.3093,44.1474],[7.1449,44.2072],[7.0460,44.2402],[6.9828,44.2417],[6.9212,44.3021],[6.8661,44.3721],[6.8771,44.4143],[6.9178,44.4363],[6.8612,44.4749],[6.8357,44.5340],[6.9456,44.6254],[6.9343,44.6466],[6.9598,44.6831],[7.0551,44.6848],[6.9984,44.7937],[7.0049,44.8279],[6.9326,44.8616],[6.8471,44.8590],[6.7454,44.9078],[6.7279,44.9287],[6.7234,45.0133],[6.6516,45.0356],[6.6365,45.0744],[6.6027,45.1034],[6.7364,45.1573],[6.8441,45.1301],[6.8766,45.1412],[6.8734,45.1659],[6.9137,45.1701],[6.9587,45.2098],[7.0297,45.2281],[7.0554,45.2136],[7.1083,45.2592],[7.0925,45.3239],[7.1606,45.4109],[7.0968,45.4354],[7.0720,45.4700],[6.9828,45.5111],[6.9529,45.5942],[6.9633,45.6407],[6.8161,45.6968],[6.7846,45.7595],[6.7827,45.7952],[6.8008,45.8264],[6.8433,45.8386],[6.8644,45.8268],[6.8734,45.8448],[6.9490,45.8578],[7.0077,45.9205],[7.0220,45.9252],[7.0901,45.8805],[7.1535,45.8765],[7.2866,45.9134],[7.3938,45.9157],[7.5411,45.9841],[7.6430,45.9663],[7.7062,45.9257],[7.8437,45.9192],[7.8837,45.9738],[7.9983,46.0106],[8.0253,46.0911],[8.1105,46.1269],[8.1322,46.1593],[8.1295,46.1960],[8.0730,46.2536],[8.0873,46.2718],[8.1925,46.3091],[8.2815,46.3701],[8.2974,46.3875],[8.2866,46.4053],[8.3162,46.4336],[8.3991,46.4521],[8.4278,46.4486],[8.4457,46.4123],[8.4232,46.2758],[8.4381,46.2353],[8.5102,46.2078],[8.6018,46.1228],[8.6774,46.0957],[8.7238,46.1095],[8.8089,46.0897],[8.8343,46.0663],[8.7679,45.9830],[8.8709,45.9470],[8.9120,45.8834],[8.9000,45.8264],[8.9395,45.8348],[9.0024,45.8207],[9.0630,45.8989],[9.0107,45.9266],[8.9805,45.9643],[9.0155,45.9931],[9.0021,46.0393],[9.0591,46.0617],[9.0905,46.1381],[9.1632,46.1722],[9.1813,46.2040],[9.2248,46.2311],[9.2751,46.3313],[9.2609,46.4166],[9.2379,46.4365],[9.2823,46.4973],[9.3508,46.4978],[9.3846,46.4664],[9.4346,46.4983],[9.4443,46.3752],[9.4826,46.3568],[9.5364,46.2986],[9.6743,46.2918],[9.7084,46.3117],[9.7201,46.3508],[9.7680,46.3386],[9.9184,46.3711],[9.9640,46.3560],[9.9775,46.2981],[10.0317,46.2600],[10.0426,46.2204],[10.0757,46.2200],[10.1458,46.2433],[10.1589,46.2624],[10.0917,46.3289],[10.1407,46.4029],[10.0263,46.4462],[10.0440,46.4669],[10.0281,46.4839],[10.0327,46.5329],[10.0711,46.5643],[10.0878,46.6043],[10.1921,46.6268],[10.2337,46.6179],[10.2347,46.5752],[10.2953,46.5510],[10.4439,46.5377],[10.4659,46.5784],[10.4590,46.6235],[10.3956,46.6388],[10.3691,46.6723],[10.3943,46.7008],[10.3996,46.7355],[10.4286,46.7556],[10.4172,46.7988],[10.4449,46.8232],[10.4538,46.8644],[10.5277,46.8432],[10.6470,46.8637],[10.7389,46.8295],[10.7486,46.8194],[10.7169,46.7952],[10.7229,46.7864],[10.8341,46.7802],[10.8704,46.7640],[10.9969,46.7691],[11.0528,46.8149],[11.0919,46.9124],[11.1744,46.9638],[11.3138,46.9872],[11.4111,46.9704],[11.4718,47.0070],[11.5244,46.9883],[11.5964,47.0004],[11.6838,46.9919],[11.7348,46.9706],[11.8995,47.0277],[12.0149,47.0404],[12.1806,47.0852],[12.2041,47.0796],[12.2035,47.0533],[12.1111,46.9929],[12.1416,46.9279],[12.1268,46.9088],[12.2666,46.8681],[12.2691,46.7885],[12.3426,46.7651],[12.3703,46.7111],[12.4050,46.6901],[12.5473,46.6521],[12.7398,46.6429],[12.8304,46.6096],[13.1464,46.5849],[13.2311,46.5521],[13.4780,46.5635],[13.5067,46.5469],[13.7009,46.5197],[13.6774,46.4520],[13.6001,46.4426],[13.5300,46.3883],[13.4340,46.3538],[13.3652,46.2903],[13.4101,46.2079],[13.4374,46.2109],[13.4228,46.2286],[13.4683,46.2234],[13.5590,46.1841],[13.6373,46.1803],[13.6450,46.1617],[13.6164,46.1250],[13.5050,46.0660],[13.4822,46.0448],[13.4900,46.0255],[13.4617,46.0063],[13.5094,45.9674],[13.6058,45.9854],[13.6228,45.9663],[13.5692,45.8645],[13.5659,45.8303],[13.5812,45.8092],[13.7787,45.7434],[13.8584,45.6493],[13.8946,45.6318],[13.8477,45.5846],[13.7117,45.5932],[13.7301,45.6131],[13.8081,45.6143],[13.7392,45.6491],[13.7576,45.6549],[13.7536,45.6723],[13.7262,45.7037],[13.6289,45.7726],[13.5742,45.7896],[13.5512,45.7924],[13.5241,45.7600],[13.5283,45.7405],[13.5549,45.7372],[13.4017,45.6754],[13.3767,45.6831],[13.4314,45.7068],[13.4226,45.7240],[13.3693,45.7446],[13.2548,45.7560],[13.2155,45.7787],[13.1496,45.7515],[13.1193,45.7719],[13.1081,45.7582],[13.1228,45.7372],[13.0805,45.7276],[13.0750,45.6968],[13.1496,45.7037],[13.0849,45.6419],[12.9438,45.6285],[12.7807,45.5535],[12.4236,45.4380],[12.4103,45.4362],[12.4309,45.4840],[12.4514,45.4982],[12.4719,45.4859],[12.4650,45.5044],[12.5151,45.4927],[12.5214,45.5189],[12.5817,45.5528],[12.5372,45.5358],[12.5066,45.5733],[12.4419,45.5303],[12.4514,45.5119],[12.4035,45.5181],[12.3967,45.5392],[12.3841,45.5230],[12.4240,45.4982],[12.3504,45.5048],[12.3095,45.4889],[12.2526,45.4362],[12.2461,45.4113],[12.2589,45.3952],[12.2452,45.3610],[12.2238,45.3539],[12.2321,45.3405],[12.2163,45.3162],[12.1544,45.3134],[12.1490,45.2921],[12.1806,45.2580],[12.1993,45.2746],[12.1974,45.2996],[12.2172,45.2938],[12.2248,45.2511],[12.2111,45.2429],[12.2304,45.2042],[12.2663,45.1966],[12.3073,45.2306],[12.2980,45.2153],[12.3210,45.1723],[12.3284,45.1010],[12.3073,45.1078],[12.3073,45.1283],[12.2967,45.0885],[12.3408,45.0814],[12.3762,45.0389],[12.3551,45.0246],[12.3688,45.0109],[12.3865,45.0387],[12.3688,45.0656],[12.4861,44.9765],[12.4991,44.9837],[12.4860,44.9911],[12.5026,44.9914],[12.5338,44.9700],[12.5127,44.9223],[12.4990,44.9214],[12.4873,44.8622],[12.4445,44.8205],[12.4240,44.8546],[12.4383,44.9011],[12.4069,44.8913],[12.3916,44.8588],[12.4165,44.8511],[12.3967,44.8334],[12.4240,44.8205],[12.4161,44.8032],[12.3756,44.7922],[12.3029,44.8429],[12.2663,44.8266],[12.2800,44.8205],[12.2465,44.7116],[12.2858,44.6026],[12.2837,44.4876],[12.3182,44.3611],[12.3688,44.2506],[12.5109,44.1145],[12.5742,44.0855],[12.6608,44.0082],[12.7538,43.9723],[12.7407,43.8978],[12.6799,43.8450],[12.6215,43.8465],[12.5877,43.8954],[12.5508,43.8779],[12.5423,43.9034],[12.4830,43.9292],[12.4821,43.9825],[12.3956,43.9484],[12.3856,43.9245],[12.4211,43.8951],[12.4202,43.8781],[12.3514,43.8699],[12.3350,43.8279],[12.2849,43.7946],[12.2858,43.7688],[12.2138,43.7629],[12.1852,43.7428],[12.1310,43.7640],[12.0677,43.7543],[11.9686,43.7731],[11.8849,43.8154],[11.8130,43.8244],[11.7088,43.8848],[11.7085,43.9195],[11.6533,43.9864],[11.6511,44.0127],[11.6848,44.0267],[11.7202,44.0702],[11.7414,44.1317],[11.6444,44.1174],[11.5937,44.1258],[11.6041,44.1625],[11.4959,44.1664],[11.4318,44.2271],[11.4025,44.2349],[11.2911,44.1707],[11.2002,44.1566],[11.2030,44.1382],[11.2551,44.1190],[11.2293,44.1027],[11.0414,44.0918],[11.0012,44.1126],[11.0150,44.1369],[10.9907,44.1399],[10.9192,44.0678],[10.7073,44.1620],[10.6454,44.1568],[10.6105,44.1257],[10.5821,44.1231],[10.4839,44.1868],[10.4712,44.2245],[10.4001,44.2358],[10.3509,44.2749],[10.2878,44.2823],[10.2490,44.2698],[10.1993,44.3182],[10.0726,44.3521],[9.9912,44.4065],[10.0019,44.4326],[9.9898,44.4480],[9.8663,44.4829],[9.8202,44.4644],[9.7513,44.3892],[9.6869,44.3636],[9.7518,44.3055],[9.8520,44.2525],[9.8617,44.1859],[9.9022,44.1998],[9.8986,44.1663],[9.9681,44.1599],[9.9898,44.1176],[10.0531,44.0995],[10.0284,44.0492],[9.9885,44.0597],[9.9627,44.0446],[9.8447,44.1086],[9.8195,44.0930],[9.8475,44.0724],[9.8332,44.0520],[9.8463,44.0462],[9.8322,44.0423],[9.8198,44.0633],[9.6826,44.1365],[9.6211,44.1482],[9.4843,44.2438],[9.4367,44.2394],[9.3745,44.2717],[9.3676,44.2944],[9.2306,44.3537],[9.2107,44.3053],[9.1466,44.3285],[9.1300,44.3633],[9.1020,44.3739],[8.7623,44.4321],[8.4660,44.3042],[8.4445,44.2838],[8.4353,44.2404],[8.4118,44.2270],[8.4082,44.1935],[8.2846,44.1482],[8.2331,44.1035],[8.2163,44.0452],[8.1526,43.9832],[8.1679,43.9564],[7.9597,43.8528],[7.6949,43.7912],[7.5022,43.7922],[7.4778,43.8655],[7.6086,43.9756]],[[12.2385,43.7988],[12.2331,43.8126],[12.1775,43.8216],[12.1708,43.8046],[12.1993,43.7804],[12.2385,43.7988]]],[[[12.4309,45.4156],[12.3762,45.4225],[12.3214,45.3480],[12.3718,45.4248],[12.3891,45.4335],[12.4309,45.4156]]],[[[12.3165,45.4430],[12.3298,45.4588],[12.3637,45.4496],[12.3372,45.4273],[12.3165,45.4430]]]]}},{"type":"Feature","properties":{"zone":"IT_CNOR","eic":"10Y1001A1001A70O","name":"IT-Centre-North BZ","country":"IT"},"geometry":{"type":"MultiPolygon","coordinates":[[[[10.2970,42.3448],[10.3159,42.3407],[10.3132,42.3239],[10.2944,42.3280],[10.2970,42.3448]]],[[[10.9089,42.3252],[10.8618,42.3662],[10.8829,42.3921],[10.9134,42.3752],[10.9397,42.3306],[10.9089,42.3252]]],[[[10.0717,42.5727],[10.0503,42.5819],[10.0843,42.6146],[10.0979,42.5838],[10.0717,42.5727]]],[[[10.4300,42.7875],[10.3888,42.7634],[10.4251,42.7407],[10.4306,42.7221],[10.4155,42.7088],[10.3379,42.7648],[10.3137,42.7429],[10.3045,42.7597],[10.2653,42.7445],[10.2453,42.7572],[10.2351,42.7359],[10.1472,42.7372],[10.1067,42.7573],[10.1014,42.7840],[10.1582,42.8172],[10.2421,42.8031],[10.2658,42.8044],[10.2721,42.8273],[10.3268,42.8262],[10.3221,42.8117],[10.3473,42.8058],[10.4123,42.8733],[10.4433,42.8454],[10.4300,42.7875]]],[[[9.8229,43.0084],[9.8014,43.0078],[9.7845,43.0284],[9.8257,43.0746],[9.8548,43.0442],[9.8229,43.0084]]],[[[10.5465,42.9347],[10.5185,42.9252],[10.4995,42.9404],[10.4775,42.9900],[10.5171,43.0239],[10.5390,43.0794],[10.5465,43.1471],[10.5281,43.2467],[10.4370,43.3885],[10.3172,43.4926],[10.2640,43.8093],[10.2101,43.9202],[10.1058,44.0167],[10.0284,44.0492],[10.0531,44.0995],[9.9898,44.1176],[9.9681,44.1599],[9.8986,44.1663],[9.9022,44.1998],[9.8617,44.1859],[9.8520,44.2525],[9.7518,44.3055],[9.6869,44.3636],[9.7513,44.3892],[9.8356,44.4762],[9.8966,44.4795],[9.9898,44.4480],[10.0019,44.4326],[9.9912,44.4065],[10.0726,44.3521],[10.1993,44.3182],[10.2490,44.2698],[10.2878,44.2823],[10.3509,44.2749],[10.4001,44.2358],[10.4712,44.2245],[10.4839,44.1868],[10.5821,44.1231],[10.6105,44.1257],[10.6454,44.1568],[10.7073,44.1620],[10.9192,44.0678],[10.9907,44.1399],[11.0150,44.1369],[11.0012,44.1126],[11.0414,44.0918],[11.2293,44.1027],[11.2551,44.1190],[11.2030,44.1382],[11.2002,44.1566],[11.2911,44.1707],[11.4025,44.2349],[11.4318,44.2271],[11.4959,44.1664],[11.6041,44.1625],[11.5937,44.1258],[11.6444,44.1174],[11.7414,44.1317],[11.7202,44.0702],[11.6848,44.0267],[11.6511,44.0127],[11.6533,43.9864],[11.7085,43.9195],[11.7088,43.8848],[11.8130,43.8244],[11.8849,43.8154],[11.9686,43.7731],[12.0677,43.7543],[12.1310,43.7640],[12.1852,43.7428],[12.2138,43.7629],[12.2858,43.7688],[12.2849,43.7946],[12.3350,43.8279],[12.3514,43.8699],[12.3876,43.8837],[12.4171,43.8754],[12.4211,43.8951],[12.4604,43.8952],[12.4830,43.9292],[12.5423,43.9034],[12.5550,43.8752],[12.5877,43.8954],[12.6215,43.8465],[12.6749,43.8433],[12.7407,43.8978],[12.7538,43.9723],[12.8039,43.9668],[12.9288,43.9158],[13.2532,43.7031],[13.4733,43.6120],[13.5161,43.6317],[13.5788,43.5729],[13.6155,43.5604],[13.6169,43.5313],[13.8348,43.1272],[13.9055,42.9015],[13.7191,42.8630],[13.6649,42.8114],[13.5363,42.8111],[13.4901,42.7441],[13.4437,42.7287],[13.4115,42.6951],[13.3375,42.6876],[13.2679,42.7446],[13.1944,42.7346],[13.1877,42.6903],[13.1538,42.6450],[13.0593,42.6237],[13.0175,42.6315],[12.9992,42.6088],[12.9019,42.6096],[12.8791,42.5903],[12.8801,42.5646],[12.7176,42.4940],[12.7221,42.454],[12.6520,42.4438],[12.6121,42.4631],[12.5926,42.4010],[12.5330,42.3684],[12.5098,42.3894],[12.4387,42.3890],[12.4515,42.4210],[12.4173,42.4284],[12.3935,42.4625],[12.3428,42.4919],[12.3006,42.4899],[12.2802,42.5104],[12.2715,42.5661],[12.2454,42.5855],[12.2358,42.6475],[12.1523,42.6758],[12.1287,42.6573],[12.0251,42.6455],[11.9543,42.6874],[11.9279,42.7165],[11.9734,42.7602],[11.8890,42.8503],[11.8080,42.8133],[11.7692,42.8203],[11.7504,42.8063],[11.8071,42.7425],[11.7889,42.7109],[11.7869,42.6512],[11.7538,42.6432],[11.6711,42.5770],[11.6205,42.5601],[11.5881,42.5661],[11.5659,42.5161],[11.6078,42.4873],[11.5985,42.4451],[11.4871,42.4304],[11.4514,42.3743],[11.3766,42.4068],[11.3330,42.4005],[11.2273,42.4221],[11.2043,42.4109],[11.1838,42.3662],[11.1559,42.3662],[11.0867,42.4183],[11.0991,42.4428],[11.1641,42.4398],[11.1796,42.4564],[11.1868,42.5208],[11.1584,42.5640],[11.1286,42.5580],[11.0778,42.6322],[11.0057,42.6679],[10.9900,42.7102],[10.9436,42.7429],[10.7312,42.8044],[10.7649,42.8352],[10.7776,42.8947],[10.7635,42.9182],[10.6324,42.9584],[10.5390,42.9491],[10.5465,42.9347]]],[[[12.2372,43.8099],[12.1993,43.7804],[12.1708,43.8046],[12.1775,43.8216],[12.2372,43.8099]]]]}},{"type":"Feature","properties":{"zone":"IT_CSUD","eic":"10Y1001A1001A71M","name":"IT-Centre-South BZ","country":"IT"},"geometry":{"type":"MultiPolygon","coordinates":[[[[13.8820,40.6995],[13.8491,40.7152],[13.8701,40.7487],[13.8628,40.7623],[13.9658,40.7350],[13.9658,40.7152],[13.9446,40.7016],[13.8820,40.6995]]],[[[13.4147,40.7858],[13.4241,40.8002],[13.4319,40.8014],[13.4147,40.7858]]],[[[13.7218,41.2523],[13.5944,41.2531],[13.5636,41.2379],[13.5754,41.2080],[13.5439,41.2066],[13.5144,41.2296],[13.4996,41.2217],[13.3243,41.2948],[13.2858,41.2957],[13.1870,41.2780],[13.1145,41.2508],[13.0905,41.2265],[13.0446,41.2275],[12.9795,41.331],[12.8935,41.3993],[12.8415,41.4184],[12.7485,41.4237],[12.6539,41.4656],[12.6352,41.4474],[12.4480,41.6307],[12.3271,41.7113],[12.2390,41.7362],[12.1701,41.8795],[12.0388,41.9651],[12.0203,41.9930],[11.9168,42.0379],[11.8274,42.0341],[11.7501,42.1279],[11.6582,42.2793],[11.5390,42.3488],[11.4514,42.3743],[11.4719,42.4185],[11.6018,42.4473],[11.6078,42.4873],[11.5659,42.5161],[11.5881,42.5661],[11.6205,42.5601],[11.6711,42.5770],[11.7538,42.6432],[11.7869,42.6512],[11.7889,42.7109],[11.8071,42.7425],[11.7504,42.8063],[11.7692,42.8203],[11.8080,42.8133],[11.8890,42.8503],[11.9734,42.7602],[11.9279,42.7165],[11.9543,42.6874],[12.0251,42.6455],[12.1287,42.6573],[12.1523,42.6758],[12.2358,42.6475],[12.2454,42.5855],[12.2715,42.5661],[12.2802,42.5104],[12.3006,42.4899],[12.3428,42.4919],[12.3935,42.4625],[12.4173,42.4284],[12.4515,42.4210],[12.4387,42.3890],[12.5098,42.3894],[12.5330,42.3684],[12.5926,42.4010],[12.6121,42.4631],[12.6520,42.4438],[12.7221,42.454],[12.7176,42.4940],[12.8801,42.5646],[12.8791,42.5903],[12.9019,42.6096],[12.9992,42.6088],[13.0175,42.6315],[13.0593,42.6237],[13.1538,42.6450],[13.1877,42.6903],[13.1944,42.7346],[13.2679,42.7446],[13.3375,42.6876],[13.4115,42.6951],[13.4437,42.7287],[13.4901,42.7441],[13.5363,42.8111],[13.6649,42.8114],[13.7191,42.8630],[13.9055,42.9015],[13.9804,42.7303],[14.0753,42.5988],[14.2205,42.4701],[14.3873,42.3729],[14.4290,42.3217],[14.5602,42.2256],[14.7092,42.1754],[14.7295,42.0991],[14.7633,42.0779],[14.7443,42.0130],[14.6470,41.9476],[14.6445,41.9187],[14.5145,41.7861],[14.4484,41.7669],[14.4282,41.8423],[14.3767,41.8732],[14.3480,41.8620],[14.2763,41.9052],[14.1916,41.8395],[14.1606,41.8418],[14.1422,41.8241],[14.1829,41.7629],[14.0947,41.7234],[14.0629,41.7287],[14.0012,41.6874],[13.9457,41.6881],[13.9925,41.6282],[14.0086,41.5533],[14.0093,41.5246],[13.9618,41.4707],[13.9880,41.4580],[14.0314,41.3981],[14.0993,41.3895],[14.1058,41.4187],[14.0801,41.4477],[14.1208,41.4956],[14.2225,41.4948],[14.4619,41.4230],[14.4959,41.3903],[14.5556,41.3893],[14.5876,41.3701],[14.6591,41.4032],[14.7468,41.4097],[14.7795,41.4446],[14.8270,41.4256],[14.9952,41.4820],[15.0506,41.4607],[15.0996,41.4190],[15.1018,41.3906],[15.0666,41.3584],[15.0753,41.3303],[15.1282,41.3077],[15.1434,41.2746],[15.1870,41.2870],[15.2661,41.2416],[15.2028,41.1533],[15.2803,41.1038],[15.4060,41.1056],[15.5585,41.0551],[15.5762,41.0265],[15.5366,40.9332],[15.4708,40.9017],[15.3692,40.8989],[15.3658,40.8438],[15.3442,40.8206],[15.3689,40.8021],[15.3861,40.7183],[15.4351,40.6794],[15.4876,40.6618],[15.4466,40.6023],[15.5175,40.5647],[15.5395,40.5200],[15.5378,40.4846],[15.5922,40.4332],[15.7062,40.3743],[15.7135,40.3244],[15.7854,40.2688],[15.7849,40.2348],[15.6955,40.1660],[15.6967,40.1385],[15.6497,40.0808],[15.6643,40.0669],[15.6466,40.0469],[15.6242,40.0777],[15.5349,40.0777],[15.4101,39.9939],[15.3431,40.0041],[15.3143,40.0337],[15.2612,40.0293],[15.2791,40.0476],[15.2634,40.0737],[15.1272,40.1696],[15.0472,40.1689],[15.0031,40.2102],[14.9111,40.2416],[14.9069,40.2586],[14.9391,40.3070],[14.9323,40.3337],[14.9944,40.3584],[14.9982,40.3975],[14.8888,40.5730],[14.8097,40.6529],[14.7522,40.6767],[14.6904,40.6491],[14.6132,40.6459],[14.5713,40.6177],[14.4865,40.6326],[14.3426,40.5706],[14.3298,40.5844],[14.3377,40.6244],[14.3873,40.6369],[14.4763,40.6951],[14.4606,40.7442],[14.3944,40.7615],[14.2942,40.8387],[14.2236,40.8313],[14.2034,40.8012],[14.0825,40.8312],[14.0825,40.7835],[14.0476,40.7895],[14.0522,40.8375],[14.0213,40.9218],[13.9653,40.9964],[13.9179,41.0236],[13.9106,41.0646],[13.8517,41.1473],[13.7218,41.2523]],[[12.4530,41.9039],[12.4540,41.9027],[12.4539,41.9038],[12.4530,41.9039]]]]}},{"type":"Feature","properties":{"zone":"IT_SUD","eic":"10Y1001A1001A788","name":"IT-South BZ","country":"IT"},"geometry":{"type":"Polygon","coordinates":[[[15.7131,39.9810],[15.6466,40.0469],[15.6643,40.0669],[15.6497,40.0808],[15.6930,40.1305],[15.6955,40.1660],[15.7754,40.2198],[15.7891,40.2618],[15.7169,40.3184],[15.7012,40.3795],[15.5984,40.4285],[15.5378,40.4846],[15.5395,40.5200],[15.5175,40.5647],[15.4455,40.6056],[15.4876,40.6618],[15.4351,40.6794],[15.3861,40.7183],[15.3689,40.8021],[15.3442,40.8206],[15.3658,40.8438],[15.3692,40.8989],[15.4708,40.9017],[15.5366,40.9332],[15.5779,41.0110],[15.5585,41.0551],[15.4060,41.1056],[15.2803,41.1038],[15.2028,41.1533],[15.2527,41.2071],[15.2446,41.2264],[15.2660,41.2354],[15.2624,41.2475],[15.1786,41.2890],[15.1434,41.2746],[15.1282,41.3077],[15.0753,41.3303],[15.0666,41.3584],[15.1018,41.3906],[15.0970,41.4258],[14.9952,41.4820],[14.8270,41.4256],[14.7795,41.4446],[14.7468,41.4097],[14.6591,41.4032],[14.5876,41.3701],[14.5556,41.3893],[14.4959,41.3903],[14.4619,41.4230],[14.2664,41.4851],[14.1208,41.4956],[14.0801,41.4477],[14.1090,41.3926],[14.0350,41.3961],[13.9618,41.4707],[14.0093,41.5246],[14.0086,41.5533],[13.9925,41.6282],[13.9457,41.6881],[14.0012,41.6874],[14.0629,41.7287],[14.0947,41.7234],[14.1829,41.7629],[14.1422,41.8241],[14.1606,41.8418],[14.1916,41.8395],[14.2763,41.9052],[14.3480,41.8620],[14.3767,41.8732],[14.4282,41.8423],[14.4484,41.7669],[14.5145,41.7861],[14.6445,41.9187],[14.6470,41.9476],[14.7443,42.0130],[14.7633,42.0779],[14.8711,42.0318],[14.9936,42.0106],[15.0451,41.9689],[15.1653,41.9278],[15.4460,41.9069],[15.6113,41.9280],[15.7744,41.9212],[16.0271,41.9440],[16.1404,41.9199],[16.1608,41.8926],[16.1792,41.8932],[16.1928,41.7909],[16.1457,41.7488],[15.9253,41.6400],[15.9000,41.6146],[15.8963,41.5364],[15.9336,41.4794],[16.0216,41.4278],[16.5206,41.2501],[16.5939,41.2069],[17.0571,41.0818],[17.2763,40.9802],[17.3479,40.9120],[17.4760,40.8301],[17.7483,40.7476],[17.8439,40.6941],[17.9558,40.6704],[17.9549,40.6469],[18.0070,40.6507],[18.0432,40.6019],[18.0374,40.5569],[18.1199,40.5045],[18.2382,40.4576],[18.4372,40.2678],[18.5161,40.1392],[18.5161,40.1044],[18.4835,40.0551],[18.4340,40.0225],[18.4113,39.9788],[18.3925,39.9160],[18.3891,39.8170],[18.3683,39.7966],[18.3383,39.8001],[18.2820,39.8331],[18.2112,39.8393],[18.0715,39.9115],[17.9953,39.9952],[18.0202,40.0101],[18.0157,40.0362],[17.9674,40.0573],[18.0029,40.0744],[18.0109,40.0960],[17.9260,40.1762],[17.8996,40.2490],[17.9127,40.2553],[17.8631,40.2856],[17.5120,40.3036],[17.3994,40.331],[17.2002,40.4203],[17.2430,40.4413],[17.2478,40.4573],[17.2275,40.4744],[17.2957,40.4732],[17.3232,40.4984],[17.2617,40.4887],[17.2685,40.4961],[17.2474,40.5028],[17.1899,40.4818],[17.1560,40.5123],[17.0495,40.5191],[16.9760,40.4926],[16.9121,40.4452],[16.7827,40.3015],[16.7307,40.2006],[16.6400,40.1187],[16.4211,40.1327],[16.3876,40.0007],[16.3440,39.9352],[16.3542,39.9008],[16.3077,39.9359],[16.2627,39.9421],[16.1973,39.9145],[16.0689,39.9066],[16.0110,39.9540],[16.0212,39.9868],[15.9819,39.9789],[15.9463,40.0056],[15.9035,39.9855],[15.8411,40.0039],[15.7765,39.9653],[15.7458,39.9246],[15.7131,39.9810]]]}},{"type":"Feature","properties":{"zone":"IT_CALA","eic":"10Y1001C--00096J","name":"IT-Calabria BZ","country":"IT"},"geometry":{"type":"Polygon","coordinates":[[[16.5695,38.4295],[16.4670,38.3487],[16.3398,38.3008],[16.1694,38.1432],[16.1108,37.9736],[16.0631,37.9326],[16.0009,37.9190],[15.9421,37.9330],[15.7614,37.9252],[15.6844,37.9535],[15.6351,38.0091],[15.6584,38.0425],[15.6240,38.0921],[15.6477,38.1431],[15.6328,38.2202],[15.6505,38.2410],[15.7864,38.2780],[15.8128,38.3006],[15.9047,38.4739],[15.9160,38.5503],[15.8354,38.6282],[15.8365,38.6489],[16.0026,38.7254],[16.1525,38.7309],[16.2009,38.7764],[16.2216,38.8565],[16.2146,38.9190],[16.1543,38.9550],[16.0830,39.0752],[16.0340,39.3452],[15.9953,39.4387],[15.9331,39.5136],[15.8762,39.5514],[15.8064,39.6955],[15.7697,39.8301],[15.7819,39.8685],[15.7458,39.9246],[15.7765,39.9653],[15.8411,40.0039],[15.9035,39.9855],[15.9371,40.0056],[15.9819,39.9789],[16.0212,39.9868],[16.0110,39.9540],[16.0689,39.9066],[16.1973,39.9145],[16.2627,39.9421],[16.3077,39.9359],[16.3542,39.9008],[16.3440,39.9352],[16.3876,40.0007],[16.4211,40.1327],[16.6400,40.1187],[16.6047,40.0844],[16.5969,40.0467],[16.6316,39.9662],[16.5422,39.8854],[16.4917,39.8054],[16.4897,39.7752],[16.5285,39.7215],[16.5156,39.6896],[16.6248,39.6253],[16.7824,39.6116],[16.8462,39.5526],[17.0114,39.4861],[17.0885,39.4225],[17.1587,39.4061],[17.1222,39.3383],[17.1145,39.2693],[17.1456,39.2106],[17.1245,39.0908],[17.1584,39.0404],[17.2063,39.0294],[17.1723,39.0051],[17.1723,38.9605],[17.1040,38.8990],[17.0949,38.9191],[17.0219,38.9059],[16.9572,38.9400],[16.8385,38.9181],[16.7277,38.8788],[16.5856,38.7978],[16.5348,38.6998],[16.5490,38.6899],[16.5769,38.5285],[16.5695,38.4295]]]}},{"type":"Feature","properties":{"zone":"IT_SICI","eic":"10Y1001A1001A75E","name":"IT-Sicily BZ","country":"IT"},"geometry":{"type":"MultiPolygon","coordinates":[[[[12.6212,35.4923],[12.5983,35.4943],[12.5261,35.5166],[12.6237,35.5119],[12.6212,35.4923]]],[[[12.8569,35.8522],[12.8470,35.8683],[12.8670,35.8722],[12.8767,35.8558],[12.8569,35.8522]]],[[[11.9961,36.7449],[11.9373,36.7887],[11.9222,36.8283],[11.9513,36.8427],[11.9873,36.8241],[11.9995,36.8359],[12.0376,36.8066],[12.0534,36.7676],[12.0306,36.7413],[11.9961,36.7449]]],[[[14.1263,37.1122],[13.8943,37.1008],[13.8326,37.1395],[13.7158,37.1713],[13.5691,37.2735],[13.4526,37.2988],[13.2780,37.3937],[13.2532,37.4317],[13.1740,37.4870],[13.0263,37.4932],[13.0000,37.5354],[12.9426,37.5685],[12.6593,37.5651],[12.5778,37.6520],[12.5061,37.6655],[12.4270,37.7970],[12.4650,37.8228],[12.4786,37.8811],[12.4641,37.9129],[12.5029,37.9970],[12.4929,38.0214],[12.5763,38.0717],[12.6084,38.0624],[12.6624,38.1162],[12.7046,38.1108],[12.7253,38.1259],[12.7199,38.1754],[12.7317,38.1927],[12.7609,38.1809],[12.8183,38.0779],[12.9011,38.0280],[13.0613,38.0834],[13.0713,38.0955],[13.0546,38.1418],[13.1009,38.1900],[13.2072,38.1760],[13.2390,38.2070],[13.3181,38.2206],[13.3719,38.1727],[13.3913,38.1031],[13.5135,38.1105],[13.5412,38.0940],[13.5473,38.0562],[13.6511,38.0009],[13.7907,37.9736],[14.0205,38.0493],[14.0832,38.0238],[14.2732,38.0151],[14.4318,38.0493],[14.4641,38.0371],[14.5117,38.0443],[14.6346,38.0814],[14.7337,38.1576],[14.9070,38.1876],[14.9449,38.1817],[14.9697,38.1592],[15.0490,38.1518],[15.0879,38.1282],[15.1774,38.1563],[15.2407,38.2411],[15.2371,38.2647],[15.2453,38.2172],[15.2918,38.2070],[15.3996,38.2325],[15.5286,38.3026],[15.6516,38.2752],[15.5696,38.2269],[15.5599,38.1997],[15.5759,38.2001],[15.5003,38.0849],[15.2130,37.7614],[15.2202,37.7067],[15.1638,37.5676],[15.0966,37.4944],[15.0966,37.3436],[15.1106,37.3218],[15.2174,37.2849],[15.2519,37.2577],[15.2612,37.2338],[15.2448,37.2461],[15.2202,37.2201],[15.2216,37.2374],[15.2054,37.2446],[15.1834,37.2074],[15.2164,37.1552],[15.2475,37.1586],[15.2291,37.1496],[15.2465,37.1182],[15.3032,37.1012],[15.3027,37.0624],[15.2879,37.0689],[15.2837,37.0484],[15.3210,37.0402],[15.3323,37.0116],[15.3089,37.0177],[15.2680,37.0004],[15.2680,36.9730],[15.1746,36.9440],[15.1583,36.9242],[15.0940,36.7995],[15.1349,36.6876],[15.1145,36.6598],[15.0735,36.6591],[15.0210,36.6993],[14.9824,36.6888],[14.8821,36.7306],[14.7807,36.6993],[14.6845,36.7260],[14.6589,36.7538],[14.5822,36.7813],[14.4873,36.7933],[14.3945,36.9450],[14.2788,37.0440],[14.1263,37.1122]]],[[[12.3142,37.9463],[12.3688,37.9252],[12.3576,37.9140],[12.2996,37.9192],[12.2732,37.9395],[12.3142,37.9463]]],[[[12.0304,37.9843],[12.0644,37.9862],[12.0792,37.9502],[12.0476,37.9607],[12.0304,37.9843]]],[[[13.1767,38.6930],[13.1578,38.7098],[13.1959,38.7114],[13.1767,38.6930]]],[[[15.0073,38.3776],[14.9868,38.3640],[14.9482,38.3964],[14.9588,38.4329],[15.0073,38.3776]]],[[[14.9660,38.5162],[14.9588,38.5018],[14.9793,38.4813],[14.9526,38.4813],[14.9663,38.4534],[14.8994,38.4816],[14.9096,38.5153],[14.9660,38.5162]]],[[[14.3427,38.5472],[14.3608,38.5390],[14.3464,38.5351],[14.3427,38.5472]]],[[[14.8514,38.5849],[14.8769,38.5695],[14.8616,38.5392],[14.7937,38.5716],[14.8514,38.5849]]],[[[14.5854,38.5574],[14.5424,38.5868],[14.5639,38.5845],[14.5854,38.5574]]],[[[15.2246,38.7768],[15.2060,38.7752],[15.1870,38.7927],[15.2346,38.8078],[15.2246,38.7768]]]]}},{"type":"Feature","properties":{"zone":"IT_SARD","eic":"10Y1001A1001A74G","name":"IT-Sardinia BZ","country":"IT"},"geometry":{"type":"MultiPolygon","coordinates":[[[[8.4764,39.0697],[8.4370,38.9671],[8.4098,38.9618],[8.3492,39.0621],[8.3460,39.0977],[8.3603,39.1181],[8.4445,39.1027],[8.4580,39.0680],[8.4764,39.0697]]],[[[8.2693,39.1001],[8.2246,39.1570],[8.2299,39.1727],[8.3058,39.1933],[8.3120,39.1203],[8.3058,39.1045],[8.2693,39.1001]]],[[[8.5520,39.0567],[8.5044,39.0629],[8.5180,39.0834],[8.4827,39.0803],[8.4650,39.1194],[8.4422,39.1181],[8.4353,39.1659],[8.4095,39.1693],[8.3717,39.2306],[8.4321,39.3018],[8.4172,39.3390],[8.3740,39.3788],[8.4050,39.4271],[8.3868,39.4697],[8.4633,39.5768],[8.4460,39.7625],[8.5169,39.7021],[8.5657,39.7010],[8.5044,39.7215],[8.5452,39.7829],[8.5180,39.7625],[8.5520,39.8207],[8.5452,39.8785],[8.4941,39.9124],[8.4630,39.9141],[8.4353,39.8989],[8.4633,39.8989],[8.4353,39.8580],[8.4375,39.8767],[8.3945,39.9126],[8.4070,40.0222],[8.3772,40.0337],[8.4597,40.0573],[8.4873,40.0895],[8.4596,40.2160],[8.4760,40.2921],[8.4412,40.3314],[8.3859,40.3517],[8.3904,40.4423],[8.3655,40.4921],[8.3317,40.5106],[8.3120,40.5780],[8.2673,40.5940],[8.2163,40.5706],[8.1959,40.5780],[8.2163,40.6122],[8.1933,40.6174],[8.1617,40.5637],[8.1530,40.5777],[8.1406,40.6251],[8.1738,40.6415],[8.1974,40.6912],[8.1338,40.7289],[8.2153,40.8814],[8.2097,40.9144],[8.1788,40.9281],[8.1823,40.9452],[8.2021,40.9752],[8.2290,40.9625],[8.2331,40.9101],[8.3102,40.8506],[8.5205,40.8269],[8.5983,40.8529],[8.6409,40.8964],[8.7091,40.9206],[8.7644,40.9138],[8.8225,40.9473],[8.8811,41.0236],[8.9226,41.0367],[9.0055,41.1218],[9.1418,41.1527],[9.1634,41.1841],[9.1710,41.2429],[9.2306,41.2626],[9.2680,41.2366],[9.2674,41.2019],[9.2783,41.1950],[9.2853,41.2217],[9.2853,41.1950],[9.3125,41.2012],[9.3330,41.1875],[9.3352,41.2116],[9.3881,41.1807],[9.4223,41.1807],[9.4087,41.1603],[9.4428,41.1329],[9.4428,41.0919],[9.4690,41.1461],[9.5239,41.1497],[9.5247,41.1329],[9.5595,41.1261],[9.5622,41.0971],[9.5459,41.0777],[9.5390,41.0919],[9.5118,41.0162],[9.5322,41.0162],[9.5247,41.0305],[9.5431,41.0369],[9.5527,41.0094],[9.6157,41.0195],[9.6626,41.0026],[9.6512,40.9911],[9.5875,40.9957],[9.5711,40.9348],[9.5042,40.9269],[9.5732,40.9063],[9.6421,40.9206],[9.6141,40.8933],[9.6557,40.8760],[9.6632,40.8582],[9.6831,40.8654],[9.7239,40.8449],[9.681,40.8297],[9.6897,40.8107],[9.6578,40.7998],[9.7039,40.7594],[9.7444,40.6804],[9.7565,40.5951],[9.8264,40.5296],[9.7617,40.3906],[9.7124,40.3664],[9.6261,40.2630],[9.6311,40.1961],[9.6546,40.1445],[9.7322,40.0839],[9.6872,39.9611],[9.6966,39.9337],[9.7177,39.9337],[9.6843,39.8942],[9.6966,39.8518],[9.6702,39.7937],[9.6762,39.7180],[9.6511,39.6524],[9.6530,39.5668],[9.6284,39.5017],[9.6448,39.4839],[9.6020,39.3556],[9.6035,39.3262],[9.6346,39.2969],[9.5818,39.2663],[9.5675,39.2381],[9.5799,39.1870],[9.5664,39.1492],[9.5227,39.1249],[9.5185,39.1045],[9.4963,39.1336],[9.4428,39.1244],[9.2921,39.2212],[9.2163,39.2280],[9.1660,39.1870],[9.1368,39.1943],[9.0730,39.2485],[9.0139,39.2639],[9.0378,39.2271],[9.0798,39.2245],[9.0183,39.1461],[9.0187,39.1039],[9.0449,39.0512],[9.0257,38.9953],[9.0046,38.9953],[8.8532,38.8779],[8.8054,38.9059],[8.8054,38.8854],[8.7666,38.9203],[8.7165,38.9326],[8.6687,38.9105],[8.6409,38.8643],[8.6428,38.8899],[8.5998,38.8990],[8.6154,38.9475],[8.6032,38.9649],[8.5800,38.9605],[8.5520,39.0567]]],[[[8.2096,40.9957],[8.2288,41.0417],[8.2756,41.0697],[8.2778,41.1056],[8.3020,41.1050],[8.3261,41.1261],[8.3413,41.0741],[8.2511,41.0437],[8.2464,40.9936],[8.2096,40.9957]]],[[[9.4795,41.2241],[9.4703,41.1721],[9.4370,41.1859],[9.4599,41.2423],[9.4795,41.2241]]],[[[9.3730,41.2219],[9.3979,41.2560],[9.4274,41.2540],[9.4353,41.2170],[9.3730,41.2219]]]]}}]}